Timestamp,Machine_ID,Operator_ID,Engine_Hours,Fuel_Used_L,Load_Cycles,Idling_Time_min,Seatbelt_Status,Proximity_Hazard,Safety_Alert_Triggered,Working_Condition,Incident_Logged,Unsafe_Operation,Task_Type,Weather,Operator_Skill,Machine_Age_yrs,Estimated_Time_min,Actual_Time_min
2025-05-01 08:00:00,EXC003,OP1003,1877.8,6.52,12,22.6,Fastened,No,No,Normal,No,No,Material Loading,Sunny,Intermediate,3,32.2,29.5
2025-05-01 08:30:00,LOD002,OP1009,2652.1,5.89,9,43.1,Fastened,No,No,Normal,No,No,Demolition,Sunny,Intermediate,6,91.9,99.8
2025-05-01 09:00:00,LOD001,OP1005,3023.4,4.01,5,11.6,Fastened,No,No,Low Visibility,No,No,Trenching,Cloudy,Intermediate,4,48.1,45.0
2025-05-01 09:30:00,EXC005,OP1008,4211.7,5.52,10,16.6,Fastened,Yes,Yes,Dry Ground,No,Yes,Grading,Sunny,Intermediate,7,37.5,42.2
2025-05-01 10:00:00,EXC001,OP1007,1525.2,5.64,11,18.4,Fastened,No,No,Normal,No,No,Earth Excavation,Cloudy,Beginner,2,76.9,77.1
2025-05-01 10:30:00,EXC001,OP1008,1527.2,5.9,10,23.2,Fastened,No,No,Low Visibility,No,No,Grading,Cloudy,Intermediate,2,37.4,38.4
2025-05-01 11:00:00,EXC001,OP1007,1528.3,6.4,12,35.3,Fastened,No,No,Normal,No,No,Earth Excavation,Cloudy,Intermediate,2,62.6,69.1
2025-05-01 11:30:00,LOD002,OP1003,2652.3,5.65,10,3.0,Fastened,Yes,Yes,Normal,No,Yes,Demolition,Sunny,Intermediate,6,93.3,96.8
2025-05-01 12:00:00,EXC005,OP1002,4213.9,7.23,13,29.8,Fastened,No,No,Normal,No,No,Earth Excavation,Sunny,Intermediate,7,66.0,65.5
2025-05-01 12:30:00,EXC005,OP1007,4214.9,7.07,8,55.5,Fastened,No,No,Dry Ground,No,No,Grading,Sunny,Intermediate,7,36.7,42.2
2025-05-01 13:00:00,EXC001,OP1003,1529.7,7.1,13,48.9,Fastened,No,Yes,Reduced Visibility,No,No,Earth Excavation,Rainy,Intermediate,2,68.7,77.7
2025-05-01 13:30:00,LOD002,OP1003,2652.5,6.68,13,16.7,Fastened,No,No,Normal,No,No,Earth Excavation,Sunny,Intermediate,6,60.7,61.8
2025-05-01 14:00:00,LOD001,OP1002,3024.7,9.78,20,61.9,Fastened,No,No,Dusty,No,No,Material Loading,Windy,Intermediate,4,32.8,44.6
2025-05-01 14:30:00,EXC002,OP1004,2142.7,5.54,7,28.9,Fastened,Yes,Yes,Low Visibility,Yes,Yes,Trenching,Cloudy,Beginner,4,57.5,60.7
2025-05-01 15:00:00,EXC002,OP1008,2143.5,6.6,11,38.7,Fastened,No,No,Normal,No,No,Earth Excavation,Windy,Intermediate,4,65.9,75.7
2025-05-01 15:30:00,EXC002,OP1001,2144.6,5.99,11,17.8,Fastened,Yes,Yes,Normal,No,Yes,Trenching,Sunny,Intermediate,4,46.9,52.2
2025-05-01 16:00:00,EXC002,OP1001,2146.4,4.68,5,29.3,Fastened,No,No,Dry Ground,No,No,Grading,Sunny,Intermediate,4,34.7,39.8
2025-05-01 16:30:00,EXC004,OP1005,1347.7,6.99,14,26.4,Fastened,No,No,Normal,No,No,Material Loading,Windy,Intermediate,5,34.5,45.5
2025-05-01 17:00:00,EXC003,OP1005,1878.9,6.06,13,14.5,Fastened,No,No,Normal,No,No,Earth Excavation,Sunny,Expert,3,55.9,57.3
2025-05-01 17:30:00,EXC002,OP1001,2147.3,6.67,12,26.2,Fastened,No,No,Dry Ground,No,No,Grading,Sunny,Expert,4,30.4,27.9
2025-05-01 18:00:00,EXC005,OP1006,4217.3,4.76,6,19.6,Fastened,No,No,Normal,No,No,Earth Excavation,Sunny,Intermediate,7,66.7,71.7
2025-05-01 18:30:00,EXC001,OP1001,1531.4,5.98,11,31.0,Fastened,No,No,Dusty,No,No,Material Loading,Windy,Expert,2,25.4,32.8
2025-05-01 19:00:00,EXC002,OP1005,2147.8,4.68,5,34.9,Fastened,No,No,Low Visibility,No,No,Earth Excavation,Cloudy,Intermediate,4,67.7,67.0
2025-05-01 19:30:00,EXC003,OP1009,1879.3,8.53,17,17.3,Fastened,No,No,Low Visibility,No,No,Material Loading,Cloudy,Intermediate,3,32.8,35.1
2025-05-01 20:00:00,EXC004,OP1005,1349.0,7.59,12,57.8,Fastened,No,Yes,Reduced Visibility,No,No,Earth Excavation,Rainy,Expert,5,67.0,81.1
2025-05-01 20:30:00,LOD001,OP1006,3025.4,5.36,10,30.9,Fastened,No,No,Dry Ground,No,No,Demolition,Sunny,Expert,4,79.3,85.8
2025-05-01 21:00:00,EXC002,OP1008,2148.6,6.04,8,36.3,Fastened,No,No,Slippery,No,No,Trenching,Rainy,Expert,4,48.3,63.5
2025-05-01 21:30:00,EXC004,OP1001,1351.2,9.28,17,39.7,Fastened,No,No,Normal,No,No,Earth Excavation,Sunny,Intermediate,5,67.6,71.3
2025-05-01 22:00:00,EXC005,OP1002,4217.7,6.17,9,32.4,Fastened,No,Yes,Reduced Visibility,No,No,Earth Excavation,Rainy,Beginner,7,84.5,99.9
2025-05-01 22:30:00,EXC001,OP1009,1533.3,4.4,6,19.3,Unfastened,No,Yes,Normal,No,Yes,Demolition,Sunny,Intermediate,2,92.2,95.1
2025-05-01 23:00:00,EXC005,OP1003,4218.5,6.92,16,2.0,Fastened,No,No,Normal,No,No,Material Loading,Sunny,Intermediate,7,28.7,32.4
2025-05-01 23:30:00,EXC002,OP1006,2150.5,5.03,8,27.7,Fastened,No,No,Low Visibility,No,No,Grading,Cloudy,Intermediate,4,33.2,33.8
2025-05-02 00:00:00,EXC001,OP1005,1535.1,5.27,8,35.1,Fastened,No,No,Normal,No,No,Demolition,Sunny,Expert,2,83.3,87.9
2025-05-02 00:30:00,LOD002,OP1002,2652.7,4.8,6,36.8,Fastened,No,No,Normal,No,No,Demolition,Cloudy,Intermediate,6,96.2,92.7
2025-05-02 01:00:00,LOD002,OP1007,2654.1,5.26,9,13.6,Fastened,No,No,Normal,No,No,Grading,Sunny,Intermediate,6,35.4,39.8
2025-05-02 01:30:00,LOD001,OP1004,3026.0,5.91,11,10.8,Fastened,No,No,Dry Ground,No,No,Earth Excavation,Sunny,Intermediate,4,62.6,60.5
2025-05-02 02:00:00,EXC002,OP1001,2152.7,5.78,11,16.8,Fastened,No,No,Low Visibility,No,No,Grading,Cloudy,Intermediate,4,39.6,40.2
2025-05-02 02:30:00,EXC001,OP1004,1537.3,6.71,11,28.6,Fastened,No,No,Low Visibility,No,No,Earth Excavation,Cloudy,Beginner,2,74.1,77.1
2025-05-02 03:00:00,EXC005,OP1006,4219.7,5.22,7,26.4,Fastened,No,No,Dry Ground,No,No,Grading,Sunny,Expert,7,34.0,42.0
2025-05-02 03:30:00,EXC003,OP1007,1880.5,5.91,10,21.0,Fastened,No,No,Normal,No,No,Grading,Cloudy,Intermediate,3,39.8,44.2
2025-05-02 04:00:00,EXC001,OP1007,1538.2,5.51,8,33.3,Fastened,No,No,Normal,No,No,Grading,Sunny,Beginner,2,44.2,46.8
2025-05-02 04:30:00,EXC004,OP1007,1353.1,7.01,12,35.5,Fastened,No,No,Normal,No,No,Material Loading,Sunny,Expert,5,28.0,29.9
2025-05-02 05:00:00,EXC001,OP1003,1539.2,6.06,10,36.3,Fastened,No,No,Normal,No,No,Material Loading,Sunny,Expert,2,32.5,37.8
2025-05-02 05:30:00,LOD002,OP1006,2654.9,6.52,9,43.0,Fastened,No,No,Normal,Yes,No,Demolition,Windy,Expert,6,89.5,99.4
2025-05-02 06:00:00,EXC002,OP1008,2153.9,7.29,13,25.0,Fastened,No,No,Low Visibility,No,No,Earth Excavation,Cloudy,Expert,4,53.2,48.4
2025-05-02 06:30:00,EXC005,OP1004,4220.1,5.28,11,7.5,Fastened,No,No,Normal,No,No,Trenching,Sunny,Intermediate,7,52.3,51.2
2025-05-02 07:00:00,EXC003,OP1008,1882.4,6.9,15,23.7,Fastened,No,No,Low Visibility,No,No,Material Loading,Cloudy,Expert,3,26.5,36.7
2025-05-02 07:30:00,EXC004,OP1002,1353.3,6.23,9,55.5,Fastened,Yes,Yes,Slippery,No,Yes,Demolition,Rainy,Beginner,5,117.0,137.6
2025-05-02 08:00:00,EXC004,OP1010,1355.0,5.88,9,49.7,Fastened,No,No,Normal,No,No,Earth Excavation,Sunny,Expert,5,55.7,59.8
2025-05-02 08:30:00,EXC002,OP1009,2154.5,4.98,7,36.8,Fastened,No,Yes,Reduced Visibility,No,No,Earth Excavation,Rainy,Intermediate,4,75.4,97.3
2025-05-02 09:00:00,LOD002,OP1009,2655.6,5.96,10,28.1,Fastened,No,No,Dry Ground,No,No,Earth Excavation,Sunny,Beginner,6,72.2,70.5
2025-05-02 09:30:00,LOD001,OP1008,3027.6,6.6,11,43.4,Fastened,No,No,Wet Ground,No,No,Earth Excavation,Rainy,Intermediate,4,66.4,83.5
2025-05-02 10:00:00,LOD002,OP1010,2658.1,4.21,7,10.9,Fastened,No,No,Normal,No,No,Demolition,Cloudy,Intermediate,6,97.4,89.8
2025-05-02 10:30:00,LOD002,OP1010,2660.1,7.0,13,30.6,Fastened,No,No,Normal,No,No,Grading,Sunny,Intermediate,6,36.5,44.8
2025-05-02 11:00:00,EXC005,OP1001,4220.8,8.39,15,32.1,Fastened,No,No,Normal,No,No,Material Loading,Sunny,Beginner,7,35.9,39.7
2025-05-02 11:30:00,LOD002,OP1002,2660.7,9.3,20,30.9,Fastened,No,No,Normal,No,No,Material Loading,Windy,Expert,6,28.8,37.9
2025-05-02 12:00:00,EXC001,OP1006,1541.4,6.23,10,35.3,Fastened,Yes,Yes,Wet Ground,No,Yes,Grading,Rainy,Beginner,2,45.2,69.1
2025-05-02 12:30:00,EXC002,OP1010,2155.7,6.29,12,15.7,Fastened,No,No,Normal,No,No,Earth Excavation,Cloudy,Intermediate,4,66.5,65.8
2025-05-02 13:00:00,EXC001,OP1005,1542.0,4.98,8,17.5,Fastened,No,No,Dry Ground,No,No,Trenching,Sunny,Expert,2,39.6,41.0
2025-05-02 13:30:00,EXC003,OP1009,1884.6,7.72,15,38.1,Fastened,Yes,Yes,Dry Ground,No,Yes,Material Loading,Sunny,Intermediate,3,31.4,37.1
2025-05-02 14:00:00,EXC003,OP1005,1886.7,6.55,12,17.6,Fastened,No,No,Normal,No,No,Earth Excavation,Sunny,Intermediate,3,62.3,67.4
2025-05-02 14:30:00,EXC002,OP1002,2158.2,3.32,4,9.9,Fastened,No,No,Normal,No,No,Trenching,Sunny,Beginner,4,52.0,58.4
2025-05-02 15:00:00,LOD001,OP1010,3029.9,5.84,10,20.2,Fastened,No,No,Normal,No,No,Trenching,Cloudy,Intermediate,4,45.9,46.9
2025-05-02 15:30:00,EXC003,OP1004,1888.8,8.35,18,31.4,Fastened,No,Yes,Strong Wind,No,No,Earth Excavation,Windy,Expert,3,60.3,71.9
2025-05-02 16:00:00,EXC002,OP1009,2158.5,6.11,9,36.6,Unfastened,No,Yes,Low Visibility,No,Yes,Earth Excavation,Cloudy,Expert,4,52.9,64.0
2025-05-02 16:30:00,EXC004,OP1001,1355.4,5.32,9,27.0,Fastened,No,No,Dry Ground,No,No,Grading,Sunny,Expert,5,39.1,37.5
2025-05-02 17:00:00,EXC001,OP1001,1543.5,5.22,8,19.6,Fastened,No,No,Low Visibility,No,No,Earth Excavation,Cloudy,Beginner,2,70.8,71.8
2025-05-02 17:30:00,LOD001,OP1007,3031.3,5.32,8,24.2,Fastened,No,No,Dusty,No,No,Demolition,Windy,Intermediate,4,99.9,111.5
2025-05-02 18:00:00,EXC001,OP1003,1544.7,6.19,13,21.4,Fastened,No,Yes,Reduced Visibility,Yes,No,Earth Excavation,Rainy,Intermediate,2,72.6,78.5
2025-05-02 18:30:00,LOD002,OP1010,2661.8,5.44,6,27.5,Fastened,No,No,Low Visibility,No,No,Grading,Cloudy,Intermediate,6,37.7,39.7
2025-05-02 19:00:00,LOD001,OP1002,3032.5,3.89,3,26.0,Fastened,No,Yes,Strong Wind,No,No,Demolition,Windy,Intermediate,4,99.8,102.9
2025-05-02 19:30:00,EXC002,OP1009,2160.0,2.65,1,25.2,Fastened,No,No,Slippery,No,No,Demolition,Rainy,Intermediate,4,103.6,115.1
2025-05-02 20:00:00,EXC001,OP1003,1544.9,5.92,10,28.9,Fastened,No,No,Dry Ground,Yes,No,Demolition,Sunny,Intermediate,2,92.1,89.1
2025-05-02 20:30:00,LOD001,OP1002,3033.3,4.43,5,52.8,Fastened,No,No,Dry Ground,No,No,Trenching,Sunny,Intermediate,4,45.2,50.3
2025-05-02 21:00:00,EXC005,OP1008,4222.2,5.01,7,43.1,Fastened,Yes,Yes,Normal,No,Yes,Trenching,Windy,Intermediate,7,58.2,74.0
2025-05-02 21:30:00,LOD001,OP1010,3035.2,5.26,7,21.0,Fastened,No,No,Normal,No,No,Trenching,Cloudy,Expert,4,42.8,47.2
2025-05-02 22:00:00,LOD001,OP1006,3035.8,6.59,14,18.1,Fastened,No,No,Normal,No,No,Earth Excavation,Sunny,Intermediate,4,55.6,64.1
2025-05-02 22:30:00,EXC001,OP1006,1546.4,6.52,13,5.9,Fastened,No,No,Low Visibility,No,No,Earth Excavation,Cloudy,Expert,2,59.6,58.8
2025-05-02 23:00:00,EXC003,OP1010,1890.7,5.48,8,19.9,Fastened,Yes,Yes,Normal,Yes,Yes,Demolition,Cloudy,Expert,3,82.9,94.0
2025-05-02 23:30:00,EXC001,OP1007,1547.6,6.56,12,44.8,Unfastened,No,Yes,Strong Wind,No,Yes,Material Loading,Windy,Intermediate,2,33.4,51.6
2025-05-03 00:00:00,LOD002,OP1007,2662.1,9.45,16,55.3,Unfastened,No,Yes,Normal,No,Yes,Material Loading,Sunny,Beginner,6,40.8,56.2
2025-05-03 00:30:00,EXC005,OP1006,4223.4,5.77,9,22.7,Fastened,No,No,Normal,Yes,No,Demolition,Cloudy,Beginner,7,113.1,120.9
2025-05-03 01:00:00,EXC003,OP1004,1891.6,8.36,16,48.4,Fastened,No,No,Wet Ground,No,No,Material Loading,Rainy,Intermediate,3,34.9,46.0
2025-05-03 01:30:00,EXC001,OP1009,1549.9,4.57,6,42.2,Fastened,No,No,Dry Ground,No,No,Grading,Sunny,Intermediate,2,38.5,43.4
2025-05-03 02:00:00,EXC003,OP1006,1892.0,4.24,7,13.2,Fastened,No,No,Dry Ground,No,No,Grading,Sunny,Expert,3,36.7,38.7
2025-05-03 02:30:00,EXC003,OP1004,1893.7,7.5,16,45.4,Fastened,No,No,Dusty,No,No,Earth Excavation,Windy,Expert,3,59.7,69.5
2025-05-03 03:00:00,LOD001,OP1003,3036.1,6.36,12,28.4,Fastened,No,No,Low Visibility,No,No,Trenching,Cloudy,Beginner,4,61.5,62.1
2025-05-03 03:30:00,EXC005,OP1004,4224.7,5.15,6,21.2,Fastened,No,No,Low Visibility,No,No,Demolition,Cloudy,Expert,7,84.1,90.2
2025-05-03 04:00:00,LOD002,OP1003,2663.6,4.12,6,13.6,Fastened,No,No,Low Visibility,No,No,Demolition,Cloudy,Intermediate,6,95.6,97.9
2025-05-03 04:30:00,EXC004,OP1002,1356.3,4.64,7,22.9,Fastened,No,No,Normal,No,No,Demolition,Sunny,Expert,5,83.6,87.9
2025-05-03 05:00:00,EXC001,OP1005,1551.2,5.29,9,36.7,Fastened,No,Yes,Strong Wind,No,No,Trenching,Windy,Intermediate,2,52.7,68.5
2025-05-03 05:30:00,LOD001,OP1002,3036.7,3.45,3,35.4,Unfastened,No,Yes,Dry Ground,No,Yes,Demolition,Sunny,Beginner,4,108.3,118.9
2025-05-03 06:00:00,LOD001,OP1006,3037.6,6.43,12,8.1,Fastened,No,No,Dry Ground,No,No,Earth Excavation,Sunny,Intermediate,4,60.4,57.3
2025-05-03 06:30:00,EXC004,OP1003,1357.9,5.53,9,37.0,Fastened,No,No,Dry Ground,No,No,Earth Excavation,Sunny,Expert,5,53.3,51.6
2025-05-03 07:00:00,LOD001,OP1006,3038.5,5.21,7,37.4,Fastened,Yes,Yes,Dry Ground,No,Yes,Trenching,Sunny,Intermediate,4,42.3,49.6
2025-05-03 07:30:00,EXC004,OP1010,1360.2,6.93,12,42.5,Unfastened,No,Yes,Wet Ground,No,Yes,Material Loading,Rainy,Intermediate,5,37.8,58.4
2025-05-03 08:00:00,EXC004,OP1009,1361.8,6.76,10,43.0,Fastened,No,No,Wet Ground,No,No,Earth Excavation,Rainy,Expert,5,64.0,79.1
2025-05-03 08:30:00,EXC003,OP1001,1895.0,5.23,8,38.0,Fastened,No,No,Dusty,No,No,Trenching,Windy,Expert,3,48.1,57.1
2025-05-03 09:00:00,EXC001,OP1006,1551.5,5.47,10,19.1,Fastened,No,No,Dry Ground,No,No,Earth Excavation,Sunny,Beginner,2,66.1,68.1
2025-05-03 09:30:00,EXC001,OP1009,1552.8,6.23,12,33.1,Fastened,No,No,Slippery,No,No,Material Loading,Rainy,Expert,2,33.0,34.7
2025-05-03 10:00:00,EXC001,OP1004,1554.8,6.74,13,34.6,Unfastened,No,Yes,Low Visibility,No,Yes,Grading,Cloudy,Intermediate,2,36.6,34.6
2025-05-03 10:30:00,EXC005,OP1002,4225.5,7.03,12,48.5,Fastened,No,No,Wet Ground,No,No,Material Loading,Rainy,Intermediate,7,35.1,43.9
2025-05-03 11:00:00,EXC003,OP1004,1897.0,4.82,6,37.7,Fastened,Yes,Yes,Wet Ground,Yes,Yes,Earth Excavation,Rainy,Intermediate,3,69.4,94.8
2025-05-03 11:30:00,EXC004,OP1001,1362.6,8.33,16,19.8,Fastened,No,No,Normal,No,No,Material Loading,Sunny,Intermediate,5,31.8,41.9
2025-05-03 12:00:00,LOD002,OP1003,2665.7,5.53,9,20.1,Unfastened,No,Yes,Normal,No,Yes,Grading,Sunny,Intermediate,6,37.0,48.3
2025-05-03 12:30:00,EXC002,OP1010,2160.4,7.44,14,18.8,Fastened,No,No,Dry Ground,No,No,Material Loading,Sunny,Intermediate,4,28.5,25.6
2025-05-03 13:00:00,EXC003,OP1009,1899.2,5.3,8,16.1,Fastened,No,No,Normal,No,No,Trenching,Cloudy,Intermediate,3,49.3,57.7
2025-05-03 13:30:00,LOD001,OP1010,3039.8,8.55,18,29.1,Fastened,No,Yes,Strong Wind,Yes,No,Material Loading,Windy,Expert,4,33.9,52.5
2025-05-03 14:00:00,EXC002,OP1005,2161.3,6.66,11,29.1,Fastened,No,No,Dry Ground,No,No,Demolition,Sunny,Expert,4,83.5,89.3
2025-05-03 14:30:00,EXC001,OP1006,1555.6,6.4,12,21.5,Fastened,No,No,Normal,No,No,Earth Excavation,Sunny,Intermediate,2,62.9,71.4
2025-05-03 15:00:00,EXC002,OP1003,2162.5,4.36,5,47.1,Fastened,No,No,Normal,No,No,Trenching,Sunny,Beginner,4,53.3,58.3
2025-05-03 15:30:00,EXC002,OP1005,2165.0,5.72,8,43.9,Fastened,No,No,Wet Ground,No,No,Trenching,Rainy,Intermediate,4,61.1,73.9
2025-05-03 16:00:00,LOD002,OP1008,2666.4,8.08,16,26.9,Fastened,No,No,Dry Ground,No,No,Material Loading,Sunny,Expert,6,28.7,31.2
2025-05-03 16:30:00,LOD001,OP1006,3040.3,8.04,14,34.4,Fastened,No,No,Dry Ground,No,No,Earth Excavation,Sunny,Intermediate,4,64.5,60.7
2025-05-03 17:00:00,EXC005,OP1004,4227.0,6.23,12,17.2,Fastened,No,No,Dry Ground,No,No,Earth Excavation,Sunny,Intermediate,7,67.7,79.3
2025-05-03 17:30:00,LOD002,OP1002,2667.7,5.42,6,44.8,Fastened,Yes,Yes,Low Visibility,No,Yes,Trenching,Cloudy,Intermediate,6,47.2,58.0
2025-05-03 18:00:00,LOD001,OP1009,3041.7,3.64,4,28.3,Fastened,Yes,Yes,Normal,No,Yes,Demolition,Cloudy,Intermediate,4,98.5,93.0
2025-05-03 18:30:00,EXC002,OP1001,2166.7,6.23,9,29.3,Fastened,No,No,Slippery,No,No,Grading,Rainy,Intermediate,4,44.4,54.2
2025-05-03 19:00:00,LOD002,OP1001,2668.5,6.6,11,17.4,Fastened,No,No,Dry Ground,No,No,Material Loading,Sunny,Expert,6,29.9,33.4
2025-05-03 19:30:00,EXC004,OP1004,1364.9,5.17,10,9.6,Fastened,No,No,Low Visibility,No,No,Grading,Cloudy,Intermediate,5,40.1,38.9
2025-05-03 20:00:00,LOD001,OP1007,3042.9,6.68,12,6.0,Fastened,No,No,Normal,No,No,Earth Excavation,Sunny,Intermediate,4,60.5,64.8
2025-05-03 20:30:00,LOD002,OP1001,2669.0,5.47,7,25.5,Fastened,No,No,Normal,No,No,Demolition,Sunny,Intermediate,6,101.8,101.0
2025-05-03 21:00:00,EXC003,OP1009,1901.1,8.44,16,34.8,Fastened,No,No,Normal,No,No,Material Loading,Cloudy,Expert,3,21.4,23.5
2025-05-03 21:30:00,EXC001,OP1004,1557.3,6.06,11,2.0,Fastened,No,No,Normal,No,No,Trenching,Sunny,Intermediate,2,43.4,46.5
2025-05-03 22:00:00,EXC002,OP1003,2167.7,5.8,9,17.7,Fastened,No,No,Low Visibility,No,No,Grading,Cloudy,Intermediate,4,33.5,34.1
2025-05-03 22:30:00,EXC003,OP1001,1902.7,5.49,10,15.8,Fastened,No,No,Normal,No,No,Grading,Sunny,Intermediate,3,41.2,41.8
2025-05-03 23:00:00,LOD001,OP1010,3043.6,6.23,9,29.6,Fastened,No,No,Dry Ground,No,No,Grading,Sunny,Expert,4,32.4,33.4
2025-05-03 23:30:00,LOD002,OP1004,2670.2,6.8,13,29.3,Fastened,Yes,Yes,Reduced Visibility,No,Yes,Earth Excavation,Rainy,Intermediate,6,70.3,86.9
2025-05-04 00:00:00,EXC001,OP1009,1559.5,4.23,6,25.5,Fastened,Yes,Yes,Low Visibility,No,Yes,Demolition,Cloudy,Intermediate,2,92.7,93.0
2025-05-04 00:30:00,EXC004,OP1010,1365.4,5.26,9,15.5,Fastened,No,No,Wet Ground,No,No,Demolition,Rainy,Expert,5,93.2,100.3
2025-05-04 01:00:00,EXC003,OP1006,1903.8,6.35,10,41.1,Fastened,No,No,Wet Ground,No,No,Trenching,Rainy,Expert,3,49.9,74.2
2025-05-04 01:30:00,EXC002,OP1006,2169.8,6.36,12,30.3,Fastened,No,No,Normal,No,No,Earth Excavation,Cloudy,Intermediate,4,66.5,67.0
2025-05-04 02:00:00,EXC001,OP1001,1562.0,6.3,11,50.3,Fastened,Yes,Yes,Reduced Visibility,No,Yes,Earth Excavation,Rainy,Expert,2,64.3,81.6
2025-05-04 02:30:00,EXC003,OP1010,1905.1,4.23,6,24.9,Fastened,No,No,Low Visibility,No,No,Demolition,Cloudy,Intermediate,3,93.3,98.6
2025-05-04 03:00:00,LOD002,OP1002,2671.6,7.93,16,28.8,Fastened,No,No,Normal,No,No,Material Loading,Sunny,Intermediate,6,36.4,39.4
2025-05-04 03:30:00,EXC003,OP1006,1906.6,5.45,9,21.5,Fastened,No,No,Dry Ground,No,No,Trenching,Sunny,Intermediate,3,48.7,49.5
2025-05-04 04:00:00,EXC004,OP1002,1367.8,5.09,7,38.7,Fastened,No,No,Low Visibility,No,No,Trenching,Cloudy,Beginner,5,50.7,63.7
2025-05-04 04:30:00,EXC005,OP1003,4229.2,6.09,12,15.4,Fastened,No,No,Normal,No,No,Earth Excavation,Sunny,Intermediate,7,63.6,70.0
2025-05-04 05:00:00,EXC003,OP1004,1907.2,7.04,13,29.4,Fastened,No,No,Normal,No,No,Material Loading,Sunny,Intermediate,3,27.4,37.9
2025-05-04 05:30:00,LOD002,OP1005,2672.8,6.42,9,27.7,Fastened,No,No,Normal,No,No,Trenching,Sunny,Expert,6,47.3,53.4
2025-05-04 06:00:00,LOD002,OP1009,2674.1,4.32,5,25.9,Unfastened,No,Yes,Normal,No,Yes,Demolition,Sunny,Expert,6,84.5,98.8
2025-05-04 06:30:00,EXC002,OP1004,2171.8,6.53,11,24.8,Fastened,No,No,Dry Ground,No,No,Grading,Sunny,Intermediate,4,32.3,26.9
2025-05-04 07:00:00,EXC004,OP1009,1369.3,5.28,9,9.8,Fastened,No,No,Dry Ground,No,No,Grading,Sunny,Intermediate,5,36.3,40.5
2025-05-04 07:30:00,EXC002,OP1010,2173.5,6.86,12,28.5,Fastened,No,No,Normal,No,No,Trenching,Sunny,Intermediate,4,51.6,61.6
2025-05-04 08:00:00,EXC002,OP1003,2176.0,7.41,12,48.1,Fastened,No,No,Dry Ground,No,No,Earth Excavation,Sunny,Intermediate,4,65.0,76.9
2025-05-04 08:30:00,EXC001,OP1008,1562.3,7.57,15,33.3,Fastened,No,No,Normal,No,No,Material Loading,Cloudy,Intermediate,2,30.0,28.4
2025-05-04 09:00:00,EXC005,OP1001,4229.9,3.98,4,30.3,Unfastened,Yes,Yes,Dry Ground,Yes,Yes,Trenching,Sunny,Intermediate,7,47.6,50.8
2025-05-04 09:30:00,EXC004,OP1009,1370.5,6.97,15,18.2,Fastened,Yes,Yes,Normal,No,Yes,Earth Excavation,Windy,Intermediate,5,71.0,86.1
2025-05-04 10:00:00,EXC001,OP1009,1563.3,5.58,6,52.7,Fastened,Yes,Yes,Slippery,No,Yes,Demolition,Rainy,Intermediate,2,109.8,129.1
2025-05-04 10:30:00,EXC002,OP1010,2176.2,7.1,12,38.3,Fastened,No,No,Normal,No,No,Trenching,Cloudy,Expert,4,38.7,45.2
2025-05-04 11:00:00,LOD002,OP1002,2674.5,7.65,12,49.8,Fastened,Yes,Yes,Wet Ground,No,Yes,Earth Excavation,Rainy,Expert,6,66.3,78.8
2025-05-04 11:30:00,EXC002,OP1004,2178.0,6.19,11,14.2,Fastened,No,No,Normal,No,No,Earth Excavation,Sunny,Intermediate,4,61.3,66.5
2025-05-04 12:00:00,EXC001,OP1008,1565.6,5.15,6,36.4,Fastened,No,No,Normal,No,No,Trenching,Sunny,Intermediate,2,44.4,51.4
2025-05-04 12:30:00,EXC004,OP1007,1371.9,5.47,8,27.1,Unfastened,Yes,Yes,Dusty,No,Yes,Demolition,Windy,Intermediate,5,106.1,124.5
2025-05-04 13:00:00,LOD002,OP1001,2675.9,6.11,13,10.5,Fastened,No,No,Normal,No,No,Earth Excavation,Sunny,Beginner,6,69.1,78.4
2025-05-04 13:30:00,EXC002,OP1005,2178.8,4.18,4,28.8,Unfastened,Yes,Yes,Strong Wind,No,Yes,Trenching,Windy,Intermediate,4,53.0,67.7
2025-05-04 14:00:00,EXC005,OP1007,4231.9,7.5,13,17.0,Fastened,No,No,Low Visibility,No,No,Material Loading,Cloudy,Intermediate,7,26.2,27.4
2025-05-04 14:30:00,LOD001,OP1004,3045.5,5.97,9,35.5,Fastened,No,No,Dry Ground,No,No,Trenching,Sunny,Beginner,4,51.6,54.9
2025-05-04 15:00:00,EXC002,OP1001,2180.3,5.13,10,11.2,Fastened,No,No,Normal,No,No,Earth Excavation,Cloudy,Intermediate,4,64.4,62.4
2025-05-04 15:30:00,LOD001,OP1009,3046.2,5.81,9,23.7,Fastened,No,No,Low Visibility,No,No,Earth Excavation,Cloudy,Intermediate,4,60.3,65.5
2025-05-04 16:00:00,EXC003,OP1005,1907.6,6.0,8,27.0,Fastened,Yes,Yes,Dry Ground,No,Yes,Trenching,Sunny,Beginner,3,59.9,65.3
2025-05-04 16:30:00,EXC005,OP1002,4232.2,6.91,12,39.2,Fastened,No,No,Normal,No,No,Earth Excavation,Sunny,Intermediate,7,62.0,59.6
2025-05-04 17:00:00,EXC005,OP1008,4233.8,6.28,10,27.0,Fastened,No,Yes,Reduced Visibility,No,No,Earth Excavation,Rainy,Expert,7,64.1,82.2
2025-05-04 17:30:00,EXC004,OP1002,1374.0,7.13,14,13.2,Fastened,No,No,Normal,No,No,Grading,Cloudy,Expert,5,32.0,31.6
2025-05-04 18:00:00,EXC001,OP1003,1567.7,6.3,11,30.8,Fastened,No,No,Normal,No,No,Earth Excavation,Sunny,Beginner,2,72.1,71.1
2025-05-04 18:30:00,LOD001,OP1010,3047.5,5.06,6,31.2,Unfastened,No,Yes,Normal,No,Yes,Grading,Sunny,Intermediate,4,39.1,46.8
2025-05-04 19:00:00,EXC003,OP1001,1909.6,4.6,5,45.2,Unfastened,No,Yes,Slippery,No,Yes,Grading,Rainy,Expert,3,36.0,59.8
2025-05-04 19:30:00,EXC002,OP1002,2182.7,9.2,17,58.4,Fastened,No,No,Low Visibility,No,No,Material Loading,Cloudy,Beginner,4,37.9,48.6
2025-05-04 20:00:00,EXC001,OP1007,1568.6,4.95,5,39.9,Fastened,No,No,Normal,No,No,Trenching,Cloudy,Expert,2,43.7,43.3
2025-05-04 20:30:00,EXC005,OP1010,4234.9,7.09,12,41.9,Fastened,No,Yes,Strong Wind,No,No,Earth Excavation,Windy,Intermediate,7,65.0,87.3
2025-05-04 21:00:00,EXC005,OP1002,4237.2,4.86,7,2.0,Fastened,No,No,Normal,No,No,Grading,Sunny,Expert,7,33.3,43.5
2025-05-04 21:30:00,EXC001,OP1006,1569.6,7.73,14,57.7,Fastened,No,No,Normal,No,No,Material Loading,Cloudy,Expert,2,26.5,34.4
2025-05-04 22:00:00,EXC004,OP1003,1376.3,7.83,15,54.4,Fastened,No,No,Slippery,No,No,Material Loading,Rainy,Intermediate,5,31.6,43.1
2025-05-04 22:30:00,EXC002,OP1004,2185.2,5.36,8,48.2,Unfastened,No,Yes,Slippery,No,Yes,Earth Excavation,Rainy,Intermediate,4,72.4,89.0
2025-05-04 23:00:00,EXC005,OP1008,4239.0,4.73,5,27.2,Fastened,No,No,Normal,No,No,Demolition,Sunny,Intermediate,7,99.3,103.1
2025-05-04 23:30:00,EXC002,OP1003,2187.2,5.44,10,32.5,Fastened,No,No,Dry Ground,No,No,Earth Excavation,Sunny,Beginner,4,71.9,77.4
2025-05-05 00:00:00,EXC005,OP1010,4240.9,5.13,5,48.2,Fastened,No,No,Wet Ground,No,No,Trenching,Rainy,Intermediate,7,47.7,55.7
2025-05-05 00:30:00,EXC003,OP1006,1911.4,4.18,7,8.1,Fastened,No,No,Normal,No,No,Trenching,Sunny,Intermediate,3,45.0,37.7
2025-05-05 01:00:00,LOD002,OP1001,2676.8,5.79,10,45.5,Fastened,No,No,Dusty,No,No,Earth Excavation,Windy,Beginner,6,76.3,83.9
2025-05-05 01:30:00,EXC001,OP1007,1569.9,8.36,17,29.8,Fastened,No,No,Dry Ground,No,No,Material Loading,Sunny,Intermediate,2,35.9,35.1
2025-05-05 02:00:00,EXC003,OP1008,1912.4,5.16,8,43.3,Fastened,No,No,Dry Ground,No,No,Grading,Sunny,Expert,3,31.4,37.6
2025-05-05 02:30:00,EXC001,OP1008,1571.6,7.03,11,30.3,Fastened,No,No,Normal,No,No,Grading,Sunny,Beginner,2,36.2,51.8
2025-05-05 03:00:00,LOD002,OP1003,2677.3,6.74,8,55.3,Fastened,No,No,Wet Ground,No,No,Demolition,Rainy,Intermediate,6,109.6,118.9
2025-05-05 03:30:00,LOD002,OP1010,2677.5,6.51,11,31.7,Fastened,No,No,Dusty,No,No,Material Loading,Windy,Intermediate,6,36.3,39.9
2025-05-05 04:00:00,EXC002,OP1001,2187.8,5.87,13,13.5,Fastened,No,No,Low Visibility,No,No,Material Loading,Cloudy,Intermediate,4,32.4,43.6
2025-05-05 04:30:00,EXC005,OP1009,4242.7,6.91,11,40.0,Fastened,No,Yes,Strong Wind,No,No,Earth Excavation,Windy,Intermediate,7,66.9,80.2
2025-05-05 05:00:00,LOD001,OP1006,3049.9,7.85,15,13.2,Fastened,No,No,Normal,No,No,Material Loading,Sunny,Expert,4,26.7,24.5
2025-05-05 05:30:00,EXC004,OP1009,1378.7,6.83,11,31.4,Fastened,No,No,Dry Ground,No,No,Earth Excavation,Sunny,Intermediate,5,65.3,67.8
2025-05-05 06:00:00,EXC004,OP1007,1380.1,6.68,10,37.3,Fastened,No,Yes,Reduced Visibility,No,No,Trenching,Rainy,Intermediate,5,54.6,74.1
2025-05-05 06:30:00,EXC002,OP1001,2190.0,6.0,8,32.9,Fastened,Yes,Yes,Wet Ground,No,Yes,Trenching,Rainy,Beginner,4,68.0,85.7
2025-05-05 07:00:00,EXC001,OP1001,1573.5,5.17,9,31.4,Fastened,No,No,Wet Ground,No,No,Trenching,Rainy,Intermediate,2,53.1,62.2
2025-05-05 07:30:00,LOD002,OP1006,2678.8,7.96,13,48.0,Fastened,No,No,Slippery,No,No,Material Loading,Rainy,Expert,6,28.3,40.5
2025-05-05 08:00:00,LOD002,OP1005,2680.4,5.7,8,9.7,Fastened,No,No,Dry Ground,No,No,Demolition,Sunny,Intermediate,6,94.8,92.8
2025-05-05 08:30:00,EXC005,OP1009,4243.2,5.96,12,2.0,Fastened,No,No,Normal,No,No,Trenching,Sunny,Intermediate,7,46.5,48.4
2025-05-05 09:00:00,EXC003,OP1002,1914.8,5.81,8,55.3,Fastened,No,No,Normal,No,No,Demolition,Windy,Beginner,3,110.5,119.7
2025-05-05 09:30:00,EXC003,OP1008,1915.8,7.24,12,33.7,Fastened,No,No,Normal,No,No,Grading,Sunny,Expert,3,32.8,40.4
2025-05-05 10:00:00,LOD001,OP1005,3051.1,8.11,14,42.4,Fastened,No,No,Normal,No,No,Material Loading,Sunny,Beginner,4,34.6,40.4
2025-05-05 10:30:00,LOD002,OP1002,2682.1,7.94,17,23.4,Fastened,No,No,Normal,No,No,Material Loading,Cloudy,Expert,6,29.9,33.9
2025-05-05 11:00:00,LOD002,OP1010,2683.1,6.7,14,18.1,Fastened,No,No,Normal,No,No,Earth Excavation,Sunny,Intermediate,6,69.1,77.2
2025-05-05 11:30:00,LOD001,OP1006,3051.9,6.47,10,49.2,Fastened,No,No,Wet Ground,No,No,Grading,Rainy,Intermediate,4,41.5,52.7
2025-05-05 12:00:00,EXC005,OP1010,4244.9,6.63,14,15.2,Fastened,No,No,Dry Ground,No,No,Material Loading,Sunny,Intermediate,7,35.2,34.0
2025-05-05 12:30:00,EXC001,OP1008,1573.8,3.94,3,53.6,Unfastened,No,Yes,Reduced Visibility,No,Yes,Demolition,Rainy,Beginner,2,120.8,132.4
2025-05-05 13:00:00,EXC002,OP1004,2191.8,6.56,14,9.6,Fastened,No,No,Normal,No,No,Material Loading,Cloudy,Intermediate,4,33.4,34.6
2025-05-05 13:30:00,LOD002,OP1002,2684.5,7.04,11,36.1,Fastened,No,No,Normal,No,No,Grading,Cloudy,Intermediate,6,38.6,37.6
2025-05-05 14:00:00,EXC005,OP1005,4246.5,6.15,8,32.5,Fastened,No,No,Low Visibility,No,No,Grading,Cloudy,Beginner,7,45.2,49.5
2025-05-05 14:30:00,EXC001,OP1002,1575.4,4.56,4,37.8,Fastened,No,No,Dry Ground,No,No,Trenching,Sunny,Expert,2,40.9,47.7
2025-05-05 15:00:00,EXC001,OP1002,1576.8,6.87,12,55.1,Fastened,No,No,Normal,No,No,Earth Excavation,Cloudy,Beginner,2,76.8,77.6
2025-05-05 15:30:00,EXC005,OP1006,4248.0,5.54,8,28.8,Fastened,No,No,Normal,No,No,Trenching,Cloudy,Intermediate,7,51.5,52.9
2025-05-05 16:00:00,EXC001,OP1010,1578.6,5.55,11,9.9,Fastened,No,No,Low Visibility,No,No,Material Loading,Cloudy,Intermediate,2,31.9,35.4
2025-05-05 16:30:00,EXC002,OP1009,2193.8,6.15,12,6.3,Fastened,No,No,Dry Ground,No,No,Earth Excavation,Sunny,Intermediate,4,65.1,61.5
2025-05-05 17:00:00,EXC004,OP1004,1381.9,5.51,7,34.3,Fastened,No,No,Normal,No,No,Demolition,Sunny,Intermediate,5,94.9,97.8
2025-05-05 17:30:00,EXC005,OP1006,4250.2,8.54,18,26.4,Fastened,No,No,Normal,No,No,Material Loading,Sunny,Intermediate,7,35.5,43.0
2025-05-05 18:00:00,EXC005,OP1007,4250.9,3.97,5,17.3,Fastened,No,No,Low Visibility,No,No,Demolition,Cloudy,Intermediate,7,95.6,104.9
2025-05-05 18:30:00,EXC002,OP1006,2194.9,8.49,15,42.3,Fastened,No,No,Dry Ground,No,No,Grading,Sunny,Intermediate,4,42.8,49.6
2025-05-05 19:00:00,LOD001,OP1008,3054.3,8.43,15,47.1,Fastened,No,No,Wet Ground,No,No,Material Loading,Rainy,Intermediate,4,36.4,50.8
2025-05-05 19:30:00,EXC002,OP1004,2196.0,3.21,3,2.0,Fastened,No,No,Normal,No,No,Demolition,Cloudy,Expert,4,83.3,80.2
2025-05-05 20:00:00,EXC003,OP1001,1916.3,6.66,14,21.7,Unfastened,No,Yes,Wet Ground,No,Yes,Material Loading,Rainy,Intermediate,3,37.8,53.9
2025-05-05 20:30:00,LOD001,OP1007,3055.7,4.56,4,35.7,Fastened,No,Yes,Reduced Visibility,No,No,Demolition,Rainy,Intermediate,4,111.5,122.7
2025-05-05 21:00:00,EXC005,OP1003,4251.3,4.74,7,10.6,Fastened,No,No,Normal,No,No,Trenching,Sunny,Expert,7,40.3,43.1
2025-05-05 21:30:00,LOD001,OP1006,3056.4,5.45,9,50.7,Fastened,No,Yes,Reduced Visibility,Yes,No,Trenching,Rainy,Beginner,4,60.5,82.3
2025-05-05 22:00:00,EXC005,OP1002,4253.8,5.09,8,17.0,Fastened,No,No,Low Visibility,No,No,Trenching,Cloudy,Intermediate,7,52.6,59.7
2025-05-05 22:30:00,EXC004,OP1009,1383.4,6.94,12,31.4,Fastened,No,No,Dusty,No,No,Material Loading,Windy,Intermediate,5,35.7,45.6
2025-05-05 23:00:00,EXC001,OP1001,1579.5,6.58,11,47.7,Fastened,No,Yes,Strong Wind,No,No,Material Loading,Windy,Expert,2,28.4,46.9
2025-05-05 23:30:00,EXC003,OP1006,1918.7,8.08,16,30.8,Fastened,No,No,Normal,No,No,Material Loading,Sunny,Expert,3,27.1,32.7
2025-05-06 00:00:00,EXC002,OP1006,2198.4,6.29,9,46.8,Unfastened,No,Yes,Dry Ground,No,Yes,Trenching,Sunny,Expert,4,38.4,56.3
2025-05-06 00:30:00,EXC002,OP1005,2199.6,3.43,5,5.4,Fastened,No,No,Low Visibility,No,No,Demolition,Cloudy,Intermediate,4,93.4,92.5
2025-05-06 01:00:00,LOD002,OP1005,2685.3,6.1,8,43.2,Fastened,No,No,Normal,No,No,Material Loading,Cloudy,Intermediate,6,27.7,35.7
2025-05-06 01:30:00,EXC003,OP1001,1920.9,4.9,5,40.6,Unfastened,No,Yes,Dry Ground,No,Yes,Trenching,Sunny,Intermediate,3,45.3,52.5
2025-05-06 02:00:00,LOD002,OP1010,2687.1,7.92,17,10.9,Unfastened,No,Yes,Dry Ground,No,Yes,Material Loading,Sunny,Intermediate,6,33.8,39.3
2025-05-06 02:30:00,EXC005,OP1005,4255.6,5.62,8,30.6,Fastened,No,No,Normal,No,No,Grading,Sunny,Expert,7,32.9,41.0
2025-05-06 03:00:00,LOD001,OP1002,3058.6,5.05,6,42.0,Unfastened,Yes,Yes,Low Visibility,No,Yes,Demolition,Cloudy,Beginner,4,114.2,126.9
2025-05-06 03:30:00,EXC004,OP1007,1385.2,8.23,16,17.2,Fastened,No,No,Normal,No,No,Material Loading,Windy,Intermediate,5,32.1,45.2
2025-05-06 04:00:00,EXC004,OP1003,1386.0,6.73,11,37.0,Fastened,No,Yes,Reduced Visibility,No,No,Earth Excavation,Rainy,Expert,5,60.7,76.5
2025-05-06 04:30:00,EXC004,OP1004,1387.8,6.39,11,26.9,Fastened,Yes,Yes,Dry Ground,No,Yes,Trenching,Sunny,Expert,5,46.0,56.7
2025-05-06 05:00:00,EXC002,OP1003,2200.5,7.63,14,36.4,Fastened,No,No,Dry Ground,No,No,Material Loading,Sunny,Beginner,4,37.0,38.2
2025-05-06 05:30:00,LOD001,OP1003,3060.6,3.97,4,18.3,Fastened,No,No,Normal,No,No,Demolition,Sunny,Beginner,4,111.3,117.0
2025-05-06 06:00:00,EXC002,OP1004,2202.2,6.56,10,52.7,Fastened,No,No,Normal,No,No,Trenching,Cloudy,Intermediate,4,47.2,50.4
2025-05-06 06:30:00,EXC001,OP1005,1579.8,4.58,7,34.6,Fastened,No,No,Wet Ground,No,No,Demolition,Rainy,Intermediate,2,110.3,127.9
2025-05-06 07:00:00,EXC005,OP1001,4257.0,7.06,12,35.5,Fastened,No,No,Normal,No,No,Material Loading,Sunny,Intermediate,7,28.9,33.9
2025-05-06 07:30:00,EXC002,OP1004,2203.1,5.39,8,21.6,Fastened,No,No,Normal,No,No,Demolition,Cloudy,Intermediate,4,95.5,96.9
2025-05-06 08:00:00,LOD002,OP1008,2688.1,6.31,11,18.6,Fastened,No,Yes,Strong Wind,No,No,Earth Excavation,Windy,Expert,6,63.0,71.7
2025-05-06 08:30:00,LOD002,OP1010,2689.6,4.39,4,42.7,Fastened,No,Yes,Strong Wind,No,No,Demolition,Windy,Intermediate,6,101.6,113.9
2025-05-06 09:00:00,LOD002,OP1007,2690.6,5.1,7,28.3,Fastened,No,No,Normal,No,No,Demolition,Sunny,Intermediate,6,96.1,103.4
2025-05-06 09:30:00,EXC003,OP1009,1922.9,4.77,6,19.8,Fastened,No,No,Normal,No,No,Demolition,Sunny,Intermediate,3,96.4,104.0
2025-05-06 10:00:00,EXC001,OP1005,1580.2,4.44,7,34.0,Fastened,No,No,Dry Ground,No,No,Earth Excavation,Sunny,Intermediate,2,62.3,65.1
2025-05-06 10:30:00,LOD002,OP1010,2692.3,4.89,9,2.0,Fastened,No,No,Normal,No,No,Earth Excavation,Cloudy,Intermediate,6,65.0,64.5
2025-05-06 11:00:00,EXC003,OP1004,1924.9,9.09,19,38.0,Fastened,No,Yes,Strong Wind,No,No,Material Loading,Windy,Expert,3,33.7,49.9
2025-05-06 11:30:00,LOD002,OP1008,2694.0,6.94,12,20.6,Fastened,Yes,Yes,Dry Ground,No,Yes,Earth Excavation,Sunny,Expert,6,58.8,60.7
2025-05-06 12:00:00,LOD002,OP1009,2695.4,7.99,15,13.5,Fastened,No,No,Dry Ground,No,No,Earth Excavation,Sunny,Intermediate,6,63.6,62.6
2025-05-06 12:30:00,LOD001,OP1007,3062.9,7.31,12,43.2,Fastened,No,Yes,Strong Wind,No,No,Earth Excavation,Windy,Expert,4,60.4,77.1
2025-05-06 13:00:00,EXC002,OP1007,2204.0,8.46,18,33.1,Fastened,No,No,Wet Ground,No,No,Material Loading,Rainy,Intermediate,4,34.8,44.5
2025-05-06 13:30:00,EXC003,OP1005,1925.2,7.38,16,34.6,Fastened,No,Yes,Strong Wind,No,No,Material Loading,Windy,Intermediate,3,35.9,45.8
2025-05-06 14:00:00,LOD001,OP1004,3064.1,6.54,9,37.0,Fastened,No,No,Dry Ground,No,No,Earth Excavation,Sunny,Beginner,4,74.4,75.7
2025-05-06 14:30:00,EXC003,OP1010,1925.4,5.99,13,4.4,Unfastened,No,Yes,Dry Ground,No,Yes,Earth Excavation,Sunny,Expert,3,59.4,66.2
2025-05-06 15:00:00,EXC002,OP1001,2206.4,6.99,12,40.9,Fastened,No,No,Normal,No,No,Material Loading,Sunny,Beginner,4,37.2,42.5
2025-05-06 15:30:00,EXC004,OP1010,1388.5,7.74,17,7.6,Fastened,No,No,Normal,No,No,Material Loading,Sunny,Intermediate,5,29.9,30.2
2025-05-06 16:00:00,LOD002,OP1010,2697.4,6.69,12,26.1,Fastened,No,No,Low Visibility,No,No,Earth Excavation,Cloudy,Expert,6,59.9,60.2
2025-05-06 16:30:00,EXC005,OP1007,4259.0,4.62,8,7.0,Fastened,No,No,Dry Ground,No,No,Trenching,Sunny,Beginner,7,53.7,54.8
2025-05-06 17:00:00,EXC004,OP1001,1389.2,4.75,5,14.9,Fastened,No,No,Normal,No,No,Demolition,Sunny,Intermediate,5,95.0,100.2
2025-05-06 17:30:00,EXC001,OP1001,1581.8,5.26,8,42.8,Fastened,No,Yes,Strong Wind,No,No,Demolition,Windy,Beginner,2,118.2,134.8
2025-05-06 18:00:00,EXC005,OP1005,4259.3,4.63,6,14.4,Unfastened,Yes,Yes,Normal,No,Yes,Demolition,Sunny,Intermediate,7,99.8,112.6
2025-05-06 18:30:00,LOD002,OP1009,2698.7,3.05,2,13.7,Fastened,No,No,Slippery,No,No,Demolition,Rainy,Intermediate,6,112.4,123.2
2025-05-06 19:00:00,EXC001,OP1006,1582.1,3.56,3,17.8,Fastened,No,No,Normal,No,No,Trenching,Sunny,Intermediate,2,45.8,42.5
2025-05-06 19:30:00,EXC004,OP1003,1391.5,5.45,6,58.1,Fastened,No,No,Wet Ground,No,No,Grading,Rainy,Expert,5,40.7,62.1
2025-05-06 20:00:00,LOD002,OP1003,2701.2,5.37,9,15.1,Fastened,No,No,Normal,No,No,Trenching,Sunny,Intermediate,6,45.8,46.1
2025-05-06 20:30:00,LOD001,OP1007,3064.8,8.91,17,40.2,Fastened,No,No,Slippery,No,No,Material Loading,Rainy,Beginner,4,36.9,50.4
2025-05-06 21:00:00,EXC005,OP1006,4259.9,5.48,8,29.8,Fastened,No,No,Normal,No,No,Trenching,Sunny,Intermediate,7,49.0,50.7
2025-05-06 21:30:00,EXC005,OP1009,4261.9,8.38,15,31.7,Fastened,No,No,Dry Ground,No,No,Material Loading,Sunny,Expert,7,27.8,30.4
2025-05-06 22:00:00,EXC003,OP1006,1926.2,8.27,18,37.4,Unfastened,Yes,Yes,Reduced Visibility,No,Yes,Material Loading,Rainy,Expert,3,37.3,43.6
2025-05-06 22:30:00,EXC002,OP1005,2208.7,6.01,12,7.0,Fastened,Yes,Yes,Normal,No,Yes,Earth Excavation,Sunny,Intermediate,4,67.3,75.3
2025-05-06 23:00:00,LOD001,OP1010,3066.4,5.72,11,16.9,Unfastened,No,Yes,Normal,No,Yes,Grading,Sunny,Intermediate,4,34.3,37.1
2025-05-06 23:30:00,LOD001,OP1007,3067.4,6.91,11,51.9,Fastened,No,No,Wet Ground,No,No,Earth Excavation,Rainy,Expert,4,66.7,78.8
2025-05-07 00:00:00,LOD002,OP1001,2703.3,4.5,6,33.7,Fastened,No,Yes,Strong Wind,No,No,Trenching,Windy,Expert,6,40.4,55.2
2025-05-07 00:30:00,LOD002,OP1007,2704.6,6.06,11,4.0,Fastened,No,No,Dry Ground,No,No,Earth Excavation,Sunny,Intermediate,6,64.6,69.0
2025-05-07 01:00:00,EXC004,OP1003,1393.8,7.16,13,23.8,Fastened,No,No,Dry Ground,No,No,Trenching,Sunny,Intermediate,5,48.2,50.6
2025-05-07 01:30:00,EXC004,OP1009,1396.1,6.22,9,26.5,Fastened,No,No,Dry Ground,No,No,Earth Excavation,Sunny,Intermediate,5,60.0,68.2
2025-05-07 02:00:00,LOD001,OP1006,3068.0,5.39,7,31.0,Fastened,Yes,Yes,Normal,Yes,Yes,Demolition,Sunny,Beginner,4,108.1,116.7
2025-05-07 02:30:00,EXC005,OP1009,4262.1,4.77,4,36.3,Fastened,No,Yes,Strong Wind,No,No,Trenching,Windy,Expert,7,44.0,62.5
2025-05-07 03:00:00,EXC005,OP1005,4264.5,5.66,6,48.4,Fastened,Yes,Yes,Normal,No,Yes,Trenching,Cloudy,Intermediate,7,52.2,62.3
2025-05-07 03:30:00,LOD001,OP1007,3070.2,5.38,9,19.7,Unfastened,Yes,Yes,Normal,Yes,Yes,Trenching,Cloudy,Intermediate,4,48.8,59.7
2025-05-07 04:00:00,LOD002,OP1004,2704.9,6.82,10,33.4,Fastened,No,No,Dusty,No,No,Material Loading,Windy,Intermediate,6,38.8,44.3
2025-05-07 04:30:00,EXC003,OP1007,1928.3,6.68,12,25.5,Fastened,No,No,Low Visibility,No,No,Grading,Cloudy,Intermediate,3,32.5,33.6
2025-05-07 05:00:00,EXC003,OP1001,1929.6,9.7,20,16.9,Fastened,No,No,Normal,No,No,Material Loading,Cloudy,Intermediate,3,29.2,38.8
2025-05-07 05:30:00,EXC001,OP1007,1582.9,6.6,10,33.8,Fastened,No,No,Dry Ground,No,No,Grading,Sunny,Intermediate,2,34.2,40.3
2025-05-07 06:00:00,EXC004,OP1008,1398.4,6.22,10,29.8,Fastened,Yes,Yes,Normal,No,Yes,Demolition,Sunny,Intermediate,5,96.0,94.4
2025-05-07 06:30:00,EXC001,OP1005,1583.5,4.93,7,24.3,Fastened,No,No,Normal,No,No,Demolition,Cloudy,Intermediate,2,95.4,100.8
2025-05-07 07:00:00,EXC004,OP1002,1400.7,7.96,16,16.0,Fastened,No,No,Normal,No,No,Material Loading,Sunny,Intermediate,5,32.8,33.2
2025-05-07 07:30:00,EXC004,OP1005,1401.4,7.81,13,38.0,Fastened,No,No,Dry Ground,No,No,Earth Excavation,Sunny,Expert,5,54.8,60.0
2025-05-07 08:00:00,EXC002,OP1006,2210.3,6.17,13,18.8,Fastened,No,No,Normal,No,No,Material Loading,Sunny,Expert,4,22.4,30.9
2025-05-07 08:30:00,EXC005,OP1002,4265.3,7.57,13,26.6,Fastened,No,No,Dry Ground,No,No,Material Loading,Sunny,Intermediate,7,29.8,32.5
2025-05-07 09:00:00,EXC001,OP1006,1585.0,6.81,12,36.0,Fastened,No,No,Low Visibility,No,No,Grading,Cloudy,Expert,2,37.3,44.1
2025-05-07 09:30:00,EXC001,OP1006,1586.7,5.53,9,13.3,Fastened,No,No,Normal,No,No,Grading,Cloudy,Intermediate,2,34.9,36.7
2025-05-07 10:00:00,LOD001,OP1001,3070.9,5.01,9,11.9,Unfastened,No,Yes,Dry Ground,No,Yes,Grading,Sunny,Intermediate,4,36.9,35.8
2025-05-07 10:30:00,EXC003,OP1001,1931.0,6.0,9,55.2,Fastened,No,No,Normal,No,No,Grading,Sunny,Expert,3,32.6,36.3
2025-05-07 11:00:00,EXC001,OP1010,1588.0,6.27,12,14.7,Fastened,No,No,Low Visibility,No,No,Earth Excavation,Cloudy,Intermediate,2,63.6,65.9
2025-05-07 11:30:00,EXC004,OP1003,1401.8,6.56,9,47.6,Fastened,Yes,Yes,Normal,Yes,Yes,Earth Excavation,Sunny,Beginner,5,68.4,82.2
2025-05-07 12:00:00,LOD001,OP1010,3073.0,6.06,11,35.8,Unfastened,No,Yes,Normal,No,Yes,Earth Excavation,Cloudy,Expert,4,60.3,68.0
2025-05-07 12:30:00,EXC002,OP1010,2211.3,5.22,7,41.7,Fastened,No,No,Wet Ground,No,No,Demolition,Rainy,Expert,4,96.6,107.9
2025-05-07 13:00:00,EXC005,OP1003,4266.8,4.32,6,21.1,Fastened,No,No,Normal,No,No,Grading,Sunny,Intermediate,7,44.4,46.9
2025-05-07 13:30:00,EXC001,OP1004,1589.4,6.28,10,39.9,Fastened,No,No,Wet Ground,No,No,Grading,Rainy,Expert,2,35.8,41.5
2025-05-07 14:00:00,EXC001,OP1002,1590.8,5.58,7,28.2,Fastened,No,No,Wet Ground,No,No,Grading,Rainy,Intermediate,2,44.0,63.2
2025-05-07 14:30:00,EXC004,OP1009,1402.2,6.17,10,37.3,Fastened,No,No,Normal,No,No,Grading,Sunny,Intermediate,5,35.6,38.7
2025-05-07 15:00:00,EXC004,OP1010,1403.4,6.89,12,25.2,Fastened,No,No,Dry Ground,No,No,Demolition,Sunny,Intermediate,5,100.3,99.9
2025-05-07 15:30:00,EXC005,OP1007,4268.0,6.05,9,33.4,Fastened,No,No,Normal,No,No,Grading,Windy,Intermediate,7,42.6,52.4
2025-05-07 16:00:00,LOD001,OP1007,3074.8,6.33,12,11.4,Fastened,Yes,Yes,Normal,No,Yes,Material Loading,Sunny,Intermediate,4,27.3,32.8
2025-05-07 16:30:00,LOD002,OP1006,2707.1,7.83,15,40.8,Fastened,No,No,Slippery,Yes,No,Material Loading,Rainy,Intermediate,6,40.8,48.1
2025-05-07 17:00:00,EXC004,OP1003,1404.9,7.28,13,29.5,Fastened,Yes,Yes,Normal,No,Yes,Earth Excavation,Cloudy,Beginner,5,76.9,86.4
2025-05-07 17:30:00,EXC003,OP1006,1931.4,6.43,12,26.1,Fastened,No,No,Dry Ground,No,No,Material Loading,Sunny,Intermediate,3,29.5,37.1
2025-05-07 18:00:00,LOD001,OP1008,3075.6,4.57,3,36.1,Fastened,Yes,Yes,Dry Ground,No,Yes,Trenching,Sunny,Intermediate,4,42.0,60.2
2025-05-07 18:30:00,EXC002,OP1008,2211.8,5.65,9,34.7,Fastened,No,No,Low Visibility,No,No,Earth Excavation,Cloudy,Beginner,4,77.5,88.5
2025-05-07 19:00:00,EXC003,OP1009,1931.9,5.88,9,25.9,Fastened,No,No,Normal,No,No,Grading,Sunny,Expert,3,37.6,34.9
2025-05-07 19:30:00,EXC001,OP1001,1591.8,7.36,13,22.9,Fastened,No,No,Low Visibility,No,No,Material Loading,Cloudy,Intermediate,2,34.9,40.7
2025-05-07 20:00:00,EXC001,OP1001,1592.6,5.29,9,2.0,Fastened,Yes,Yes,Strong Wind,No,Yes,Demolition,Windy,Intermediate,2,101.8,115.5
2025-05-07 20:30:00,LOD002,OP1003,2707.8,5.84,9,42.2,Fastened,No,No,Slippery,No,No,Trenching,Rainy,Intermediate,6,56.5,72.7
2025-05-07 21:00:00,LOD001,OP1003,3075.9,7.53,15,40.0,Fastened,No,No,Dry Ground,No,No,Material Loading,Sunny,Expert,4,31.3,37.5
2025-05-07 21:30:00,EXC005,OP1010,4268.3,3.8,3,15.5,Unfastened,No,Yes,Reduced Visibility,No,Yes,Trenching,Rainy,Intermediate,7,54.6,64.5
2025-05-07 22:00:00,EXC003,OP1008,1932.3,7.04,13,33.9,Fastened,No,No,Slippery,No,No,Earth Excavation,Rainy,Intermediate,3,65.6,83.1
2025-05-07 22:30:00,EXC002,OP1010,2212.4,7.21,12,44.5,Fastened,No,Yes,Strong Wind,No,No,Trenching,Windy,Beginner,4,60.4,77.1
2025-05-07 23:00:00,EXC001,OP1001,1593.7,6.26,10,28.1,Fastened,No,No,Low Visibility,No,No,Trenching,Cloudy,Intermediate,2,48.5,48.9
2025-05-07 23:30:00,EXC002,OP1002,2213.8,5.8,10,19.6,Unfastened,No,Yes,Slippery,No,Yes,Earth Excavation,Rainy,Intermediate,4,67.5,95.7
2025-05-08 00:00:00,EXC004,OP1002,1405.4,4.36,7,7.6,Fastened,Yes,Yes,Normal,Yes,Yes,Trenching,Cloudy,Intermediate,5,42.1,53.8
2025-05-08 00:30:00,LOD001,OP1003,3077.1,6.81,13,20.0,Fastened,No,No,Dry Ground,No,No,Earth Excavation,Sunny,Expert,4,56.4,60.1
2025-05-08 01:00:00,EXC005,OP1006,4269.3,7.58,13,23.9,Fastened,No,No,Dusty,No,No,Grading,Windy,Intermediate,7,40.0,53.8
2025-05-08 01:30:00,EXC002,OP1001,2214.4,6.17,10,35.2,Fastened,No,No,Normal,No,No,Earth Excavation,Sunny,Expert,4,55.4,57.0
2025-05-08 02:00:00,LOD002,OP1002,2708.0,8.08,13,38.0,Fastened,No,No,Normal,No,No,Material Loading,Sunny,Expert,6,30.4,33.6
2025-05-08 02:30:00,LOD001,OP1001,3078.4,6.08,9,32.3,Fastened,No,No,Dusty,No,No,Grading,Windy,Expert,4,33.1,40.2
2025-05-08 03:00:00,EXC004,OP1005,1407.2,7.48,14,22.9,Unfastened,Yes,Yes,Dry Ground,No,Yes,Material Loading,Sunny,Expert,5,30.4,38.7
2025-05-08 03:30:00,EXC005,OP1007,4270.0,5.58,8,36.8,Unfastened,No,Yes,Strong Wind,No,Yes,Demolition,Windy,Expert,7,95.7,117.4
2025-05-08 04:00:00,EXC003,OP1008,1932.8,5.86,10,27.6,Unfastened,No,Yes,Wet Ground,Yes,Yes,Grading,Rainy,Intermediate,3,33.5,47.8
2025-05-08 04:30:00,EXC002,OP1010,2216.7,4.23,6,2.0,Fastened,No,No,Dry Ground,No,No,Grading,Sunny,Intermediate,4,36.2,34.7
2025-05-08 05:00:00,EXC003,OP1001,1933.7,6.36,10,46.4,Fastened,No,No,Normal,No,No,Earth Excavation,Sunny,Intermediate,3,62.4,69.0
2025-05-08 05:30:00,LOD001,OP1007,3079.1,6.37,8,51.4,Fastened,No,Yes,Reduced Visibility,Yes,No,Grading,Rainy,Expert,4,39.9,65.3
2025-05-08 06:00:00,EXC001,OP1005,1595.9,4.11,4,32.8,Fastened,No,No,Low Visibility,No,No,Grading,Cloudy,Intermediate,2,38.4,43.6
2025-05-08 06:30:00,EXC001,OP1010,1598.0,5.66,10,28.9,Fastened,No,Yes,Strong Wind,No,No,Trenching,Windy,Intermediate,2,44.3,54.4
2025-05-08 07:00:00,EXC001,OP1001,1599.2,7.56,12,66.4,Fastened,No,Yes,Reduced Visibility,Yes,No,Earth Excavation,Rainy,Beginner,2,81.2,98.7
2025-05-08 07:30:00,EXC001,OP1003,1600.6,3.95,6,8.1,Fastened,No,No,Normal,No,No,Trenching,Sunny,Expert,2,40.5,35.5
2025-05-08 08:00:00,LOD001,OP1007,3079.8,7.19,12,40.8,Fastened,No,No,Normal,No,No,Grading,Sunny,Expert,4,36.0,46.5
2025-05-08 08:30:00,EXC005,OP1010,4270.4,5.22,8,21.2,Fastened,No,Yes,Strong Wind,No,No,Trenching,Windy,Intermediate,7,48.4,55.3
2025-05-08 09:00:00,EXC004,OP1001,1408.7,5.85,6,44.6,Fastened,No,No,Low Visibility,No,No,Grading,Cloudy,Intermediate,5,37.8,43.1
2025-05-08 09:30:00,EXC001,OP1007,1601.0,6.58,13,39.2,Fastened,No,No,Normal,No,No,Earth Excavation,Sunny,Intermediate,2,63.8,70.0
2025-05-08 10:00:00,EXC004,OP1005,1409.9,7.52,13,52.2,Fastened,Yes,Yes,Reduced Visibility,Yes,Yes,Grading,Rainy,Beginner,5,50.9,66.2
2025-05-08 10:30:00,EXC004,OP1001,1412.3,5.82,11,2.6,Fastened,No,Yes,Reduced Visibility,Yes,No,Earth Excavation,Rainy,Intermediate,5,72.0,90.0
2025-05-08 11:00:00,EXC002,OP1001,2219.1,6.2,11,30.0,Fastened,No,No,Normal,No,No,Earth Excavation,Cloudy,Intermediate,4,67.8,67.2
2025-05-08 11:30:00,EXC003,OP1001,1934.4,6.82,15,31.1,Fastened,No,No,Dry Ground,No,No,Material Loading,Sunny,Expert,3,25.6,27.7
2025-05-08 12:00:00,EXC003,OP1009,1936.0,5.81,8,21.5,Fastened,No,No,Low Visibility,No,No,Earth Excavation,Cloudy,Intermediate,3,65.9,73.0
2025-05-08 12:30:00,EXC005,OP1003,4271.6,6.74,12,12.6,Fastened,No,Yes,Reduced Visibility,No,No,Earth Excavation,Rainy,Intermediate,7,76.5,81.4
2025-05-08 13:00:00,EXC005,OP1005,4273.9,6.19,9,56.9,Fastened,No,No,Normal,No,No,Earth Excavation,Windy,Expert,7,58.3,66.8
2025-05-08 13:30:00,EXC001,OP1010,1601.8,6.56,14,19.8,Fastened,No,No,Normal,No,No,Material Loading,Windy,Intermediate,2,37.0,41.2
2025-05-08 14:00:00,EXC003,OP1009,1936.2,4.58,7,32.3,Fastened,No,No,Normal,No,No,Demolition,Cloudy,Intermediate,3,90.5,96.9
2025-05-08 14:30:00,EXC005,OP1006,4274.4,6.28,11,19.3,Fastened,No,No,Wet Ground,No,No,Grading,Rainy,Intermediate,7,44.2,53.2
2025-05-08 15:00:00,EXC004,OP1009,1413.3,8.71,16,35.7,Fastened,No,No,Dusty,No,No,Material Loading,Windy,Expert,5,29.2,34.3
2025-05-08 15:30:00,LOD001,OP1008,3080.7,5.36,9,18.5,Fastened,No,No,Normal,No,No,Earth Excavation,Sunny,Intermediate,4,65.4,71.7
2025-05-08 16:00:00,EXC005,OP1008,4276.4,7.44,15,19.0,Fastened,No,No,Dry Ground,No,No,Material Loading,Sunny,Intermediate,7,33.1,38.5
2025-05-08 16:30:00,EXC002,OP1001,2220.8,7.36,12,42.5,Fastened,No,No,Slippery,No,No,Grading,Rainy,Expert,4,43.0,57.7
2025-05-08 17:00:00,EXC001,OP1009,1602.7,4.51,5,32.9,Fastened,No,No,Dry Ground,No,No,Trenching,Sunny,Expert,2,44.7,63.6
2025-05-08 17:30:00,EXC005,OP1006,4277.7,8.34,16,36.4,Fastened,No,No,Normal,No,No,Earth Excavation,Sunny,Intermediate,7,64.6,72.1
2025-05-08 18:00:00,EXC001,OP1009,1603.1,5.93,9,32.6,Fastened,No,No,Normal,No,No,Earth Excavation,Sunny,Expert,2,58.7,63.0
2025-05-08 18:30:00,EXC004,OP1003,1415.5,6.87,14,32.9,Fastened,No,No,Dry Ground,No,No,Grading,Sunny,Expert,5,32.8,39.4
2025-05-08 19:00:00,LOD002,OP1003,2710.3,4.55,5,21.3,Fastened,No,No,Normal,No,No,Trenching,Sunny,Expert,6,39.7,39.8
2025-05-08 19:30:00,EXC004,OP1006,1418.0,5.98,9,18.5,Fastened,No,No,Normal,No,No,Grading,Sunny,Expert,5,31.7,35.0
2025-05-08 20:00:00,EXC003,OP1009,1938.4,4.72,7,34.7,Fastened,No,No,Normal,No,No,Trenching,Windy,Intermediate,3,49.7,58.4
2025-05-08 20:30:00,EXC005,OP1007,4278.3,5.59,8,33.3,Fastened,Yes,Yes,Slippery,No,Yes,Earth Excavation,Rainy,Intermediate,7,64.5,78.1
2025-05-08 21:00:00,EXC004,OP1003,1418.3,5.9,9,60.7,Fastened,No,No,Wet Ground,No,No,Trenching,Rainy,Beginner,5,66.6,78.5
2025-05-08 21:30:00,EXC004,OP1003,1419.8,5.42,9,20.3,Fastened,No,No,Normal,No,No,Trenching,Sunny,Intermediate,5,47.0,43.9
2025-05-08 22:00:00,LOD002,OP1002,2712.6,7.58,13,55.4,Fastened,No,No,Wet Ground,No,No,Earth Excavation,Rainy,Expert,6,68.7,78.9
2025-05-08 22:30:00,EXC003,OP1009,1939.1,6.67,11,20.1,Fastened,No,No,Wet Ground,No,No,Earth Excavation,Rainy,Expert,3,64.4,76.7
2025-05-08 23:00:00,LOD002,OP1003,2712.9,6.17,10,34.9,Fastened,Yes,Yes,Normal,Yes,Yes,Earth Excavation,Cloudy,Intermediate,6,60.9,75.8
2025-05-08 23:30:00,LOD002,OP1005,2714.9,7.53,14,27.5,Fastened,No,No,Dry Ground,No,No,Earth Excavation,Sunny,Intermediate,6,63.8,73.5
2025-05-09 00:00:00,EXC002,OP1009,2221.2,5.51,8,14.4,Fastened,No,No,Dry Ground,No,No,Trenching,Sunny,Intermediate,4,46.4,52.9
2025-05-09 00:30:00,EXC001,OP1008,1604.3,3.19,5,14.9,Fastened,No,No,Slippery,No,No,Demolition,Rainy,Intermediate,2,103.5,115.1
2025-05-09 01:00:00,EXC001,OP1002,1606.0,6.99,15,6.7,Fastened,No,No,Normal,No,No,Material Loading,Cloudy,Expert,2,27.2,23.5
2025-05-09 01:30:00,EXC001,OP1003,1606.8,5.65,10,34.4,Fastened,No,No,Wet Ground,No,No,Material Loading,Rainy,Intermediate,2,35.3,53.6
2025-05-09 02:00:00,EXC001,OP1002,1607.2,4.99,8,33.2,Fastened,No,No,Normal,No,No,Trenching,Cloudy,Intermediate,2,39.9,39.3
2025-05-09 02:30:00,EXC005,OP1008,4280.3,5.69,9,31.5,Fastened,No,No,Dry Ground,No,No,Trenching,Sunny,Intermediate,7,49.2,58.8
2025-05-09 03:00:00,EXC001,OP1006,1608.8,6.7,11,55.0,Unfastened,No,Yes,Reduced Visibility,Yes,Yes,Earth Excavation,Rainy,Intermediate,2,72.2,92.8
2025-05-09 03:30:00,EXC003,OP1006,1941.5,7.22,16,16.4,Fastened,No,No,Dry Ground,No,No,Material Loading,Sunny,Expert,3,29.3,28.4
2025-05-09 04:00:00,LOD001,OP1009,3081.7,8.01,17,23.9,Fastened,No,No,Normal,No,No,Material Loading,Cloudy,Intermediate,4,31.3,33.9
2025-05-09 04:30:00,EXC001,OP1008,1609.2,7.24,12,43.4,Fastened,No,Yes,Strong Wind,No,No,Earth Excavation,Windy,Expert,2,65.4,75.7
2025-05-09 05:00:00,LOD001,OP1004,3083.6,7.85,14,43.4,Fastened,No,Yes,Reduced Visibility,No,No,Grading,Rainy,Intermediate,4,43.4,74.5
2025-05-09 05:30:00,EXC002,OP1004,2222.6,9.67,18,33.8,Fastened,No,No,Normal,No,No,Material Loading,Sunny,Intermediate,4,29.9,27.8
2025-05-09 06:00:00,EXC001,OP1009,1609.8,6.56,9,65.5,Fastened,No,No,Dry Ground,No,No,Trenching,Sunny,Intermediate,2,42.2,48.5
2025-05-09 06:30:00,EXC005,OP1001,4282.3,6.91,12,21.3,Unfastened,No,Yes,Normal,No,Yes,Earth Excavation,Cloudy,Expert,7,55.4,60.6
2025-05-09 07:00:00,EXC005,OP1002,4282.9,8.14,14,35.9,Fastened,No,No,Normal,No,No,Material Loading,Windy,Intermediate,7,35.9,48.5
2025-05-09 07:30:00,LOD002,OP1002,2715.7,4.98,8,23.1,Fastened,No,No,Low Visibility,No,No,Grading,Cloudy,Intermediate,6,40.4,43.8
2025-05-09 08:00:00,LOD001,OP1006,3084.0,5.83,9,16.1,Fastened,No,No,Low Visibility,No,No,Trenching,Cloudy,Beginner,4,55.8,55.2
2025-05-09 08:30:00,LOD001,OP1004,3085.1,5.82,11,21.3,Unfastened,No,Yes,Dry Ground,No,Yes,Earth Excavation,Sunny,Intermediate,4,62.2,70.2
2025-05-09 09:00:00,EXC002,OP1010,2223.8,7.25,12,45.9,Fastened,No,No,Wet Ground,No,No,Material Loading,Rainy,Beginner,4,40.2,53.8
2025-05-09 09:30:00,EXC002,OP1003,2225.2,6.21,9,35.8,Fastened,Yes,Yes,Wet Ground,No,Yes,Earth Excavation,Rainy,Intermediate,4,73.2,85.1
2025-05-09 10:00:00,LOD001,OP1003,3087.0,6.42,13,33.0,Fastened,No,No,Normal,No,No,Material Loading,Windy,Intermediate,4,31.4,37.2
2025-05-09 10:30:00,LOD001,OP1003,3089.2,9.16,19,44.4,Fastened,No,No,Dry Ground,No,No,Material Loading,Sunny,Beginner,4,35.8,46.7
2025-05-09 11:00:00,LOD002,OP1006,2716.2,7.87,14,47.2,Fastened,No,Yes,Reduced Visibility,No,No,Earth Excavation,Rainy,Beginner,6,84.4,101.3
2025-05-09 11:30:00,EXC003,OP1008,1941.9,6.2,12,28.8,Fastened,No,No,Dry Ground,No,No,Earth Excavation,Sunny,Beginner,3,72.8,70.1
2025-05-09 12:00:00,EXC003,OP1007,1942.1,8.11,16,34.0,Fastened,No,No,Low Visibility,No,No,Material Loading,Cloudy,Expert,3,26.2,33.3
2025-05-09 12:30:00,LOD001,OP1004,3089.8,6.6,9,41.0,Fastened,No,Yes,Reduced Visibility,No,No,Trenching,Rainy,Intermediate,4,50.8,66.7
2025-05-09 13:00:00,EXC003,OP1004,1943.8,5.09,9,20.7,Fastened,No,No,Normal,No,No,Earth Excavation,Sunny,Expert,3,55.8,57.7
2025-05-09 13:30:00,LOD002,OP1010,2718.1,5.05,7,6.3,Fastened,No,No,Dry Ground,No,No,Grading,Sunny,Intermediate,6,37.7,41.6
2025-05-09 14:00:00,LOD001,OP1002,3091.8,6.29,10,33.0,Fastened,Yes,Yes,Slippery,No,Yes,Trenching,Rainy,Expert,4,48.4,60.5
2025-05-09 14:30:00,EXC003,OP1001,1944.6,3.42,4,23.5,Fastened,No,No,Normal,No,No,Trenching,Cloudy,Intermediate,3,39.6,36.9
2025-05-09 15:00:00,LOD001,OP1009,3092.7,6.45,11,39.3,Fastened,No,No,Normal,No,No,Earth Excavation,Sunny,Intermediate,4,63.4,68.9
2025-05-09 15:30:00,LOD001,OP1002,3094.0,7.02,13,27.0,Fastened,No,No,Dry Ground,No,No,Material Loading,Sunny,Expert,4,35.8,42.6
2025-05-09 16:00:00,EXC001,OP1008,1610.2,5.89,8,32.5,Fastened,No,No,Normal,No,No,Trenching,Cloudy,Expert,2,45.3,48.1
2025-05-09 16:30:00,LOD002,OP1009,2719.7,5.38,6,37.7,Fastened,No,No,Normal,No,No,Demolition,Windy,Expert,6,86.9,94.5
2025-05-09 17:00:00,EXC004,OP1004,1422.3,5.91,11,18.4,Fastened,No,No,Dry Ground,No,No,Grading,Sunny,Expert,5,31.9,42.6
2025-05-09 17:30:00,LOD001,OP1008,3095.0,4.95,6,31.6,Fastened,No,Yes,Reduced Visibility,No,No,Earth Excavation,Rainy,Intermediate,4,71.2,87.8
2025-05-09 18:00:00,EXC003,OP1009,1946.5,4.86,10,24.4,Fastened,No,No,Normal,No,No,Trenching,Sunny,Intermediate,3,45.4,48.1
2025-05-09 18:30:00,LOD002,OP1010,2721.1,6.32,9,35.4,Fastened,No,No,Normal,No,No,Trenching,Sunny,Intermediate,6,44.0,47.8
2025-05-09 19:00:00,EXC003,OP1010,1947.0,7.75,17,22.2,Fastened,No,No,Normal,No,No,Material Loading,Sunny,Expert,3,25.1,24.1
2025-05-09 19:30:00,EXC001,OP1005,1611.7,6.5,12,42.8,Fastened,No,No,Slippery,No,No,Grading,Rainy,Intermediate,2,43.9,52.5
2025-05-09 20:00:00,LOD002,OP1007,2721.9,8.28,15,54.0,Fastened,No,No,Normal,No,No,Material Loading,Sunny,Expert,6,30.9,34.9
2025-05-09 20:30:00,EXC001,OP1010,1612.0,5.63,10,36.5,Fastened,No,No,Slippery,No,No,Earth Excavation,Rainy,Intermediate,2,70.0,78.1
2025-05-09 21:00:00,EXC003,OP1004,1948.7,7.35,16,11.0,Fastened,No,No,Normal,No,No,Material Loading,Cloudy,Intermediate,3,34.7,27.7
2025-05-09 21:30:00,LOD002,OP1001,2724.1,7.03,12,23.5,Fastened,Yes,Yes,Dusty,No,Yes,Earth Excavation,Windy,Intermediate,6,66.7,77.8
2025-05-09 22:00:00,LOD002,OP1003,2725.1,5.91,12,20.8,Fastened,No,No,Wet Ground,No,No,Grading,Rainy,Intermediate,6,41.6,56.3
2025-05-09 22:30:00,EXC004,OP1005,1423.4,8.57,16,52.2,Fastened,No,No,Slippery,No,No,Material Loading,Rainy,Expert,5,31.5,40.0
2025-05-09 23:00:00,EXC005,OP1003,4285.2,5.95,8,45.5,Fastened,No,No,Slippery,No,No,Trenching,Rainy,Intermediate,7,50.7,73.0
2025-05-09 23:30:00,EXC003,OP1007,1950.7,5.65,9,22.6,Fastened,No,No,Low Visibility,No,No,Trenching,Cloudy,Expert,3,42.2,44.0
2025-05-10 00:00:00,EXC002,OP1009,2227.0,6.54,11,39.6,Fastened,No,Yes,Reduced Visibility,Yes,No,Grading,Rainy,Expert,4,42.6,65.7
2025-05-10 00:30:00,EXC003,OP1006,1951.5,6.63,12,17.1,Fastened,No,No,Normal,No,No,Grading,Sunny,Intermediate,3,40.6,46.3
2025-05-10 01:00:00,EXC005,OP1010,4287.5,6.78,12,6.1,Fastened,No,No,Normal,No,No,Trenching,Sunny,Expert,7,43.7,51.5
2025-05-10 01:30:00,LOD001,OP1001,3095.6,6.17,9,33.0,Fastened,No,No,Normal,No,No,Trenching,Cloudy,Intermediate,4,47.5,54.1
2025-05-10 02:00:00,LOD001,OP1007,3097.2,7.89,16,37.1,Fastened,No,No,Dry Ground,No,No,Material Loading,Sunny,Intermediate,4,36.5,40.7
2025-05-10 02:30:00,LOD001,OP1003,3097.5,7.36,11,42.4,Fastened,No,No,Normal,No,No,Earth Excavation,Sunny,Intermediate,4,61.7,64.7
2025-05-10 03:00:00,EXC001,OP1005,1613.7,5.6,11,20.8,Fastened,No,No,Low Visibility,No,No,Earth Excavation,Cloudy,Intermediate,2,61.5,63.5
2025-05-10 03:30:00,EXC004,OP1010,1424.2,6.14,10,20.9,Fastened,No,No,Dry Ground,No,No,Earth Excavation,Sunny,Intermediate,5,65.9,74.3
2025-05-10 04:00:00,EXC001,OP1004,1614.9,4.87,4,49.1,Fastened,No,No,Normal,No,No,Earth Excavation,Cloudy,Expert,2,51.6,51.9
2025-05-10 04:30:00,EXC004,OP1010,1425.2,7.54,12,32.1,Fastened,No,No,Dry Ground,No,No,Material Loading,Sunny,Intermediate,5,31.2,31.8
2025-05-10 05:00:00,EXC003,OP1005,1952.1,5.16,6,34.1,Fastened,No,No,Normal,No,No,Demolition,Windy,Intermediate,3,99.9,104.4
2025-05-10 05:30:00,LOD002,OP1005,2726.7,7.36,14,36.0,Fastened,Yes,Yes,Normal,Yes,Yes,Material Loading,Windy,Intermediate,6,35.9,50.3
2025-05-10 06:00:00,EXC003,OP1006,1954.3,7.55,13,41.4,Fastened,No,No,Normal,No,No,Earth Excavation,Windy,Beginner,3,75.0,84.5
2025-05-10 06:30:00,EXC001,OP1010,1617.3,6.63,12,35.0,Unfastened,No,Yes,Dry Ground,Yes,Yes,Material Loading,Sunny,Expert,2,27.0,44.3
2025-05-10 07:00:00,EXC001,OP1010,1618.0,6.78,13,11.0,Fastened,No,No,Normal,No,No,Material Loading,Cloudy,Expert,2,28.6,27.9
2025-05-10 07:30:00,LOD001,OP1006,3099.3,5.43,6,53.6,Fastened,No,Yes,Strong Wind,No,No,Earth Excavation,Windy,Intermediate,4,66.6,76.7
2025-05-10 08:00:00,EXC005,OP1008,4289.2,6.64,8,50.6,Fastened,No,No,Dusty,No,No,Demolition,Windy,Expert,7,93.0,105.5
2025-05-10 08:30:00,EXC001,OP1008,1619.0,4.48,5,36.4,Fastened,No,No,Wet Ground,No,No,Trenching,Rainy,Intermediate,2,55.3,65.4
2025-05-10 09:00:00,EXC001,OP1009,1619.2,4.04,5,5.8,Fastened,No,No,Normal,No,No,Demolition,Sunny,Intermediate,2,93.5,91.1
2025-05-10 09:30:00,EXC005,OP1008,4291.0,5.73,9,30.3,Fastened,No,No,Normal,No,No,Trenching,Cloudy,Intermediate,7,51.1,54.9
2025-05-10 10:00:00,EXC001,OP1002,1621.6,7.69,12,58.9,Fastened,Yes,Yes,Slippery,No,Yes,Material Loading,Rainy,Intermediate,2,30.3,41.3
2025-05-10 10:30:00,LOD001,OP1010,3101.0,5.84,12,26.1,Fastened,No,No,Dry Ground,No,No,Earth Excavation,Sunny,Expert,4,57.4,65.5
2025-05-10 11:00:00,EXC005,OP1001,4292.2,4.68,4,33.5,Fastened,No,No,Normal,No,No,Trenching,Cloudy,Intermediate,7,47.1,44.4
2025-05-10 11:30:00,EXC001,OP1010,1623.0,6.21,11,23.9,Fastened,No,No,Slippery,No,No,Earth Excavation,Rainy,Intermediate,2,76.4,92.7
2025-05-10 12:00:00,EXC001,OP1002,1623.6,5.57,8,39.6,Fastened,No,Yes,Reduced Visibility,No,No,Grading,Rainy,Intermediate,2,41.0,57.0
2025-05-10 12:30:00,LOD002,OP1002,2728.7,5.11,9,29.7,Unfastened,No,Yes,Normal,No,Yes,Grading,Cloudy,Intermediate,6,37.6,48.0
2025-05-10 13:00:00,EXC003,OP1003,1956.2,6.83,13,32.6,Fastened,No,No,Normal,No,No,Grading,Cloudy,Intermediate,3,41.7,48.2
2025-05-10 13:30:00,EXC003,OP1010,1956.8,4.67,5,24.6,Fastened,No,No,Dusty,No,No,Grading,Windy,Intermediate,3,42.6,50.8
2025-05-10 14:00:00,LOD001,OP1007,3103.2,6.24,13,10.7,Fastened,No,No,Low Visibility,No,No,Grading,Cloudy,Expert,4,33.0,30.7
2025-05-10 14:30:00,LOD002,OP1002,2729.5,6.19,9,63.3,Fastened,No,Yes,Reduced Visibility,No,No,Earth Excavation,Rainy,Expert,6,62.3,67.8
2025-05-10 15:00:00,LOD002,OP1001,2731.9,6.19,10,45.1,Fastened,No,Yes,Reduced Visibility,No,No,Trenching,Rainy,Intermediate,6,49.6,70.7
2025-05-10 15:30:00,LOD001,OP1006,3104.3,7.39,12,41.1,Fastened,No,Yes,Reduced Visibility,No,No,Grading,Rainy,Expert,4,34.5,47.0
2025-05-10 16:00:00,EXC003,OP1009,1957.4,8.58,16,50.8,Fastened,No,No,Wet Ground,No,No,Material Loading,Rainy,Beginner,3,41.8,66.5
2025-05-10 16:30:00,EXC001,OP1003,1624.7,4.43,6,2.0,Fastened,No,No,Low Visibility,No,No,Grading,Cloudy,Intermediate,2,36.3,38.5
2025-05-10 17:00:00,LOD001,OP1006,3105.5,6.24,12,2.0,Fastened,No,No,Normal,No,No,Earth Excavation,Cloudy,Intermediate,4,61.5,58.6
2025-05-10 17:30:00,EXC004,OP1003,1425.6,8.35,18,28.8,Fastened,No,No,Low Visibility,No,No,Earth Excavation,Cloudy,Beginner,5,73.4,79.5
2025-05-10 18:00:00,EXC003,OP1001,1958.9,6.11,7,48.0,Fastened,No,No,Normal,No,No,Demolition,Sunny,Expert,3,88.6,94.5
2025-05-10 18:30:00,LOD002,OP1005,2733.5,6.89,14,15.1,Fastened,No,No,Normal,No,No,Material Loading,Sunny,Intermediate,6,35.2,40.0
2025-05-10 19:00:00,EXC001,OP1010,1626.6,5.81,11,24.6,Unfastened,No,Yes,Dry Ground,Yes,Yes,Earth Excavation,Sunny,Expert,2,60.3,71.1
2025-05-10 19:30:00,EXC004,OP1004,1425.9,7.04,11,50.2,Fastened,No,Yes,Strong Wind,No,No,Grading,Windy,Intermediate,5,37.6,46.6
2025-05-10 20:00:00,EXC001,OP1007,1628.0,4.98,6,38.0,Fastened,No,No,Normal,No,No,Demolition,Sunny,Beginner,2,108.0,113.7
2025-05-10 20:30:00,EXC004,OP1006,1426.2,7.38,12,43.0,Fastened,No,No,Dry Ground,No,No,Earth Excavation,Sunny,Expert,5,58.8,65.6
2025-05-10 21:00:00,EXC001,OP1010,1629.8,4.86,9,5.5,Unfastened,No,Yes,Dry Ground,No,Yes,Grading,Sunny,Intermediate,2,40.1,38.9
2025-05-10 21:30:00,EXC001,OP1007,1630.1,4.18,4,17.7,Fastened,No,No,Normal,No,No,Demolition,Cloudy,Intermediate,2,94.6,97.1
2025-05-10 22:00:00,EXC001,OP1005,1632.4,5.62,12,2.0,Fastened,No,No,Dry Ground,No,No,Demolition,Sunny,Intermediate,2,89.5,82.5
2025-05-10 22:30:00,EXC005,OP1004,4294.0,4.83,6,39.1,Fastened,No,No,Low Visibility,No,No,Demolition,Cloudy,Beginner,7,111.4,114.5
2025-05-10 23:00:00,LOD001,OP1007,3106.9,9.05,22,23.9,Fastened,No,No,Normal,No,No,Material Loading,Sunny,Expert,4,28.0,32.2
2025-05-10 23:30:00,EXC004,OP1007,1427.4,6.42,9,58.0,Fastened,No,No,Wet Ground,No,No,Trenching,Rainy,Intermediate,5,54.6,69.5
2025-05-11 00:00:00,LOD002,OP1006,2734.0,8.65,13,78.1,Fastened,No,Yes,Normal,No,Yes,Earth Excavation,Windy,Beginner,6,79.8,101.4
2025-05-11 00:30:00,EXC003,OP1008,1959.8,6.22,11,16.8,Fastened,No,No,Dusty,No,No,Earth Excavation,Windy,Expert,3,55.9,67.5
2025-05-11 01:00:00,EXC002,OP1004,2229.2,4.67,6,21.5,Fastened,No,No,Normal,No,No,Trenching,Sunny,Intermediate,4,50.7,49.1
2025-05-11 01:30:00,LOD002,OP1010,2736.3,5.23,7,36.8,Unfastened,No,Yes,Normal,No,Yes,Trenching,Cloudy,Intermediate,6,45.1,51.4
2025-05-11 02:00:00,EXC002,OP1005,2229.4,6.08,9,26.6,Fastened,No,No,Normal,No,No,Earth Excavation,Cloudy,Intermediate,4,68.1,72.9
2025-05-11 02:30:00,LOD002,OP1004,2737.9,4.27,5,16.2,Fastened,No,No,Normal,Yes,No,Trenching,Sunny,Intermediate,6,46.7,48.0
2025-05-11 03:00:00,EXC001,OP1001,1634.3,8.15,16,37.6,Fastened,No,No,Dry Ground,No,No,Earth Excavation,Sunny,Beginner,2,75.9,80.0
2025-05-11 03:30:00,LOD002,OP1008,2739.5,5.83,11,19.5,Fastened,No,No,Normal,No,No,Grading,Sunny,Intermediate,6,31.9,44.0
2025-05-11 04:00:00,EXC001,OP1001,1634.7,6.23,11,56.3,Fastened,No,No,Slippery,No,No,Trenching,Rainy,Expert,2,51.0,63.3
2025-05-11 04:30:00,LOD002,OP1005,2740.2,8.24,17,10.6,Fastened,No,No,Dry Ground,No,No,Material Loading,Sunny,Intermediate,6,28.7,32.1
2025-05-11 05:00:00,EXC004,OP1006,1428.2,8.05,13,33.8,Fastened,No,No,Normal,No,No,Material Loading,Cloudy,Intermediate,5,29.1,36.5
2025-05-11 05:30:00,LOD002,OP1006,2742.3,5.35,8,15.8,Fastened,No,No,Low Visibility,No,No,Earth Excavation,Cloudy,Intermediate,6,70.5,76.1
2025-05-11 06:00:00,EXC001,OP1005,1635.9,4.24,5,15.0,Fastened,No,No,Low Visibility,No,No,Demolition,Cloudy,Intermediate,2,96.8,103.2
2025-05-11 06:30:00,EXC004,OP1003,1429.5,7.77,15,20.4,Fastened,Yes,Yes,Wet Ground,No,Yes,Material Loading,Rainy,Expert,5,28.2,52.9
2025-05-11 07:00:00,LOD002,OP1005,2744.7,5.99,10,21.0,Fastened,No,No,Normal,No,No,Trenching,Cloudy,Intermediate,6,49.7,54.3
2025-05-11 07:30:00,EXC004,OP1008,1431.2,6.45,11,52.3,Fastened,No,No,Normal,No,No,Earth Excavation,Cloudy,Beginner,5,78.8,87.6
2025-05-11 08:00:00,EXC005,OP1002,4296.3,7.66,15,11.8,Fastened,No,No,Normal,No,No,Trenching,Cloudy,Intermediate,7,51.3,54.4
2025-05-11 08:30:00,EXC005,OP1006,4297.5,6.77,10,29.0,Fastened,No,No,Normal,No,No,Earth Excavation,Sunny,Intermediate,7,64.3,61.4
2025-05-11 09:00:00,EXC004,OP1009,1431.7,5.84,9,24.0,Fastened,No,No,Normal,No,No,Trenching,Sunny,Intermediate,5,50.7,46.7
2025-05-11 09:30:00,EXC005,OP1008,4299.9,7.57,13,47.1,Fastened,No,No,Dusty,No,No,Material Loading,Windy,Beginner,7,41.0,46.3
2025-05-11 10:00:00,EXC004,OP1008,1433.0,6.15,8,50.6,Fastened,No,No,Dusty,No,No,Demolition,Windy,Intermediate,5,97.1,110.8
2025-05-11 10:30:00,LOD002,OP1008,2745.3,6.02,9,36.6,Fastened,No,No,Slippery,No,No,Grading,Rainy,Intermediate,6,43.0,62.6
2025-05-11 11:00:00,EXC001,OP1007,1636.8,6.51,11,22.3,Fastened,No,No,Dry Ground,No,No,Earth Excavation,Sunny,Intermediate,2,62.7,65.2
2025-05-11 11:30:00,EXC002,OP1008,2229.7,6.15,10,30.7,Fastened,No,No,Dry Ground,No,No,Earth Excavation,Sunny,Intermediate,4,63.1,67.5
2025-05-11 12:00:00,LOD002,OP1006,2746.6,6.09,8,40.9,Fastened,No,No,Dry Ground,No,No,Trenching,Sunny,Beginner,6,53.6,64.9
2025-05-11 12:30:00,LOD002,OP1002,2748.7,8.01,14,35.2,Fastened,No,No,Slippery,No,No,Earth Excavation,Rainy,Expert,6,67.2,92.5
2025-05-11 13:00:00,EXC004,OP1002,1435.3,6.18,9,34.5,Fastened,No,Yes,Reduced Visibility,No,No,Earth Excavation,Rainy,Intermediate,5,73.0,87.6
2025-05-11 13:30:00,EXC005,OP1008,4302.2,6.01,9,31.4,Fastened,No,No,Normal,No,No,Grading,Windy,Expert,7,30.4,36.0
2025-05-11 14:00:00,EXC002,OP1001,2230.2,6.1,13,14.1,Fastened,No,No,Low Visibility,No,No,Earth Excavation,Cloudy,Intermediate,4,60.3,69.5
2025-05-11 14:30:00,EXC002,OP1006,2231.3,6.36,11,22.9,Fastened,Yes,Yes,Dry Ground,No,Yes,Grading,Sunny,Expert,4,33.7,36.8
2025-05-11 15:00:00,EXC004,OP1006,1435.6,7.95,16,12.9,Fastened,No,No,Normal,No,No,Earth Excavation,Sunny,Intermediate,5,65.2,70.8
2025-05-11 15:30:00,EXC003,OP1004,1961.9,4.54,8,19.7,Fastened,No,No,Normal,No,No,Demolition,Sunny,Intermediate,3,90.4,84.7
2025-05-11 16:00:00,EXC004,OP1010,1436.6,7.42,13,37.0,Fastened,No,No,Normal,No,No,Material Loading,Cloudy,Intermediate,5,34.7,40.3
2025-05-11 16:30:00,EXC001,OP1003,1638.5,5.0,8,18.6,Fastened,No,No,Dry Ground,No,No,Grading,Sunny,Intermediate,2,37.2,40.6
2025-05-11 17:00:00,LOD002,OP1003,2750.6,5.73,10,42.9,Fastened,No,Yes,Reduced Visibility,No,No,Earth Excavation,Rainy,Intermediate,6,72.6,90.0
2025-05-11 17:30:00,LOD002,OP1001,2751.7,4.23,5,10.2,Fastened,No,No,Low Visibility,No,No,Demolition,Cloudy,Intermediate,6,99.5,95.9
2025-05-11 18:00:00,EXC005,OP1003,4303.1,6.61,10,24.1,Fastened,No,No,Dry Ground,No,No,Grading,Sunny,Intermediate,7,38.7,45.2
2025-05-11 18:30:00,EXC004,OP1004,1439.0,8.13,16,32.6,Fastened,No,No,Normal,No,No,Material Loading,Sunny,Beginner,5,38.9,43.2
2025-05-11 19:00:00,EXC002,OP1005,2233.7,7.54,17,28.3,Fastened,No,No,Normal,No,No,Material Loading,Sunny,Intermediate,4,34.0,35.5
2025-05-11 19:30:00,LOD001,OP1003,3107.7,6.95,11,47.7,Fastened,No,Yes,Reduced Visibility,No,No,Grading,Rainy,Intermediate,4,38.7,59.5
2025-05-11 20:00:00,EXC005,OP1006,4304.4,8.12,15,24.4,Fastened,No,No,Low Visibility,No,No,Earth Excavation,Cloudy,Beginner,7,73.8,77.9
2025-05-11 20:30:00,EXC002,OP1005,2236.1,6.81,13,33.5,Fastened,No,No,Normal,No,No,Material Loading,Sunny,Intermediate,4,35.6,39.5
2025-05-11 21:00:00,LOD002,OP1003,2752.0,7.29,14,25.4,Fastened,Yes,Yes,Wet Ground,No,Yes,Grading,Rainy,Intermediate,6,45.3,61.6
2025-05-11 21:30:00,LOD001,OP1006,3108.9,3.96,6,2.0,Fastened,Yes,Yes,Normal,Yes,Yes,Trenching,Cloudy,Intermediate,4,50.1,60.2
2025-05-11 22:00:00,LOD002,OP1006,2752.4,7.0,12,34.9,Fastened,No,No,Low Visibility,No,No,Earth Excavation,Cloudy,Intermediate,6,67.9,76.3
2025-05-11 22:30:00,LOD001,OP1008,3110.3,5.18,7,38.6,Fastened,No,No,Slippery,No,No,Trenching,Rainy,Intermediate,4,57.2,64.9
2025-05-11 23:00:00,EXC005,OP1002,4304.7,6.69,9,41.1,Fastened,No,No,Wet Ground,No,No,Grading,Rainy,Expert,7,39.2,48.5
2025-05-11 23:30:00,EXC003,OP1001,1963.1,8.02,13,54.5,Unfastened,No,Yes,Low Visibility,No,Yes,Earth Excavation,Cloudy,Intermediate,3,62.5,66.5
2025-05-12 00:00:00,LOD002,OP1004,2753.1,5.27,8,27.2,Fastened,Yes,Yes,Dry Ground,Yes,Yes,Earth Excavation,Sunny,Expert,6,58.9,69.6
2025-05-12 00:30:00,LOD002,OP1007,2754.5,6.23,9,25.5,Unfastened,No,Yes,Normal,No,Yes,Earth Excavation,Sunny,Intermediate,6,63.5,75.2
2025-05-12 01:00:00,EXC001,OP1010,1641.0,5.94,11,41.4,Fastened,No,No,Slippery,No,No,Grading,Rainy,Expert,2,41.6,64.6
2025-05-12 01:30:00,EXC001,OP1003,1643.0,5.42,11,8.9,Unfastened,No,Yes,Low Visibility,Yes,Yes,Earth Excavation,Cloudy,Expert,2,61.3,72.0
2025-05-12 02:00:00,EXC003,OP1003,1965.2,5.99,9,34.5,Fastened,No,No,Slippery,No,No,Grading,Rainy,Intermediate,3,44.1,58.2
2025-05-12 02:30:00,LOD001,OP1005,3111.9,4.88,5,45.9,Fastened,No,No,Dusty,No,No,Trenching,Windy,Intermediate,4,46.7,56.3
2025-05-12 03:00:00,LOD002,OP1005,2754.8,6.42,9,49.8,Fastened,No,No,Dusty,No,No,Grading,Windy,Intermediate,6,36.8,48.4
2025-05-12 03:30:00,EXC001,OP1010,1643.7,5.41,8,30.3,Fastened,No,No,Normal,No,No,Demolition,Sunny,Intermediate,2,87.9,90.1
2025-05-12 04:00:00,EXC005,OP1003,4307.0,5.61,10,10.5,Fastened,No,No,Normal,No,No,Earth Excavation,Sunny,Expert,7,58.3,62.0
2025-05-12 04:30:00,EXC003,OP1009,1966.3,6.68,11,27.5,Fastened,No,No,Normal,No,No,Trenching,Sunny,Expert,3,44.5,46.5
2025-05-12 05:00:00,LOD002,OP1004,2755.3,7.21,12,35.1,Fastened,No,No,Wet Ground,No,No,Grading,Rainy,Expert,6,37.5,44.7
2025-05-12 05:30:00,LOD001,OP1003,3113.7,5.82,11,9.2,Fastened,No,No,Normal,No,No,Earth Excavation,Sunny,Expert,4,54.2,61.5
2025-05-12 06:00:00,LOD001,OP1002,3114.6,6.06,10,17.2,Fastened,No,No,Normal,No,No,Earth Excavation,Sunny,Expert,4,56.5,56.9
2025-05-12 06:30:00,EXC004,OP1010,1439.8,3.8,3,20.2,Fastened,No,No,Normal,No,No,Grading,Sunny,Intermediate,5,34.4,34.4
2025-05-12 07:00:00,EXC003,OP1009,1968.8,3.45,4,8.9,Fastened,No,No,Dry Ground,No,No,Demolition,Sunny,Intermediate,3,93.5,89.9
2025-05-12 07:30:00,EXC002,OP1004,2238.3,6.16,12,12.7,Fastened,No,No,Dry Ground,No,No,Material Loading,Sunny,Intermediate,4,30.5,37.1
2025-05-12 08:00:00,EXC001,OP1003,1644.8,4.67,8,22.0,Fastened,No,No,Dry Ground,No,No,Earth Excavation,Sunny,Intermediate,2,59.2,56.7
2025-05-12 08:30:00,LOD002,OP1007,2757.7,5.3,7,41.2,Fastened,Yes,Yes,Low Visibility,Yes,Yes,Trenching,Cloudy,Beginner,6,56.8,67.3
2025-05-12 09:00:00,LOD001,OP1008,3116.3,6.32,12,17.4,Fastened,No,No,Dry Ground,No,No,Earth Excavation,Sunny,Intermediate,4,65.1,56.7
2025-05-12 09:30:00,LOD002,OP1002,2759.6,7.88,14,44.8,Unfastened,No,Yes,Normal,No,Yes,Grading,Sunny,Intermediate,6,32.5,41.5
2025-05-12 10:00:00,LOD002,OP1007,2759.9,6.03,10,36.3,Fastened,No,Yes,Reduced Visibility,No,No,Grading,Rainy,Intermediate,6,43.2,57.9
2025-05-12 10:30:00,EXC004,OP1005,1440.3,3.27,1,30.4,Fastened,No,No,Slippery,No,No,Demolition,Rainy,Expert,5,91.5,95.9
2025-05-12 11:00:00,LOD001,OP1005,3118.0,5.77,10,26.3,Fastened,No,No,Dry Ground,No,No,Earth Excavation,Sunny,Intermediate,4,61.6,63.2
2025-05-12 11:30:00,LOD002,OP1003,2762.2,7.63,16,20.4,Fastened,No,No,Dry Ground,No,No,Material Loading,Sunny,Beginner,6,38.7,38.8
2025-05-12 12:00:00,LOD001,OP1005,3119.6,7.37,11,62.5,Fastened,No,Yes,Reduced Visibility,No,No,Earth Excavation,Rainy,Expert,4,67.7,79.3
2025-05-12 12:30:00,EXC002,OP1002,2238.8,6.36,10,39.7,Fastened,No,No,Normal,No,No,Trenching,Sunny,Intermediate,4,45.2,45.9
2025-05-12 13:00:00,EXC004,OP1004,1440.8,5.61,8,36.9,Fastened,No,No,Dry Ground,No,No,Grading,Sunny,Intermediate,5,35.1,38.0
2025-05-12 13:30:00,EXC001,OP1006,1647.0,6.67,14,2.0,Unfastened,No,Yes,Normal,No,Yes,Earth Excavation,Sunny,Intermediate,2,60.5,63.3
2025-05-12 14:00:00,LOD002,OP1001,2762.7,6.95,15,14.0,Unfastened,No,Yes,Dry Ground,No,Yes,Material Loading,Sunny,Intermediate,6,28.5,37.5
2025-05-12 14:30:00,EXC005,OP1010,4308.4,7.02,15,13.0,Fastened,No,No,Low Visibility,No,No,Material Loading,Cloudy,Expert,7,30.2,31.8
2025-05-12 15:00:00,EXC002,OP1004,2239.1,4.62,7,16.5,Fastened,No,No,Normal,No,No,Demolition,Windy,Intermediate,4,98.1,110.7
2025-05-12 15:30:00,EXC005,OP1006,4308.8,5.88,8,42.5,Fastened,No,No,Wet Ground,No,No,Grading,Rainy,Intermediate,7,44.7,60.5
2025-05-12 16:00:00,EXC005,OP1009,4310.5,5.73,9,11.8,Fastened,No,No,Low Visibility,No,No,Grading,Cloudy,Intermediate,7,36.4,37.2
2025-05-12 16:30:00,EXC003,OP1002,1970.6,6.93,15,13.5,Fastened,No,No,Dry Ground,No,No,Material Loading,Sunny,Expert,3,26.9,26.4
2025-05-12 17:00:00,EXC001,OP1007,1648.0,5.17,8,35.4,Fastened,No,No,Normal,No,No,Earth Excavation,Cloudy,Intermediate,2,64.5,70.1
2025-05-12 17:30:00,EXC005,OP1006,4311.2,5.84,8,24.2,Fastened,No,No,Normal,No,No,Trenching,Sunny,Expert,7,45.2,48.6
2025-05-12 18:00:00,EXC004,OP1002,1442.8,8.41,18,35.0,Fastened,No,No,Normal,No,No,Material Loading,Sunny,Intermediate,5,33.3,35.5
2025-05-12 18:30:00,LOD001,OP1008,3120.3,8.98,16,57.0,Fastened,No,No,Low Visibility,No,No,Material Loading,Cloudy,Expert,4,29.7,38.4
2025-05-12 19:00:00,EXC004,OP1007,1444.3,8.94,18,41.2,Fastened,No,No,Slippery,No,No,Material Loading,Rainy,Expert,5,29.3,39.1
2025-05-12 19:30:00,LOD001,OP1005,3122.7,4.89,9,8.0,Fastened,Yes,Yes,Dry Ground,No,Yes,Trenching,Sunny,Expert,4,42.0,53.6
2025-05-12 20:00:00,EXC004,OP1005,1444.8,5.37,9,29.1,Unfastened,No,Yes,Wet Ground,No,Yes,Earth Excavation,Rainy,Intermediate,5,71.9,94.5
2025-05-12 20:30:00,EXC004,OP1007,1447.2,6.85,13,24.3,Fastened,No,No,Normal,No,No,Earth Excavation,Sunny,Expert,5,55.4,56.1
2025-05-12 21:00:00,LOD002,OP1009,2763.3,5.64,7,38.0,Fastened,No,No,Dry Ground,No,No,Grading,Sunny,Intermediate,6,37.3,37.6
2025-05-12 21:30:00,EXC003,OP1009,1972.1,6.92,14,17.2,Fastened,No,No,Normal,No,No,Material Loading,Sunny,Expert,3,25.2,29.5
2025-05-12 22:00:00,EXC001,OP1009,1649.0,5.68,9,21.4,Fastened,No,No,Normal,No,No,Grading,Cloudy,Intermediate,2,36.7,38.3
2025-05-12 22:30:00,EXC001,OP1006,1651.4,5.68,6,60.4,Fastened,No,No,Slippery,No,No,Trenching,Rainy,Beginner,2,59.8,73.5
2025-05-12 23:00:00,LOD001,OP1010,3123.6,8.35,17,22.1,Fastened,No,No,Normal,No,No,Earth Excavation,Cloudy,Intermediate,4,62.9,62.4
2025-05-12 23:30:00,EXC005,OP1006,4312.4,6.21,9,29.7,Fastened,No,No,Dry Ground,No,No,Grading,Sunny,Intermediate,7,34.1,37.4
2025-05-13 00:00:00,EXC005,OP1003,4314.8,7.12,14,21.3,Fastened,No,No,Dry Ground,No,No,Grading,Sunny,Intermediate,7,34.0,36.5
2025-05-13 00:30:00,EXC002,OP1001,2240.5,5.96,8,41.7,Fastened,No,No,Normal,No,No,Trenching,Cloudy,Intermediate,4,52.2,53.7
2025-05-13 01:00:00,EXC001,OP1007,1652.8,6.69,12,6.7,Fastened,No,No,Normal,No,No,Material Loading,Sunny,Intermediate,2,30.9,42.4
2025-05-13 01:30:00,EXC001,OP1004,1653.6,4.37,6,6.7,Fastened,No,No,Dry Ground,No,No,Trenching,Sunny,Expert,2,46.7,48.7
2025-05-13 02:00:00,EXC003,OP1001,1973.9,5.34,9,23.6,Fastened,No,No,Dusty,No,No,Grading,Windy,Intermediate,3,44.5,50.3
2025-05-13 02:30:00,EXC004,OP1008,1447.4,5.57,9,29.8,Fastened,No,No,Wet Ground,No,No,Grading,Rainy,Intermediate,5,46.0,65.9
2025-05-13 03:00:00,EXC003,OP1006,1974.2,5.87,9,37.8,Fastened,No,No,Dry Ground,No,No,Grading,Sunny,Expert,3,28.6,31.0
2025-05-13 03:30:00,EXC003,OP1006,1975.8,7.97,16,23.0,Fastened,No,No,Dry Ground,No,No,Material Loading,Sunny,Intermediate,3,35.1,30.6
2025-05-13 04:00:00,LOD002,OP1002,2764.3,5.4,8,22.1,Unfastened,No,Yes,Dry Ground,No,Yes,Trenching,Sunny,Intermediate,6,47.3,48.7
2025-05-13 04:30:00,EXC003,OP1001,1978.2,7.38,16,25.7,Fastened,No,No,Low Visibility,No,No,Material Loading,Cloudy,Intermediate,3,31.0,31.1
2025-05-13 05:00:00,EXC004,OP1002,1449.7,9.5,18,52.9,Fastened,No,No,Wet Ground,No,No,Material Loading,Rainy,Intermediate,5,35.0,57.8
2025-05-13 05:30:00,LOD001,OP1004,3125.4,7.56,13,39.5,Fastened,No,Yes,Reduced Visibility,No,No,Material Loading,Rainy,Intermediate,4,34.8,54.4
2025-05-13 06:00:00,EXC003,OP1002,1980.2,7.95,17,32.2,Fastened,No,No,Dry Ground,No,No,Material Loading,Sunny,Intermediate,3,32.1,39.8
2025-05-13 06:30:00,EXC005,OP1001,4316.5,8.03,15,24.2,Fastened,No,No,Dry Ground,No,No,Earth Excavation,Sunny,Expert,7,64.7,68.2
2025-05-13 07:00:00,LOD002,OP1007,2764.8,6.74,10,51.2,Fastened,No,No,Dusty,Yes,No,Demolition,Windy,Intermediate,6,98.1,109.4
2025-05-13 07:30:00,LOD002,OP1008,2766.7,4.96,5,38.6,Fastened,No,No,Dusty,No,No,Grading,Windy,Beginner,6,51.9,64.0
2025-05-13 08:00:00,EXC001,OP1006,1654.3,6.35,12,15.6,Fastened,No,No,Normal,No,No,Trenching,Cloudy,Expert,2,47.1,51.6
2025-05-13 08:30:00,LOD002,OP1004,2767.7,6.53,13,2.0,Fastened,No,No,Normal,No,No,Material Loading,Sunny,Intermediate,6,31.3,29.2
2025-05-13 09:00:00,EXC004,OP1006,1451.8,5.06,7,32.5,Fastened,No,No,Normal,No,No,Earth Excavation,Cloudy,Intermediate,5,63.4,68.1
2025-05-13 09:30:00,EXC002,OP1003,2242.0,7.94,16,22.5,Unfastened,No,Yes,Dusty,No,Yes,Earth Excavation,Windy,Expert,4,56.6,64.8
2025-05-13 10:00:00,EXC004,OP1008,1454.0,6.7,13,14.8,Fastened,No,No,Normal,No,No,Earth Excavation,Cloudy,Intermediate,5,62.2,68.2
2025-05-13 10:30:00,LOD002,OP1010,2768.4,6.49,11,25.4,Fastened,No,Yes,Reduced Visibility,No,No,Grading,Rainy,Expert,6,36.6,53.9
2025-05-13 11:00:00,EXC004,OP1002,1455.6,4.99,6,40.7,Fastened,No,No,Normal,No,No,Demolition,Sunny,Intermediate,5,94.2,99.4
2025-05-13 11:30:00,EXC003,OP1005,1980.6,7.51,15,22.5,Fastened,No,No,Dry Ground,No,No,Material Loading,Sunny,Expert,3,27.7,35.5
2025-05-13 12:00:00,EXC005,OP1001,4318.2,6.96,14,7.8,Fastened,No,No,Dry Ground,No,No,Material Loading,Sunny,Intermediate,7,34.4,30.1
2025-05-13 12:30:00,EXC002,OP1006,2243.9,4.34,6,27.5,Fastened,No,Yes,Strong Wind,No,No,Trenching,Windy,Intermediate,4,52.5,72.8
2025-05-13 13:00:00,EXC001,OP1002,1655.8,6.49,12,20.7,Fastened,Yes,Yes,Normal,No,Yes,Earth Excavation,Cloudy,Intermediate,2,63.8,75.5
2025-05-13 13:30:00,EXC001,OP1004,1656.6,7.24,12,43.1,Fastened,No,Yes,Reduced Visibility,No,No,Earth Excavation,Rainy,Expert,2,63.2,75.5
2025-05-13 14:00:00,EXC001,OP1006,1656.9,4.44,6,17.3,Fastened,No,No,Dry Ground,No,No,Grading,Sunny,Expert,2,35.6,35.6
2025-05-13 14:30:00,EXC001,OP1010,1657.4,5.03,7,36.4,Fastened,Yes,Yes,Dusty,No,Yes,Demolition,Windy,Intermediate,2,101.7,125.6
2025-05-13 15:00:00,EXC001,OP1008,1659.0,4.13,3,43.4,Fastened,No,No,Slippery,No,No,Trenching,Rainy,Expert,2,48.8,61.0
2025-05-13 15:30:00,EXC005,OP1008,4320.6,8.59,19,17.9,Fastened,No,No,Dry Ground,No,No,Material Loading,Sunny,Intermediate,7,30.9,39.0
2025-05-13 16:00:00,EXC002,OP1006,2244.6,5.57,6,51.4,Fastened,Yes,Yes,Wet Ground,No,Yes,Demolition,Rainy,Beginner,4,127.1,150.8
2025-05-13 16:30:00,EXC003,OP1004,1982.5,6.39,9,47.4,Fastened,No,No,Normal,No,No,Earth Excavation,Sunny,Beginner,3,73.6,79.5
2025-05-13 17:00:00,LOD002,OP1008,2770.6,6.43,11,28.1,Fastened,No,No,Dry Ground,No,No,Grading,Sunny,Expert,6,32.7,35.7
2025-05-13 17:30:00,EXC004,OP1008,1457.0,7.13,13,30.8,Fastened,No,No,Normal,No,No,Material Loading,Sunny,Expert,5,22.6,32.5
2025-05-13 18:00:00,EXC005,OP1010,4322.3,7.94,14,60.9,Unfastened,No,Yes,Strong Wind,No,Yes,Material Loading,Windy,Intermediate,7,35.0,42.5
2025-05-13 18:30:00,EXC002,OP1001,2246.7,5.89,9,28.7,Fastened,No,No,Normal,No,No,Trenching,Windy,Expert,4,43.4,41.9
2025-05-13 19:00:00,EXC002,OP1004,2247.5,4.34,7,3.6,Fastened,No,No,Normal,No,No,Grading,Sunny,Intermediate,4,38.6,34.2
2025-05-13 19:30:00,EXC001,OP1004,1659.9,6.44,14,36.0,Fastened,No,No,Wet Ground,No,No,Grading,Rainy,Intermediate,2,41.7,43.9
2025-05-13 20:00:00,EXC002,OP1007,2247.7,7.94,17,14.9,Fastened,No,No,Low Visibility,No,No,Earth Excavation,Cloudy,Intermediate,4,59.3,65.6
2025-05-13 20:30:00,EXC002,OP1007,2250.1,7.24,13,41.2,Fastened,No,Yes,Reduced Visibility,No,No,Material Loading,Rainy,Expert,4,33.2,48.1
2025-05-13 21:00:00,EXC002,OP1008,2252.4,5.37,9,30.4,Fastened,Yes,Yes,Normal,No,Yes,Earth Excavation,Sunny,Beginner,4,76.9,83.1
2025-05-13 21:30:00,EXC001,OP1005,1661.9,4.47,5,23.4,Fastened,No,No,Normal,No,No,Demolition,Cloudy,Intermediate,2,94.1,91.8
2025-05-13 22:00:00,EXC001,OP1007,1662.2,6.71,13,30.1,Fastened,No,No,Normal,No,No,Material Loading,Cloudy,Intermediate,2,31.5,31.9
2025-05-13 22:30:00,EXC004,OP1008,1458.2,6.38,12,25.4,Fastened,No,No,Normal,No,No,Grading,Sunny,Intermediate,5,35.7,45.6
2025-05-13 23:00:00,EXC002,OP1009,2252.8,5.42,6,41.0,Fastened,No,No,Normal,No,No,Trenching,Sunny,Intermediate,4,47.0,52.8
2025-05-13 23:30:00,EXC003,OP1003,1982.8,5.71,9,26.9,Fastened,Yes,Yes,Low Visibility,No,Yes,Earth Excavation,Cloudy,Intermediate,3,68.3,76.6
2025-05-14 00:00:00,EXC004,OP1003,1459.8,6.51,12,34.4,Fastened,Yes,Yes,Dry Ground,No,Yes,Earth Excavation,Sunny,Expert,5,59.9,70.7
2025-05-14 00:30:00,EXC005,OP1004,4324.7,4.23,4,26.2,Unfastened,No,Yes,Normal,No,Yes,Trenching,Windy,Intermediate,7,50.3,71.3
2025-05-14 01:00:00,EXC001,OP1005,1664.5,6.4,14,9.9,Fastened,No,No,Normal,No,No,Earth Excavation,Sunny,Intermediate,2,61.0,57.2
2025-05-14 01:30:00,LOD001,OP1010,3127.2,8.03,16,50.6,Fastened,No,No,Normal,No,No,Material Loading,Windy,Expert,4,30.3,44.7
2025-05-14 02:00:00,EXC005,OP1001,4325.1,5.76,10,29.2,Fastened,No,No,Dry Ground,No,No,Earth Excavation,Sunny,Intermediate,7,65.4,70.3
2025-05-14 02:30:00,EXC001,OP1007,1665.3,7.16,13,32.5,Fastened,No,No,Dry Ground,No,No,Material Loading,Sunny,Expert,2,28.8,38.2
2025-05-14 03:00:00,LOD002,OP1009,2771.5,5.49,8,39.4,Fastened,No,No,Normal,No,No,Trenching,Sunny,Intermediate,6,47.4,59.3
2025-05-14 03:30:00,LOD002,OP1008,2773.5,6.59,12,34.8,Fastened,No,Yes,Reduced Visibility,No,No,Material Loading,Rainy,Beginner,6,38.3,47.9
2025-05-14 04:00:00,EXC001,OP1005,1667.4,5.74,8,52.5,Unfastened,No,Yes,Reduced Visibility,No,Yes,Grading,Rainy,Beginner,2,46.9,70.1
2025-05-14 04:30:00,EXC002,OP1004,2253.9,8.09,14,25.1,Fastened,No,No,Normal,No,No,Material Loading,Sunny,Expert,4,27.0,27.4
2025-05-14 05:00:00,LOD001,OP1007,3128.4,3.27,3,2.4,Fastened,No,No,Dry Ground,No,No,Demolition,Sunny,Expert,4,81.5,79.0
2025-05-14 05:30:00,LOD001,OP1005,3128.7,6.05,10,19.2,Fastened,No,No,Normal,No,No,Earth Excavation,Cloudy,Intermediate,4,66.6,69.0
2025-05-14 06:00:00,EXC002,OP1007,2254.8,4.04,5,27.5,Fastened,No,No,Low Visibility,No,No,Trenching,Cloudy,Intermediate,4,48.3,51.9
2025-05-14 06:30:00,EXC002,OP1001,2256.0,7.32,11,62.6,Fastened,Yes,Yes,Wet Ground,No,Yes,Trenching,Rainy,Beginner,4,58.8,78.7
2025-05-14 07:00:00,EXC003,OP1001,1983.2,4.73,6,31.6,Fastened,No,No,Dry Ground,No,No,Trenching,Sunny,Intermediate,3,52.3,64.5
2025-05-14 07:30:00,EXC004,OP1010,1461.0,6.49,12,29.6,Fastened,No,No,Low Visibility,No,No,Material Loading,Cloudy,Intermediate,5,33.7,39.2
2025-05-14 08:00:00,EXC005,OP1003,4327.3,8.44,16,44.1,Unfastened,No,Yes,Wet Ground,No,Yes,Material Loading,Rainy,Beginner,7,44.8,54.0
2025-05-14 08:30:00,EXC003,OP1002,1984.8,6.81,13,34.2,Fastened,No,Yes,Strong Wind,No,No,Material Loading,Windy,Intermediate,3,36.5,44.8
2025-05-14 09:00:00,EXC004,OP1002,1461.4,4.17,5,14.6,Fastened,No,No,Normal,No,No,Trenching,Cloudy,Intermediate,5,47.4,49.7
2025-05-14 09:30:00,LOD001,OP1007,3129.3,5.87,9,39.1,Unfastened,Yes,Yes,Normal,No,Yes,Demolition,Sunny,Expert,4,85.9,100.0
2025-05-14 10:00:00,EXC001,OP1010,1668.7,4.56,6,36.8,Fastened,No,No,Normal,No,No,Demolition,Sunny,Intermediate,2,86.0,90.9
2025-05-14 10:30:00,EXC002,OP1002,2257.1,6.23,10,41.2,Fastened,No,No,Normal,No,No,Trenching,Cloudy,Intermediate,4,51.1,48.4
2025-05-14 11:00:00,LOD001,OP1004,3130.3,6.13,11,8.7,Fastened,No,No,Low Visibility,No,No,Earth Excavation,Cloudy,Intermediate,4,64.1,62.3
2025-05-14 11:30:00,LOD002,OP1002,2774.9,5.56,10,21.6,Fastened,No,No,Normal,No,No,Grading,Windy,Beginner,6,47.7,49.5
2025-05-14 12:00:00,EXC004,OP1006,1463.0,5.19,8,26.6,Fastened,No,Yes,Reduced Visibility,No,No,Demolition,Rainy,Expert,5,97.6,118.4
2025-05-14 12:30:00,EXC004,OP1008,1465.0,5.0,6,32.6,Fastened,No,No,Low Visibility,No,No,Trenching,Cloudy,Intermediate,5,54.1,60.4
2025-05-14 13:00:00,EXC001,OP1010,1669.7,3.88,5,21.9,Unfastened,No,Yes,Dry Ground,No,Yes,Trenching,Sunny,Beginner,2,56.5,61.3
2025-05-14 13:30:00,EXC003,OP1004,1986.8,5.7,10,2.0,Fastened,No,No,Dry Ground,No,No,Demolition,Sunny,Intermediate,3,84.9,85.9
2025-05-14 14:00:00,EXC004,OP1005,1466.0,6.47,11,15.8,Fastened,Yes,Yes,Normal,No,Yes,Grading,Sunny,Expert,5,34.7,44.7
2025-05-14 14:30:00,EXC002,OP1004,2257.4,5.59,7,34.0,Fastened,No,No,Normal,No,No,Trenching,Sunny,Intermediate,4,46.0,57.5
2025-05-14 15:00:00,EXC002,OP1003,2258.9,8.16,16,29.2,Fastened,No,No,Normal,No,No,Material Loading,Cloudy,Beginner,4,38.7,38.1
2025-05-14 15:30:00,EXC003,OP1005,1988.4,5.79,8,35.3,Fastened,No,No,Dry Ground,No,No,Demolition,Sunny,Beginner,3,108.3,111.7
2025-05-14 16:00:00,EXC001,OP1009,1672.0,6.81,12,41.0,Fastened,No,No,Normal,No,No,Grading,Sunny,Intermediate,2,33.5,40.7
2025-05-14 16:30:00,EXC003,OP1008,1990.2,4.59,7,21.7,Fastened,No,No,Dry Ground,No,No,Grading,Sunny,Intermediate,3,35.7,34.9
2025-05-14 17:00:00,EXC002,OP1008,2261.2,5.09,9,12.2,Fastened,No,No,Dry Ground,No,No,Grading,Sunny,Intermediate,4,33.3,31.2
2025-05-14 17:30:00,EXC003,OP1008,1992.5,6.2,14,10.2,Fastened,No,No,Dry Ground,No,No,Earth Excavation,Sunny,Expert,3,60.1,69.4
2025-05-14 18:00:00,EXC001,OP1008,1673.6,6.87,14,22.9,Fastened,No,No,Low Visibility,No,No,Grading,Cloudy,Expert,2,34.1,33.6
2025-05-14 18:30:00,LOD002,OP1007,2776.3,5.84,10,20.8,Fastened,No,No,Dry Ground,No,No,Earth Excavation,Sunny,Intermediate,6,64.9,65.9
2025-05-14 19:00:00,EXC005,OP1008,4328.8,5.36,7,35.4,Fastened,Yes,Yes,Low Visibility,Yes,Yes,Demolition,Cloudy,Intermediate,7,100.1,107.0
2025-05-14 19:30:00,EXC005,OP1008,4331.2,6.78,8,41.7,Fastened,No,No,Normal,No,No,Trenching,Cloudy,Intermediate,7,46.4,56.4
2025-05-14 20:00:00,LOD001,OP1008,3132.3,4.09,3,52.3,Unfastened,No,Yes,Normal,No,Yes,Demolition,Windy,Intermediate,4,103.0,116.8
2025-05-14 20:30:00,EXC004,OP1010,1466.4,6.01,11,16.6,Fastened,No,No,Dry Ground,No,No,Earth Excavation,Sunny,Intermediate,5,68.4,68.0
2025-05-14 21:00:00,EXC001,OP1007,1675.6,7.25,11,41.5,Unfastened,No,Yes,Dry Ground,No,Yes,Material Loading,Sunny,Beginner,2,30.5,44.9
2025-05-14 21:30:00,EXC004,OP1001,1467.0,6.01,11,23.2,Fastened,No,No,Dry Ground,No,No,Earth Excavation,Sunny,Intermediate,5,63.2,66.0
2025-05-14 22:00:00,EXC004,OP1004,1468.2,6.04,12,16.5,Fastened,No,No,Low Visibility,No,No,Material Loading,Cloudy,Intermediate,5,34.7,35.9
2025-05-14 22:30:00,LOD001,OP1004,3133.0,5.58,10,14.7,Fastened,No,No,Dusty,No,No,Grading,Windy,Intermediate,4,37.1,39.9
2025-05-14 23:00:00,EXC003,OP1005,1994.3,5.51,9,34.4,Fastened,No,Yes,Reduced Visibility,No,No,Grading,Rainy,Intermediate,3,43.7,47.0
2025-05-14 23:30:00,EXC001,OP1010,1677.8,7.46,14,26.2,Fastened,Yes,Yes,Low Visibility,No,Yes,Material Loading,Cloudy,Intermediate,2,31.7,42.9
2025-05-15 00:00:00,EXC002,OP1006,2262.0,7.16,15,9.0,Fastened,No,No,Normal,No,No,Earth Excavation,Sunny,Expert,4,54.0,48.7
2025-05-15 00:30:00,EXC003,OP1004,1994.7,4.76,7,35.8,Fastened,No,No,Low Visibility,No,No,Demolition,Cloudy,Intermediate,3,88.0,97.6
2025-05-15 01:00:00,EXC005,OP1002,4332.1,6.98,14,4.0,Fastened,No,No,Dry Ground,No,No,Grading,Sunny,Expert,7,33.4,28.7
2025-05-15 01:30:00,EXC004,OP1006,1470.0,6.7,11,38.5,Fastened,No,No,Normal,No,No,Grading,Cloudy,Intermediate,5,37.6,42.7
2025-05-15 02:00:00,EXC003,OP1008,1995.7,6.07,12,28.2,Unfastened,No,Yes,Normal,No,Yes,Grading,Cloudy,Expert,3,37.4,45.3
2025-05-15 02:30:00,LOD002,OP1008,2777.1,5.16,7,21.8,Fastened,No,No,Dry Ground,No,No,Grading,Sunny,Intermediate,6,38.1,44.8
2025-05-15 03:00:00,EXC005,OP1007,4332.8,4.93,6,22.0,Fastened,Yes,Yes,Normal,No,Yes,Trenching,Sunny,Expert,7,41.7,45.4
2025-05-15 03:30:00,EXC002,OP1006,2263.4,5.96,10,45.9,Fastened,No,No,Slippery,No,No,Grading,Rainy,Intermediate,4,37.1,51.6
2025-05-15 04:00:00,EXC001,OP1002,1678.7,7.85,18,22.9,Fastened,No,No,Normal,No,No,Material Loading,Sunny,Intermediate,2,33.2,33.6
2025-05-15 04:30:00,EXC001,OP1007,1680.5,4.32,6,23.5,Fastened,Yes,Yes,Normal,No,Yes,Demolition,Sunny,Beginner,2,105.9,112.6
2025-05-15 05:00:00,EXC002,OP1005,2263.8,4.59,6,32.4,Unfastened,No,Yes,Normal,No,Yes,Grading,Sunny,Intermediate,4,35.2,35.6
2025-05-15 05:30:00,EXC002,OP1006,2265.5,7.48,12,54.2,Fastened,No,No,Normal,No,No,Earth Excavation,Sunny,Intermediate,4,60.8,62.3
2025-05-15 06:00:00,EXC002,OP1010,2266.2,5.54,8,42.0,Fastened,No,No,Wet Ground,No,No,Trenching,Rainy,Intermediate,4,57.6,75.1
2025-05-15 06:30:00,EXC002,OP1008,2267.6,5.83,10,24.4,Fastened,No,No,Low Visibility,No,No,Earth Excavation,Cloudy,Intermediate,4,68.4,69.2
2025-05-15 07:00:00,EXC002,OP1008,2268.4,6.38,11,46.2,Fastened,No,No,Wet Ground,No,No,Earth Excavation,Rainy,Beginner,4,80.6,89.2
2025-05-15 07:30:00,LOD002,OP1003,2779.0,6.78,12,15.6,Fastened,No,No,Normal,No,No,Material Loading,Sunny,Intermediate,6,24.9,16.9
2025-05-15 08:00:00,EXC001,OP1007,1682.9,5.07,9,20.7,Fastened,No,Yes,Reduced Visibility,No,No,Demolition,Rainy,Intermediate,2,104.9,121.2
2025-05-15 08:30:00,EXC004,OP1001,1472.3,6.61,12,39.4,Fastened,No,Yes,Reduced Visibility,Yes,No,Earth Excavation,Rainy,Beginner,5,84.0,89.2
2025-05-15 09:00:00,EXC003,OP1001,1997.2,5.05,8,18.3,Fastened,No,No,Dry Ground,No,No,Trenching,Sunny,Expert,3,41.9,37.6
2025-05-15 09:30:00,LOD002,OP1007,2780.3,4.7,5,20.0,Fastened,No,No,Dry Ground,No,No,Demolition,Sunny,Expert,6,81.1,88.3
2025-05-15 10:00:00,EXC001,OP1010,1685.0,7.56,13,52.0,Fastened,No,No,Dusty,No,No,Grading,Windy,Expert,2,39.3,52.8
2025-05-15 10:30:00,EXC003,OP1009,1999.0,6.92,15,12.2,Fastened,No,No,Normal,No,No,Material Loading,Sunny,Expert,3,22.2,23.4
2025-05-15 11:00:00,LOD002,OP1007,2780.9,3.91,4,22.1,Fastened,No,No,Normal,No,No,Grading,Sunny,Beginner,6,40.4,39.8
2025-05-15 11:30:00,LOD002,OP1010,2783.0,7.65,16,31.4,Fastened,No,No,Dry Ground,No,No,Material Loading,Sunny,Expert,6,25.6,33.9
2025-05-15 12:00:00,LOD001,OP1005,3134.2,6.84,11,22.5,Fastened,No,No,Dry Ground,No,No,Earth Excavation,Sunny,Intermediate,4,59.2,58.7
2025-05-15 12:30:00,EXC002,OP1008,2269.1,7.0,11,34.2,Fastened,No,No,Normal,No,No,Earth Excavation,Sunny,Intermediate,4,55.9,65.7
2025-05-15 13:00:00,EXC002,OP1002,2269.9,7.42,14,30.3,Fastened,No,No,Normal,No,No,Earth Excavation,Sunny,Expert,4,56.3,62.6
2025-05-15 13:30:00,EXC005,OP1009,4333.6,5.09,8,9.9,Fastened,No,No,Low Visibility,No,No,Trenching,Cloudy,Intermediate,7,53.8,52.0
2025-05-15 14:00:00,LOD002,OP1006,2784.4,5.79,11,17.9,Unfastened,No,Yes,Normal,No,Yes,Demolition,Sunny,Intermediate,6,94.9,100.5
2025-05-15 14:30:00,EXC004,OP1009,1473.0,6.59,10,51.7,Fastened,No,No,Slippery,No,No,Grading,Rainy,Beginner,5,45.6,48.6
2025-05-15 15:00:00,EXC004,OP1002,1473.5,5.36,6,39.0,Fastened,No,No,Normal,No,No,Trenching,Sunny,Intermediate,5,51.5,59.0
2025-05-15 15:30:00,EXC002,OP1003,2270.4,6.29,10,30.2,Fastened,No,Yes,Strong Wind,Yes,No,Material Loading,Windy,Intermediate,4,36.2,47.5
2025-05-15 16:00:00,LOD001,OP1008,3135.7,5.88,10,30.3,Fastened,Yes,Yes,Normal,No,Yes,Earth Excavation,Windy,Intermediate,4,64.9,77.9
2025-05-15 16:30:00,EXC002,OP1001,2272.3,6.36,9,44.8,Fastened,Yes,Yes,Reduced Visibility,No,Yes,Grading,Rainy,Beginner,4,49.1,60.0
2025-05-15 17:00:00,EXC003,OP1010,1999.9,7.27,13,27.9,Fastened,No,No,Normal,No,No,Grading,Windy,Intermediate,3,42.2,43.8
2025-05-15 17:30:00,EXC003,OP1007,2000.2,6.35,10,45.0,Fastened,No,No,Wet Ground,No,No,Earth Excavation,Rainy,Intermediate,3,68.4,81.0
2025-05-15 18:00:00,EXC004,OP1007,1474.0,8.79,16,47.2,Fastened,No,No,Normal,No,No,Earth Excavation,Windy,Intermediate,5,68.4,83.2
2025-05-15 18:30:00,EXC002,OP1001,2274.6,7.47,12,38.9,Fastened,No,No,Normal,No,No,Material Loading,Sunny,Expert,4,26.9,29.7
2025-05-15 19:00:00,EXC001,OP1009,1686.3,7.68,13,36.2,Fastened,No,No,Normal,No,No,Material Loading,Sunny,Intermediate,2,27.0,37.5
2025-05-15 19:30:00,EXC005,OP1008,4334.8,6.28,10,40.1,Fastened,Yes,Yes,Slippery,No,Yes,Trenching,Rainy,Expert,7,50.3,70.0
2025-05-15 20:00:00,EXC002,OP1004,2274.9,7.83,13,57.3,Fastened,No,No,Dry Ground,No,No,Material Loading,Sunny,Beginner,4,37.2,42.6
2025-05-15 20:30:00,EXC004,OP1010,1475.9,8.56,17,28.8,Fastened,Yes,Yes,Wet Ground,No,Yes,Material Loading,Rainy,Intermediate,5,36.4,54.0
2025-05-15 21:00:00,EXC001,OP1005,1687.7,5.65,9,33.6,Fastened,Yes,Yes,Slippery,No,Yes,Earth Excavation,Rainy,Intermediate,2,67.9,82.5
2025-05-15 21:30:00,EXC004,OP1002,1476.6,4.85,6,13.7,Fastened,No,No,Normal,No,No,Trenching,Sunny,Intermediate,5,53.6,58.7
2025-05-15 22:00:00,EXC004,OP1009,1477.0,6.3,9,49.9,Fastened,No,No,Wet Ground,No,No,Trenching,Rainy,Beginner,5,61.0,66.8
2025-05-15 22:30:00,EXC001,OP1006,1688.8,3.78,4,24.7,Fastened,No,No,Normal,No,No,Demolition,Sunny,Intermediate,2,93.5,101.6
2025-05-15 23:00:00,EXC003,OP1003,2002.3,4.39,6,36.7,Fastened,No,No,Dry Ground,No,No,Demolition,Sunny,Intermediate,3,95.1,90.9
2025-05-15 23:30:00,EXC001,OP1007,1691.0,4.38,7,31.5,Unfastened,No,Yes,Normal,No,Yes,Demolition,Cloudy,Intermediate,2,87.1,92.3
2025-05-16 00:00:00,EXC001,OP1009,1692.6,5.37,9,27.0,Fastened,No,No,Normal,No,No,Grading,Sunny,Intermediate,2,38.2,39.4
2025-05-16 00:30:00,LOD002,OP1003,2786.2,6.13,13,30.5,Fastened,No,No,Normal,Yes,No,Material Loading,Cloudy,Expert,6,29.5,32.2
2025-05-16 01:00:00,EXC003,OP1002,2002.8,4.42,6,2.0,Fastened,No,No,Normal,No,No,Grading,Cloudy,Intermediate,3,36.3,38.4
2025-05-16 01:30:00,LOD001,OP1007,3137.3,6.14,10,21.9,Fastened,Yes,Yes,Normal,No,Yes,Demolition,Sunny,Expert,4,83.9,90.0
2025-05-16 02:00:00,EXC002,OP1007,2276.6,7.94,16,20.1,Fastened,No,No,Slippery,No,No,Earth Excavation,Rainy,Expert,4,66.3,76.2
2025-05-16 02:30:00,EXC005,OP1004,4335.5,7.75,15,10.8,Fastened,No,No,Normal,No,No,Material Loading,Cloudy,Intermediate,7,26.2,20.8
2025-05-16 03:00:00,LOD001,OP1009,3139.5,5.72,9,34.1,Fastened,No,No,Normal,No,No,Grading,Sunny,Expert,4,32.9,39.3
2025-05-16 03:30:00,EXC005,OP1008,4336.1,7.98,14,45.2,Fastened,No,No,Dry Ground,No,No,Material Loading,Sunny,Expert,7,30.2,42.2
2025-05-16 04:00:00,EXC004,OP1001,1477.9,8.05,14,62.1,Fastened,No,No,Wet Ground,No,No,Earth Excavation,Rainy,Intermediate,5,78.9,101.4
2025-05-16 04:30:00,EXC003,OP1001,2004.4,8.28,17,17.7,Fastened,No,No,Slippery,No,No,Material Loading,Rainy,Intermediate,3,31.5,50.0
2025-05-16 05:00:00,EXC003,OP1005,2006.1,4.6,8,37.0,Fastened,No,No,Normal,No,No,Grading,Sunny,Intermediate,3,37.4,43.0
2025-05-16 05:30:00,LOD002,OP1006,2788.0,8.48,17,17.4,Fastened,No,No,Normal,No,No,Material Loading,Sunny,Intermediate,6,30.3,32.8
2025-05-16 06:00:00,LOD001,OP1003,3140.0,5.92,11,38.3,Fastened,No,No,Slippery,No,No,Grading,Rainy,Intermediate,4,43.3,57.5
2025-05-16 06:30:00,LOD002,OP1009,2790.2,5.69,10,13.6,Fastened,No,No,Low Visibility,No,No,Trenching,Cloudy,Expert,6,46.8,48.1
2025-05-16 07:00:00,EXC001,OP1010,1694.0,2.45,2,9.4,Fastened,No,No,Dry Ground,No,No,Demolition,Sunny,Expert,2,80.4,80.7
2025-05-16 07:30:00,LOD001,OP1006,3141.2,7.19,13,39.8,Fastened,No,No,Low Visibility,No,No,Material Loading,Cloudy,Beginner,4,42.8,44.9
2025-05-16 08:00:00,LOD002,OP1004,2792.6,7.47,14,38.4,Fastened,No,No,Low Visibility,No,No,Material Loading,Cloudy,Beginner,6,41.6,46.8
2025-05-16 08:30:00,EXC002,OP1007,2278.5,6.0,10,34.3,Fastened,No,No,Slippery,No,No,Earth Excavation,Rainy,Expert,4,66.9,73.6
2025-05-16 09:00:00,EXC001,OP1008,1694.5,8.43,16,47.0,Fastened,No,No,Dry Ground,No,No,Earth Excavation,Sunny,Beginner,2,69.3,71.1
2025-05-16 09:30:00,LOD001,OP1009,3143.2,6.68,13,14.6,Fastened,No,No,Normal,No,No,Material Loading,Cloudy,Intermediate,4,30.5,32.4
2025-05-16 10:00:00,EXC004,OP1006,1478.4,5.66,9,11.3,Fastened,No,No,Dry Ground,No,No,Trenching,Sunny,Intermediate,5,48.6,52.0
2025-05-16 10:30:00,LOD001,OP1006,3143.4,8.06,15,41.2,Fastened,No,No,Dusty,No,No,Material Loading,Windy,Beginner,4,37.6,49.2
2025-05-16 11:00:00,EXC001,OP1008,1695.6,5.96,11,42.4,Unfastened,Yes,Yes,Slippery,No,Yes,Earth Excavation,Rainy,Beginner,2,79.4,98.6
2025-05-16 11:30:00,LOD001,OP1005,3145.9,6.63,8,46.5,Fastened,No,Yes,Reduced Visibility,Yes,No,Grading,Rainy,Intermediate,4,47.6,66.0
2025-05-16 12:00:00,EXC002,OP1003,2279.1,6.98,15,32.0,Fastened,No,No,Normal,No,No,Grading,Cloudy,Beginner,4,44.8,49.5
2025-05-16 12:30:00,EXC002,OP1003,2280.9,6.7,11,39.4,Fastened,No,No,Normal,No,No,Earth Excavation,Sunny,Intermediate,4,64.9,68.8
2025-05-16 13:00:00,EXC002,OP1006,2281.5,8.61,17,33.4,Fastened,No,Yes,Strong Wind,No,No,Material Loading,Windy,Intermediate,4,39.3,47.4
2025-05-16 13:30:00,LOD001,OP1002,3147.8,6.07,9,40.5,Fastened,No,No,Dry Ground,No,No,Grading,Sunny,Intermediate,4,36.6,41.4
2025-05-16 14:00:00,EXC005,OP1006,4337.5,7.09,13,28.5,Fastened,No,No,Wet Ground,No,No,Material Loading,Rainy,Expert,7,31.3,38.2
2025-05-16 14:30:00,EXC004,OP1006,1480.1,5.83,8,24.0,Fastened,No,No,Dry Ground,No,No,Trenching,Sunny,Intermediate,5,44.0,50.4
2025-05-16 15:00:00,EXC003,OP1008,2006.7,8.19,15,39.4,Fastened,No,No,Normal,No,No,Material Loading,Sunny,Intermediate,3,35.0,41.6
2025-05-16 15:30:00,LOD002,OP1007,2794.6,6.19,10,31.2,Fastened,No,No,Normal,No,No,Earth Excavation,Cloudy,Intermediate,6,64.4,67.6
2025-05-16 16:00:00,EXC003,OP1008,2009.2,4.62,6,33.7,Fastened,No,No,Wet Ground,No,No,Trenching,Rainy,Intermediate,3,44.4,50.1
2025-05-16 16:30:00,LOD001,OP1009,3149.5,6.63,13,27.1,Fastened,No,No,Wet Ground,No,No,Earth Excavation,Rainy,Expert,4,56.6,64.4
2025-05-16 17:00:00,EXC003,OP1006,2010.6,6.8,15,10.1,Fastened,No,No,Low Visibility,No,No,Material Loading,Cloudy,Intermediate,3,27.4,27.3
2025-05-16 17:30:00,EXC003,OP1003,2012.9,6.05,10,34.4,Fastened,No,No,Normal,No,No,Earth Excavation,Sunny,Intermediate,3,60.7,65.0
2025-05-16 18:00:00,EXC004,OP1010,1480.4,3.82,4,38.8,Fastened,No,Yes,Strong Wind,No,No,Demolition,Windy,Expert,5,91.2,111.4
2025-05-16 18:30:00,EXC002,OP1003,2283.3,5.37,8,29.1,Fastened,No,No,Dry Ground,No,No,Trenching,Sunny,Intermediate,4,48.4,53.1
2025-05-16 19:00:00,LOD001,OP1001,3151.8,5.43,7,33.1,Fastened,No,No,Slippery,No,No,Earth Excavation,Rainy,Beginner,4,79.1,91.0
2025-05-16 19:30:00,EXC004,OP1005,1480.7,7.53,14,43.7,Fastened,No,No,Normal,No,No,Material Loading,Cloudy,Intermediate,5,33.1,34.6
2025-05-16 20:00:00,EXC002,OP1004,2284.6,6.38,12,18.8,Fastened,No,No,Normal,No,No,Earth Excavation,Sunny,Expert,4,58.8,61.8
2025-05-16 20:30:00,LOD002,OP1009,2795.2,8.83,19,16.7,Unfastened,No,Yes,Normal,No,Yes,Material Loading,Sunny,Intermediate,6,31.4,33.4
2025-05-16 21:00:00,EXC003,OP1009,2014.4,5.58,8,33.5,Fastened,No,No,Normal,No,No,Trenching,Sunny,Expert,3,40.3,41.5
2025-05-16 21:30:00,EXC004,OP1005,1482.4,6.47,11,34.9,Fastened,No,No,Dry Ground,No,No,Earth Excavation,Sunny,Intermediate,5,60.4,63.0
2025-05-16 22:00:00,LOD002,OP1010,2796.1,7.1,12,17.0,Fastened,No,No,Normal,No,No,Earth Excavation,Sunny,Intermediate,6,67.0,69.1
2025-05-16 22:30:00,EXC005,OP1004,4338.7,5.28,6,42.6,Fastened,Yes,Yes,Dry Ground,No,Yes,Trenching,Sunny,Expert,7,39.2,53.1
2025-05-16 23:00:00,EXC001,OP1007,1696.5,5.5,11,20.4,Fastened,No,No,Dry Ground,No,No,Earth Excavation,Sunny,Intermediate,2,65.9,71.7
2025-05-16 23:30:00,LOD002,OP1006,2797.2,5.67,10,15.4,Fastened,No,No,Low Visibility,No,No,Grading,Cloudy,Expert,6,34.3,39.5
2025-05-17 00:00:00,EXC005,OP1004,4339.3,8.94,16,43.0,Fastened,No,No,Wet Ground,No,No,Material Loading,Rainy,Expert,7,30.1,45.4
2025-05-17 00:30:00,EXC003,OP1010,2016.6,6.86,13,10.6,Fastened,No,No,Normal,No,No,Material Loading,Sunny,Expert,3,30.3,25.2
2025-05-17 01:00:00,EXC001,OP1002,1696.7,6.86,14,41.8,Fastened,No,No,Dry Ground,No,No,Material Loading,Sunny,Beginner,2,36.7,38.1
2025-05-17 01:30:00,LOD001,OP1001,3154.0,5.56,10,15.3,Fastened,No,No,Normal,No,No,Material Loading,Sunny,Intermediate,4,32.4,30.3
2025-05-17 02:00:00,EXC005,OP1004,4340.8,4.9,8,9.4,Fastened,No,No,Low Visibility,No,No,Demolition,Cloudy,Expert,7,91.4,98.3
2025-05-17 02:30:00,EXC004,OP1004,1483.4,7.09,11,46.0,Fastened,No,No,Wet Ground,No,No,Earth Excavation,Rainy,Intermediate,5,72.9,88.3
2025-05-17 03:00:00,LOD002,OP1001,2799.0,7.93,16,39.6,Fastened,No,No,Normal,No,No,Earth Excavation,Cloudy,Intermediate,6,66.9,70.3
2025-05-17 03:30:00,LOD001,OP1006,3155.4,7.47,12,40.0,Fastened,No,No,Slippery,No,No,Earth Excavation,Rainy,Intermediate,4,75.8,89.4
2025-05-17 04:00:00,EXC001,OP1004,1698.0,4.78,9,19.1,Fastened,No,No,Low Visibility,No,No,Earth Excavation,Cloudy,Intermediate,2,63.6,60.1
2025-05-17 04:30:00,EXC003,OP1001,2017.1,5.34,9,20.0,Fastened,No,No,Low Visibility,No,No,Earth Excavation,Cloudy,Intermediate,3,66.1,73.6
2025-05-17 05:00:00,EXC002,OP1001,2285.7,8.01,16,49.4,Fastened,No,No,Normal,No,No,Material Loading,Sunny,Intermediate,4,24.6,23.5
2025-05-17 05:30:00,LOD001,OP1001,3156.1,7.63,12,59.4,Fastened,No,No,Wet Ground,No,No,Trenching,Rainy,Intermediate,4,54.8,66.3
2025-05-17 06:00:00,EXC001,OP1008,1698.3,5.8,10,55.2,Fastened,No,No,Normal,No,No,Demolition,Windy,Beginner,2,121.6,132.4
2025-05-17 06:30:00,EXC004,OP1010,1484.4,4.7,8,2.0,Fastened,No,No,Low Visibility,No,No,Earth Excavation,Cloudy,Intermediate,5,59.5,54.8
2025-05-17 07:00:00,LOD001,OP1008,3156.5,5.59,8,40.6,Fastened,No,No,Wet Ground,No,No,Trenching,Rainy,Expert,4,54.4,70.7
2025-05-17 07:30:00,LOD002,OP1002,2799.8,5.42,9,25.3,Fastened,No,No,Dry Ground,No,No,Demolition,Sunny,Expert,6,88.0,94.3
2025-05-17 08:00:00,EXC003,OP1007,2017.5,5.94,6,63.2,Fastened,No,Yes,Strong Wind,No,No,Grading,Windy,Beginner,3,39.7,52.7
2025-05-17 08:30:00,LOD001,OP1008,3157.0,8.69,17,23.1,Unfastened,No,Yes,Dry Ground,Yes,Yes,Material Loading,Sunny,Intermediate,4,31.3,42.8
2025-05-17 09:00:00,EXC001,OP1008,1698.9,6.74,13,31.1,Fastened,No,No,Dry Ground,No,No,Material Loading,Sunny,Intermediate,2,31.8,40.3
2025-05-17 09:30:00,LOD001,OP1010,3159.5,5.95,9,37.7,Fastened,No,No,Dry Ground,No,No,Grading,Sunny,Intermediate,4,39.1,44.7
2025-05-17 10:00:00,EXC001,OP1007,1699.1,7.6,15,43.0,Fastened,No,Yes,Strong Wind,No,No,Material Loading,Windy,Expert,2,28.4,56.1
2025-05-17 10:30:00,EXC003,OP1005,2019.2,6.71,14,26.6,Fastened,No,No,Slippery,No,No,Earth Excavation,Rainy,Expert,3,66.1,83.9
2025-05-17 11:00:00,LOD001,OP1001,3160.0,6.68,13,33.2,Fastened,No,Yes,Strong Wind,No,No,Grading,Windy,Expert,4,39.5,54.8
2025-05-17 11:30:00,EXC001,OP1009,1701.5,7.13,14,43.8,Fastened,No,No,Wet Ground,No,No,Material Loading,Rainy,Intermediate,2,37.8,53.1
2025-05-17 12:00:00,EXC002,OP1007,2286.1,7.13,10,56.6,Fastened,No,No,Normal,No,No,Earth Excavation,Cloudy,Intermediate,4,67.9,73.6
2025-05-17 12:30:00,LOD001,OP1002,3162.4,7.61,13,48.6,Fastened,No,No,Normal,No,No,Material Loading,Windy,Intermediate,4,32.4,41.3
2025-05-17 13:00:00,LOD001,OP1006,3164.0,5.77,9,45.8,Fastened,No,No,Dusty,No,No,Trenching,Windy,Beginner,4,60.2,77.5
2025-05-17 13:30:00,EXC005,OP1002,4341.0,5.57,9,28.2,Fastened,No,No,Low Visibility,No,No,Demolition,Cloudy,Beginner,7,121.0,119.6
2025-05-17 14:00:00,EXC005,OP1001,4343.3,7.89,14,58.7,Unfastened,No,Yes,Dry Ground,No,Yes,Earth Excavation,Sunny,Beginner,7,70.6,85.8
2025-05-17 14:30:00,EXC004,OP1007,1485.8,4.27,7,21.6,Fastened,No,No,Low Visibility,No,No,Demolition,Cloudy,Intermediate,5,98.6,100.2
2025-05-17 15:00:00,EXC002,OP1002,2286.9,8.06,15,40.1,Fastened,No,Yes,Strong Wind,Yes,No,Material Loading,Windy,Intermediate,4,30.4,45.6
2025-05-17 15:30:00,EXC003,OP1002,2021.1,5.53,7,53.1,Fastened,No,Yes,Reduced Visibility,No,No,Trenching,Rainy,Intermediate,3,57.1,75.1
2025-05-17 16:00:00,EXC002,OP1005,2289.2,6.89,11,27.7,Fastened,No,No,Slippery,No,No,Earth Excavation,Rainy,Intermediate,4,65.8,70.4
2025-05-17 16:30:00,LOD002,OP1005,2801.1,6.15,12,32.6,Unfastened,No,Yes,Strong Wind,No,Yes,Grading,Windy,Expert,6,34.4,42.2
2025-05-17 17:00:00,EXC004,OP1007,1486.7,5.21,7,21.1,Fastened,No,No,Normal,No,No,Demolition,Windy,Intermediate,5,109.0,109.4
2025-05-17 17:30:00,EXC003,OP1001,2023.1,5.4,6,45.6,Unfastened,Yes,Yes,Wet Ground,No,Yes,Trenching,Rainy,Intermediate,3,51.8,64.6
2025-05-17 18:00:00,EXC004,OP1008,1488.5,7.64,14,25.6,Fastened,No,Yes,Reduced Visibility,No,No,Earth Excavation,Rainy,Beginner,5,83.1,103.4
2025-05-17 18:30:00,LOD002,OP1003,2803.4,6.96,13,19.7,Fastened,No,No,Normal,No,No,Material Loading,Sunny,Expert,6,32.4,36.6
2025-05-17 19:00:00,EXC001,OP1004,1703.2,6.41,10,37.7,Fastened,No,No,Normal,No,No,Grading,Cloudy,Intermediate,2,36.4,42.9
2025-05-17 19:30:00,EXC004,OP1009,1489.2,5.65,8,33.4,Unfastened,No,Yes,Normal,No,Yes,Earth Excavation,Cloudy,Expert,5,52.3,63.1
2025-05-17 20:00:00,EXC004,OP1004,1491.6,6.29,12,22.5,Fastened,No,No,Wet Ground,No,No,Material Loading,Rainy,Intermediate,5,33.0,39.5
2025-05-17 20:30:00,EXC005,OP1010,4343.7,7.64,15,27.5,Fastened,No,No,Low Visibility,No,No,Material Loading,Cloudy,Expert,7,33.7,37.2
2025-05-17 21:00:00,EXC001,OP1005,1704.1,4.57,6,34.4,Fastened,No,No,Dry Ground,No,No,Trenching,Sunny,Intermediate,2,50.3,56.6
2025-05-17 21:30:00,LOD002,OP1007,2804.8,5.82,7,38.1,Fastened,No,No,Normal,No,No,Trenching,Sunny,Intermediate,6,41.7,42.9
2025-05-17 22:00:00,LOD002,OP1004,2806.3,7.88,15,16.6,Fastened,No,No,Low Visibility,No,No,Earth Excavation,Cloudy,Intermediate,6,62.7,65.8
2025-05-17 22:30:00,EXC004,OP1001,1491.8,5.73,9,16.7,Fastened,No,No,Normal,No,No,Grading,Cloudy,Intermediate,5,35.8,45.1
2025-05-17 23:00:00,EXC005,OP1009,4345.7,7.8,17,2.0,Fastened,Yes,Yes,Dry Ground,No,Yes,Material Loading,Sunny,Expert,7,27.7,30.8
2025-05-17 23:30:00,LOD002,OP1004,2807.3,6.15,13,19.5,Fastened,Yes,Yes,Dry Ground,No,Yes,Material Loading,Sunny,Intermediate,6,29.0,32.5
2025-05-18 00:00:00,EXC005,OP1009,4346.9,5.81,9,13.9,Fastened,No,No,Low Visibility,No,No,Trenching,Cloudy,Intermediate,7,49.9,53.2
2025-05-18 00:30:00,EXC001,OP1006,1706.1,3.98,5,6.7,Fastened,Yes,Yes,Dry Ground,No,Yes,Trenching,Sunny,Expert,2,39.6,51.0
2025-05-18 01:00:00,EXC004,OP1001,1492.9,5.64,9,20.6,Fastened,No,No,Dry Ground,No,No,Grading,Sunny,Intermediate,5,35.5,34.0
2025-05-18 01:30:00,EXC005,OP1003,4347.2,5.96,9,24.9,Fastened,No,No,Dry Ground,No,No,Trenching,Sunny,Expert,7,39.9,41.8
2025-05-18 02:00:00,EXC003,OP1002,2023.8,7.09,15,22.7,Fastened,No,No,Low Visibility,No,No,Material Loading,Cloudy,Intermediate,3,34.2,43.0
2025-05-18 02:30:00,LOD001,OP1009,3166.4,7.93,17,21.1,Fastened,No,No,Normal,No,No,Material Loading,Cloudy,Expert,4,24.8,26.6
2025-05-18 03:00:00,LOD002,OP1001,2807.7,6.09,9,51.1,Fastened,No,No,Normal,No,No,Trenching,Sunny,Beginner,6,56.0,68.4
2025-05-18 03:30:00,LOD002,OP1009,2808.7,6.77,11,43.5,Fastened,No,No,Wet Ground,No,No,Earth Excavation,Rainy,Intermediate,6,76.1,86.5
2025-05-18 04:00:00,EXC004,OP1009,1494.2,8.18,15,36.8,Unfastened,No,Yes,Normal,Yes,Yes,Earth Excavation,Sunny,Intermediate,5,69.0,79.3
2025-05-18 04:30:00,EXC001,OP1008,1707.5,6.8,13,21.7,Fastened,No,No,Normal,Yes,No,Earth Excavation,Sunny,Intermediate,2,62.7,66.9
2025-05-18 05:00:00,LOD002,OP1008,2808.9,4.8,9,2.8,Fastened,No,No,Dry Ground,No,No,Grading,Sunny,Intermediate,6,37.8,39.7
2025-05-18 05:30:00,LOD001,OP1001,3167.7,7.07,12,20.5,Fastened,No,No,Dry Ground,No,No,Earth Excavation,Sunny,Intermediate,4,57.3,62.8
2025-05-18 06:00:00,EXC001,OP1008,1708.5,6.9,12,42.5,Fastened,No,No,Dry Ground,No,No,Earth Excavation,Sunny,Expert,2,59.5,62.3
2025-05-18 06:30:00,LOD002,OP1010,2811.3,6.1,10,36.8,Fastened,No,No,Normal,No,No,Grading,Sunny,Expert,6,33.8,36.0
2025-05-18 07:00:00,LOD002,OP1003,2811.9,6.15,11,20.6,Fastened,No,No,Low Visibility,No,No,Earth Excavation,Cloudy,Expert,6,59.9,63.8
2025-05-18 07:30:00,EXC004,OP1007,1495.3,7.36,15,24.1,Fastened,No,No,Low Visibility,No,No,Material Loading,Cloudy,Expert,5,30.4,41.1
2025-05-18 08:00:00,EXC005,OP1001,4348.3,5.91,9,26.5,Fastened,Yes,Yes,Normal,No,Yes,Trenching,Cloudy,Expert,7,45.0,54.3
2025-05-18 08:30:00,EXC003,OP1001,2024.9,6.4,13,27.8,Fastened,No,Yes,Reduced Visibility,No,No,Earth Excavation,Rainy,Expert,3,64.0,83.9
2025-05-18 09:00:00,EXC001,OP1010,1710.3,5.0,8,15.9,Fastened,No,No,Dry Ground,No,No,Trenching,Sunny,Expert,2,40.2,38.5
2025-05-18 09:30:00,EXC003,OP1005,2025.5,6.29,11,18.5,Fastened,Yes,Yes,Dusty,No,Yes,Earth Excavation,Windy,Intermediate,3,68.9,80.1
2025-05-18 10:00:00,LOD001,OP1005,3168.5,5.32,7,30.9,Fastened,No,No,Dry Ground,No,No,Grading,Sunny,Expert,4,28.3,25.1
2025-05-18 10:30:00,EXC001,OP1008,1712.1,6.18,12,12.3,Fastened,Yes,Yes,Low Visibility,No,Yes,Material Loading,Cloudy,Expert,2,23.8,29.8
2025-05-18 11:00:00,EXC003,OP1007,2026.9,6.47,10,42.3,Fastened,No,No,Normal,No,No,Earth Excavation,Sunny,Expert,3,53.1,60.7
2025-05-18 11:30:00,EXC003,OP1008,2028.1,6.19,10,33.7,Fastened,No,Yes,Reduced Visibility,No,No,Earth Excavation,Rainy,Intermediate,3,74.8,92.8
2025-05-18 12:00:00,EXC004,OP1006,1495.8,7.34,12,39.3,Fastened,Yes,Yes,Normal,No,Yes,Trenching,Cloudy,Beginner,5,57.3,58.9
2025-05-18 12:30:00,LOD002,OP1006,2812.5,7.25,15,12.4,Fastened,No,No,Dry Ground,No,No,Earth Excavation,Sunny,Expert,6,55.3,62.8
2025-05-18 13:00:00,EXC003,OP1002,2028.3,5.97,10,43.0,Fastened,No,No,Low Visibility,No,No,Earth Excavation,Cloudy,Expert,3,54.9,61.5
2025-05-18 13:30:00,EXC003,OP1006,2028.7,8.83,16,62.7,Fastened,No,No,Normal,No,No,Material Loading,Sunny,Intermediate,3,30.7,35.5
2025-05-18 14:00:00,LOD001,OP1005,3169.9,6.75,9,56.6,Fastened,No,No,Slippery,No,No,Grading,Rainy,Intermediate,4,43.1,52.6
2025-05-18 14:30:00,EXC004,OP1003,1498.1,4.94,8,14.5,Fastened,No,No,Normal,No,No,Trenching,Cloudy,Intermediate,5,52.8,53.6
2025-05-18 15:00:00,EXC002,OP1006,2290.1,5.94,8,29.5,Fastened,No,No,Normal,No,No,Grading,Sunny,Intermediate,4,42.6,41.8
2025-05-18 15:30:00,EXC004,OP1008,1499.1,6.75,12,25.1,Fastened,No,No,Dry Ground,No,No,Demolition,Sunny,Intermediate,5,94.1,92.0
2025-05-18 16:00:00,EXC001,OP1009,1712.6,7.91,16,20.9,Fastened,No,No,Normal,No,No,Earth Excavation,Sunny,Intermediate,2,67.8,72.4
2025-05-18 16:30:00,EXC002,OP1001,2291.2,5.34,9,31.3,Fastened,No,No,Low Visibility,No,No,Grading,Cloudy,Expert,4,34.0,36.1
2025-05-18 17:00:00,EXC004,OP1003,1499.3,5.25,8,10.4,Fastened,No,No,Dry Ground,No,No,Grading,Sunny,Intermediate,5,37.7,38.4
2025-05-18 17:30:00,EXC003,OP1003,2031.0,5.8,10,16.9,Fastened,Yes,Yes,Low Visibility,No,Yes,Trenching,Cloudy,Intermediate,3,50.7,55.5
2025-05-18 18:00:00,LOD002,OP1008,2814.3,4.33,3,16.6,Fastened,Yes,Yes,Dusty,No,Yes,Demolition,Windy,Expert,6,96.1,104.7
2025-05-18 18:30:00,EXC003,OP1001,2033.5,7.14,14,18.7,Fastened,No,No,Dry Ground,No,No,Earth Excavation,Sunny,Intermediate,3,66.5,69.6
2025-05-18 19:00:00,EXC004,OP1005,1501.6,7.35,12,45.2,Fastened,No,Yes,Strong Wind,No,No,Earth Excavation,Windy,Beginner,5,74.4,94.4
2025-05-18 19:30:00,EXC005,OP1003,4349.6,4.16,6,9.4,Fastened,Yes,Yes,Normal,Yes,Yes,Grading,Cloudy,Intermediate,7,38.9,47.6
2025-05-18 20:00:00,EXC001,OP1002,1714.0,5.08,7,31.6,Fastened,No,No,Dry Ground,No,No,Trenching,Sunny,Intermediate,2,49.7,47.7
2025-05-18 20:30:00,EXC005,OP1008,4350.3,5.43,6,32.9,Fastened,No,No,Dry Ground,No,No,Trenching,Sunny,Expert,7,40.1,42.0
2025-05-18 21:00:00,EXC002,OP1003,2292.4,7.04,12,49.7,Fastened,No,No,Wet Ground,No,No,Earth Excavation,Rainy,Expert,4,59.0,68.6
2025-05-18 21:30:00,LOD002,OP1007,2816.6,6.06,10,35.7,Fastened,No,No,Dry Ground,No,No,Grading,Sunny,Intermediate,6,32.6,41.5
2025-05-18 22:00:00,EXC001,OP1001,1714.3,5.22,6,26.2,Fastened,No,No,Normal,No,No,Grading,Sunny,Intermediate,2,35.3,35.1
2025-05-18 22:30:00,EXC003,OP1006,2035.7,7.06,14,26.6,Fastened,No,No,Normal,No,No,Material Loading,Sunny,Beginner,3,41.6,42.4
2025-05-18 23:00:00,EXC001,OP1003,1715.3,6.01,8,47.9,Fastened,No,No,Wet Ground,No,No,Demolition,Rainy,Expert,2,90.5,103.2
2025-05-18 23:30:00,LOD002,OP1008,2818.8,5.19,9,10.4,Fastened,No,No,Normal,No,No,Trenching,Cloudy,Expert,6,40.7,41.6
2025-05-19 00:00:00,EXC004,OP1006,1503.9,5.57,11,2.0,Fastened,No,No,Normal,No,No,Earth Excavation,Cloudy,Intermediate,5,63.4,66.8
2025-05-19 00:30:00,EXC005,OP1002,4352.0,8.36,16,39.7,Fastened,No,No,Dry Ground,No,No,Material Loading,Sunny,Intermediate,7,29.1,32.1
2025-05-19 01:00:00,EXC001,OP1006,1717.0,6.63,10,51.6,Fastened,No,No,Wet Ground,No,No,Grading,Rainy,Expert,2,33.4,42.6
2025-05-19 01:30:00,LOD001,OP1007,3171.2,6.67,11,26.5,Fastened,No,Yes,Strong Wind,No,No,Earth Excavation,Windy,Expert,4,54.5,71.7
2025-05-19 02:00:00,EXC002,OP1005,2294.6,7.21,13,46.6,Fastened,No,No,Normal,No,No,Earth Excavation,Sunny,Intermediate,4,60.8,67.3
2025-05-19 02:30:00,LOD002,OP1003,2821.2,5.29,7,17.6,Fastened,No,No,Normal,No,No,Grading,Sunny,Expert,6,39.3,45.5
2025-05-19 03:00:00,EXC002,OP1004,2296.5,5.38,7,40.3,Fastened,No,Yes,Strong Wind,No,No,Demolition,Windy,Intermediate,4,102.8,106.1
2025-05-19 03:30:00,EXC002,OP1004,2298.2,6.62,10,56.2,Fastened,No,No,Wet Ground,No,No,Material Loading,Rainy,Intermediate,4,39.4,58.8
2025-05-19 04:00:00,EXC001,OP1006,1718.6,6.16,11,20.3,Fastened,No,No,Low Visibility,No,No,Earth Excavation,Cloudy,Intermediate,2,61.2,69.4
2025-05-19 04:30:00,EXC004,OP1010,1506.1,6.77,10,36.8,Unfastened,No,Yes,Normal,No,Yes,Demolition,Windy,Intermediate,5,99.5,122.0
2025-05-19 05:00:00,EXC004,OP1001,1507.5,5.27,6,40.9,Fastened,No,No,Normal,No,No,Demolition,Cloudy,Intermediate,5,98.9,98.7
2025-05-19 05:30:00,EXC001,OP1004,1720.7,7.95,18,20.1,Fastened,No,No,Normal,No,No,Material Loading,Sunny,Intermediate,2,30.9,28.5
2025-05-19 06:00:00,LOD001,OP1010,3172.5,5.9,9,35.6,Fastened,No,No,Wet Ground,No,No,Grading,Rainy,Intermediate,4,41.7,50.4
2025-05-19 06:30:00,EXC004,OP1004,1507.9,5.05,7,18.6,Fastened,No,No,Low Visibility,No,No,Grading,Cloudy,Intermediate,5,42.9,39.6
2025-05-19 07:00:00,EXC004,OP1010,1509.0,5.26,8,30.3,Fastened,Yes,Yes,Normal,No,Yes,Demolition,Windy,Intermediate,5,99.6,121.2
2025-05-19 07:30:00,EXC003,OP1001,2036.9,6.09,11,18.5,Fastened,No,No,Dry Ground,No,No,Grading,Sunny,Beginner,3,38.6,48.1
2025-05-19 08:00:00,EXC003,OP1009,2037.4,9.32,20,46.6,Fastened,No,No,Normal,No,No,Material Loading,Cloudy,Expert,3,31.2,44.4
2025-05-19 08:30:00,EXC004,OP1004,1509.4,7.68,12,58.6,Fastened,No,No,Wet Ground,No,No,Material Loading,Rainy,Intermediate,5,38.4,51.6
2025-05-19 09:00:00,EXC001,OP1007,1722.1,7.57,15,12.7,Fastened,No,No,Dry Ground,No,No,Material Loading,Sunny,Intermediate,2,27.5,32.7
2025-05-19 09:30:00,EXC002,OP1003,2298.6,7.5,15,25.9,Fastened,No,No,Dry Ground,No,No,Material Loading,Sunny,Expert,4,28.3,35.3
2025-05-19 10:00:00,LOD002,OP1010,2822.1,7.34,12,40.7,Fastened,No,Yes,Strong Wind,No,No,Grading,Windy,Intermediate,6,34.7,45.2
2025-05-19 10:30:00,LOD002,OP1003,2824.1,5.58,8,17.8,Fastened,No,No,Normal,No,No,Demolition,Sunny,Intermediate,6,96.3,104.1
2025-05-19 11:00:00,EXC003,OP1008,2039.8,7.14,14,32.0,Fastened,No,No,Normal,No,No,Material Loading,Cloudy,Intermediate,3,30.4,32.4
2025-05-19 11:30:00,EXC002,OP1008,2300.4,7.32,12,50.0,Fastened,No,Yes,Strong Wind,No,No,Material Loading,Windy,Expert,4,29.6,41.6
2025-05-19 12:00:00,EXC005,OP1001,4354.5,5.65,8,16.2,Fastened,No,No,Dry Ground,No,No,Trenching,Sunny,Expert,7,39.9,47.1
2025-05-19 12:30:00,EXC003,OP1010,2041.6,8.29,15,36.4,Fastened,No,Yes,Strong Wind,No,No,Material Loading,Windy,Intermediate,3,37.0,43.0
2025-05-19 13:00:00,EXC001,OP1002,1723.0,7.76,16,32.0,Fastened,No,No,Slippery,No,No,Material Loading,Rainy,Intermediate,2,36.0,52.1
2025-05-19 13:30:00,EXC001,OP1008,1724.7,6.08,11,40.6,Fastened,No,No,Low Visibility,No,No,Earth Excavation,Cloudy,Beginner,2,75.5,77.0
2025-05-19 14:00:00,LOD001,OP1001,3174.4,7.78,15,28.0,Fastened,No,No,Dry Ground,No,No,Material Loading,Sunny,Expert,4,27.8,34.7
2025-05-19 14:30:00,EXC005,OP1008,4355.5,6.34,8,56.5,Unfastened,No,Yes,Strong Wind,No,Yes,Earth Excavation,Windy,Intermediate,7,72.9,79.6
2025-05-19 15:00:00,EXC001,OP1008,1725.0,6.01,9,47.2,Fastened,No,No,Normal,No,No,Earth Excavation,Sunny,Expert,2,49.5,46.3
2025-05-19 15:30:00,EXC002,OP1002,2302.2,6.65,12,36.5,Unfastened,No,Yes,Normal,No,Yes,Grading,Sunny,Intermediate,4,36.4,43.9
2025-05-19 16:00:00,EXC002,OP1004,2302.5,6.45,12,8.9,Fastened,No,No,Dry Ground,No,No,Earth Excavation,Sunny,Intermediate,4,66.0,68.1
2025-05-19 16:30:00,EXC005,OP1006,4357.2,5.61,9,25.8,Fastened,No,No,Dry Ground,No,No,Trenching,Sunny,Expert,7,37.4,45.8
2025-05-19 17:00:00,EXC001,OP1009,1725.6,4.99,10,3.5,Fastened,No,No,Low Visibility,No,No,Earth Excavation,Cloudy,Expert,2,57.1,53.9
2025-05-19 17:30:00,EXC001,OP1008,1727.1,5.56,10,18.7,Fastened,No,No,Dusty,No,No,Earth Excavation,Windy,Intermediate,2,67.8,76.5
2025-05-19 18:00:00,LOD001,OP1008,3175.7,5.4,8,17.3,Fastened,Yes,Yes,Dusty,No,Yes,Grading,Windy,Intermediate,4,38.2,45.6
2025-05-19 18:30:00,EXC002,OP1007,2302.7,6.95,15,21.7,Fastened,No,No,Normal,No,No,Material Loading,Sunny,Intermediate,4,34.2,33.2
2025-05-19 19:00:00,EXC005,OP1009,4358.2,5.79,8,51.7,Fastened,No,No,Dry Ground,No,No,Demolition,Sunny,Intermediate,7,99.3,108.7
2025-05-19 19:30:00,EXC002,OP1002,2304.3,4.69,7,26.4,Fastened,Yes,Yes,Low Visibility,No,Yes,Trenching,Cloudy,Intermediate,4,46.3,56.1
2025-05-19 20:00:00,EXC001,OP1003,1729.2,5.69,7,32.5,Fastened,No,No,Dry Ground,No,No,Earth Excavation,Sunny,Intermediate,2,60.0,65.6
2025-05-19 20:30:00,EXC002,OP1010,2306.5,5.97,9,36.4,Fastened,Yes,Yes,Slippery,No,Yes,Trenching,Rainy,Intermediate,4,50.3,58.9
2025-05-19 21:00:00,LOD001,OP1008,3177.0,5.76,10,33.6,Fastened,No,Yes,Reduced Visibility,No,No,Grading,Rainy,Intermediate,4,42.8,60.9
2025-05-19 21:30:00,LOD001,OP1006,3178.9,8.12,16,38.6,Unfastened,No,Yes,Slippery,No,Yes,Material Loading,Rainy,Intermediate,4,36.5,45.4
2025-05-19 22:00:00,LOD001,OP1010,3179.8,6.17,9,37.6,Fastened,No,No,Dry Ground,No,No,Demolition,Sunny,Intermediate,4,93.6,108.5
2025-05-19 22:30:00,EXC003,OP1009,2042.6,8.8,16,38.9,Fastened,No,No,Normal,No,No,Material Loading,Cloudy,Intermediate,3,32.1,39.2
2025-05-19 23:00:00,EXC005,OP1010,4358.9,8.16,18,26.0,Fastened,No,No,Dry Ground,No,No,Material Loading,Sunny,Expert,7,26.3,29.5
2025-05-19 23:30:00,EXC002,OP1004,2308.0,6.26,10,54.4,Fastened,No,No,Dry Ground,No,No,Grading,Sunny,Beginner,4,37.6,42.0
2025-05-20 00:00:00,EXC002,OP1008,2309.0,4.31,5,29.9,Fastened,No,No,Normal,No,No,Demolition,Cloudy,Intermediate,4,97.7,98.7
2025-05-20 00:30:00,LOD002,OP1010,2824.4,6.24,10,37.0,Fastened,No,No,Dusty,No,No,Trenching,Windy,Intermediate,6,50.9,61.8
2025-05-20 01:00:00,EXC001,OP1003,1731.0,7.56,14,50.0,Fastened,No,No,Normal,No,No,Earth Excavation,Windy,Intermediate,2,63.0,69.7
2025-05-20 01:30:00,EXC001,OP1003,1732.8,7.24,14,34.5,Fastened,No,No,Normal,No,No,Material Loading,Windy,Intermediate,2,30.9,43.9
2025-05-20 02:00:00,EXC002,OP1008,2310.0,8.98,17,30.1,Fastened,No,No,Normal,No,No,Material Loading,Windy,Intermediate,4,36.5,49.8
2025-05-20 02:30:00,EXC001,OP1005,1733.2,4.59,7,34.0,Fastened,No,No,Dry Ground,No,No,Demolition,Sunny,Intermediate,2,94.4,101.0
2025-05-20 03:00:00,EXC002,OP1003,2311.2,8.5,18,24.3,Fastened,No,No,Low Visibility,No,No,Material Loading,Cloudy,Expert,4,30.9,28.0
2025-05-20 03:30:00,EXC004,OP1010,1510.6,8.34,16,35.1,Fastened,No,No,Dry Ground,No,No,Earth Excavation,Sunny,Expert,5,56.6,67.7
2025-05-20 04:00:00,EXC003,OP1001,2044.4,5.91,13,10.0,Fastened,No,No,Dry Ground,No,No,Demolition,Sunny,Beginner,3,104.6,104.8
2025-05-20 04:30:00,LOD002,OP1003,2825.4,6.22,10,11.9,Fastened,Yes,Yes,Low Visibility,No,Yes,Grading,Cloudy,Intermediate,6,42.2,49.9
2025-05-20 05:00:00,LOD001,OP1009,3181.6,7.54,15,28.4,Fastened,No,No,Wet Ground,No,No,Earth Excavation,Rainy,Intermediate,4,70.8,79.3
2025-05-20 05:30:00,EXC003,OP1005,2046.6,5.69,9,47.3,Fastened,No,No,Low Visibility,No,No,Demolition,Cloudy,Intermediate,3,96.3,105.3
2025-05-20 06:00:00,EXC002,OP1010,2311.9,6.21,10,15.5,Fastened,No,No,Normal,No,No,Trenching,Sunny,Intermediate,4,44.2,46.3
2025-05-20 06:30:00,EXC003,OP1002,2049.0,5.95,9,32.8,Fastened,No,No,Dry Ground,No,No,Trenching,Sunny,Intermediate,3,45.6,52.3
2025-05-20 07:00:00,EXC005,OP1007,4360.0,5.8,9,32.7,Fastened,No,No,Normal,No,No,Demolition,Sunny,Intermediate,7,88.3,92.6
2025-05-20 07:30:00,EXC002,OP1002,2312.7,6.19,11,13.4,Fastened,No,No,Normal,No,No,Material Loading,Sunny,Expert,4,26.2,32.7
2025-05-20 08:00:00,EXC005,OP1004,4361.1,6.46,11,20.5,Fastened,No,No,Dry Ground,No,No,Earth Excavation,Sunny,Intermediate,7,59.6,62.5
2025-05-20 08:30:00,EXC003,OP1007,2049.4,4.18,6,31.4,Fastened,No,No,Normal,No,No,Trenching,Cloudy,Intermediate,3,48.4,57.9
2025-05-20 09:00:00,EXC004,OP1004,1511.1,5.39,8,47.3,Fastened,No,No,Slippery,No,No,Grading,Rainy,Expert,5,36.2,50.2
2025-05-20 09:30:00,EXC003,OP1007,2050.6,5.16,8,18.7,Fastened,No,No,Normal,No,No,Earth Excavation,Sunny,Beginner,3,70.2,70.4
2025-05-20 10:00:00,EXC002,OP1007,2314.7,6.17,13,21.9,Fastened,No,No,Normal,No,No,Material Loading,Cloudy,Intermediate,4,38.5,40.1
2025-05-20 10:30:00,LOD002,OP1001,2827.6,6.52,9,42.9,Fastened,No,No,Dry Ground,No,No,Grading,Sunny,Intermediate,6,34.0,37.9
2025-05-20 11:00:00,LOD001,OP1006,3183.3,5.07,8,36.7,Fastened,No,No,Dusty,No,No,Trenching,Windy,Intermediate,4,50.9,55.2
2025-05-20 11:30:00,EXC001,OP1009,1733.6,6.09,9,38.1,Unfastened,No,Yes,Dry Ground,No,Yes,Grading,Sunny,Intermediate,2,36.4,42.0
2025-05-20 12:00:00,LOD002,OP1002,2829.4,6.43,9,33.1,Fastened,No,No,Slippery,No,No,Demolition,Rainy,Beginner,6,123.3,125.6
2025-05-20 12:30:00,EXC004,OP1003,1512.8,6.94,12,31.3,Fastened,No,Yes,Strong Wind,No,No,Material Loading,Windy,Intermediate,5,37.3,49.8
2025-05-20 13:00:00,LOD002,OP1010,2831.4,3.18,3,51.8,Fastened,Yes,Yes,Slippery,No,Yes,Trenching,Rainy,Beginner,6,68.0,84.3
2025-05-20 13:30:00,LOD001,OP1005,3185.4,7.45,13,32.7,Fastened,No,No,Normal,No,No,Earth Excavation,Sunny,Expert,4,59.8,65.9
2025-05-20 14:00:00,EXC003,OP1009,2052.8,6.99,14,26.3,Fastened,No,No,Low Visibility,No,No,Material Loading,Cloudy,Beginner,3,33.7,34.2
2025-05-20 14:30:00,EXC001,OP1004,1734.8,4.49,6,26.0,Fastened,Yes,Yes,Dry Ground,No,Yes,Demolition,Sunny,Intermediate,2,89.7,101.9
2025-05-20 15:00:00,EXC002,OP1001,2316.5,4.27,6,21.2,Fastened,No,No,Dry Ground,No,No,Trenching,Sunny,Expert,4,36.0,43.9
2025-05-20 15:30:00,EXC004,OP1004,1513.6,6.58,10,25.5,Fastened,No,No,Normal,No,No,Trenching,Sunny,Intermediate,5,46.7,52.1
2025-05-20 16:00:00,EXC005,OP1006,4363.6,4.88,6,24.5,Fastened,No,No,Normal,No,No,Trenching,Windy,Intermediate,7,51.7,56.5
2025-05-20 16:30:00,EXC002,OP1005,2317.1,7.15,12,54.7,Fastened,No,Yes,Strong Wind,No,No,Material Loading,Windy,Beginner,4,41.1,61.1
2025-05-20 17:00:00,EXC001,OP1001,1735.0,8.19,16,26.5,Fastened,No,No,Dry Ground,No,No,Earth Excavation,Sunny,Intermediate,2,66.5,75.3
2025-05-20 17:30:00,LOD001,OP1004,3186.0,6.43,11,20.8,Fastened,Yes,Yes,Low Visibility,No,Yes,Grading,Cloudy,Beginner,4,39.3,42.5
2025-05-20 18:00:00,LOD002,OP1006,2833.4,4.9,7,33.6,Fastened,No,No,Normal,No,No,Trenching,Windy,Intermediate,6,51.9,50.8
2025-05-20 18:30:00,EXC004,OP1010,1514.8,3.67,3,17.7,Fastened,No,No,Low Visibility,No,No,Grading,Cloudy,Expert,5,33.4,40.4
2025-05-20 19:00:00,EXC002,OP1010,2318.3,6.84,14,8.3,Fastened,No,No,Normal,No,No,Material Loading,Sunny,Intermediate,4,30.7,33.5
2025-05-20 19:30:00,EXC002,OP1004,2320.7,6.62,14,23.2,Fastened,Yes,Yes,Normal,No,Yes,Material Loading,Cloudy,Intermediate,4,36.8,44.4
2025-05-20 20:00:00,EXC001,OP1009,1737.3,7.87,15,33.7,Fastened,No,No,Wet Ground,No,No,Earth Excavation,Rainy,Intermediate,2,70.7,85.0
2025-05-20 20:30:00,LOD002,OP1005,2834.3,4.28,5,19.0,Fastened,No,No,Low Visibility,No,No,Grading,Cloudy,Intermediate,6,39.9,43.2
2025-05-20 21:00:00,EXC001,OP1008,1738.0,8.46,15,38.7,Fastened,No,No,Wet Ground,No,No,Earth Excavation,Rainy,Intermediate,2,71.8,90.6
2025-05-20 21:30:00,EXC004,OP1009,1517.0,7.36,13,22.4,Fastened,No,No,Dry Ground,No,No,Earth Excavation,Sunny,Intermediate,5,63.7,60.4
2025-05-20 22:00:00,EXC002,OP1010,2323.0,5.94,11,10.5,Fastened,No,No,Normal,No,No,Material Loading,Sunny,Intermediate,4,28.9,26.5
2025-05-20 22:30:00,EXC004,OP1005,1518.4,6.63,12,26.7,Fastened,No,No,Normal,No,No,Grading,Sunny,Intermediate,5,42.4,48.6
2025-05-20 23:00:00,EXC005,OP1006,4365.3,5.49,11,15.9,Fastened,No,No,Normal,No,No,Earth Excavation,Sunny,Expert,7,57.7,54.6
2025-05-20 23:30:00,LOD001,OP1001,3186.8,5.22,7,24.4,Fastened,No,No,Low Visibility,No,No,Earth Excavation,Cloudy,Expert,4,59.4,60.8
2025-05-21 00:00:00,EXC002,OP1007,2325.0,4.7,8,3.3,Fastened,Yes,Yes,Normal,No,Yes,Grading,Sunny,Intermediate,4,37.2,38.1
2025-05-21 00:30:00,EXC001,OP1004,1739.7,6.11,10,45.2,Fastened,No,No,Wet Ground,No,No,Grading,Rainy,Expert,2,30.6,50.2
2025-05-21 01:00:00,EXC001,OP1002,1741.0,6.26,12,18.8,Fastened,No,No,Dry Ground,No,No,Earth Excavation,Sunny,Intermediate,2,58.1,61.7
2025-05-21 01:30:00,LOD002,OP1005,2834.7,8.63,16,29.9,Fastened,No,No,Wet Ground,No,No,Material Loading,Rainy,Expert,6,33.3,47.5
2025-05-21 02:00:00,LOD002,OP1003,2837.0,7.61,10,68.3,Fastened,No,No,Normal,No,No,Trenching,Windy,Beginner,6,56.7,71.5
2025-05-21 02:30:00,EXC005,OP1006,4366.9,7.74,12,45.3,Fastened,No,Yes,Reduced Visibility,Yes,No,Material Loading,Rainy,Intermediate,7,38.1,62.0
2025-05-21 03:00:00,EXC005,OP1008,4367.5,4.41,6,22.4,Fastened,No,Yes,Strong Wind,No,No,Demolition,Windy,Expert,7,90.9,93.6
2025-05-21 03:30:00,EXC005,OP1007,4369.1,6.38,10,13.3,Fastened,No,No,Low Visibility,No,No,Earth Excavation,Cloudy,Intermediate,7,66.2,66.9
2025-05-21 04:00:00,EXC002,OP1003,2326.8,4.03,6,8.2,Fastened,No,No,Dry Ground,No,No,Grading,Sunny,Expert,4,27.6,23.7
2025-05-21 04:30:00,LOD002,OP1008,2838.4,8.23,14,50.6,Fastened,No,No,Normal,No,No,Material Loading,Windy,Intermediate,6,36.9,42.0
2025-05-21 05:00:00,EXC003,OP1002,2054.6,8.71,16,54.3,Fastened,No,No,Wet Ground,No,No,Material Loading,Rainy,Intermediate,3,36.9,47.4
2025-05-21 05:30:00,EXC003,OP1010,2056.2,8.17,16,43.5,Fastened,No,No,Wet Ground,No,No,Material Loading,Rainy,Intermediate,3,37.0,50.2
2025-05-21 06:00:00,EXC004,OP1009,1520.8,4.64,6,19.9,Fastened,No,No,Low Visibility,No,No,Demolition,Cloudy,Expert,5,87.3,89.5
2025-05-21 06:30:00,EXC001,OP1004,1741.3,4.45,9,8.1,Fastened,No,No,Low Visibility,No,No,Earth Excavation,Cloudy,Intermediate,2,60.9,57.2
2025-05-21 07:00:00,EXC002,OP1001,2327.2,5.88,10,23.2,Fastened,No,No,Normal,No,No,Earth Excavation,Sunny,Intermediate,4,67.1,69.8
2025-05-21 07:30:00,LOD001,OP1008,3187.4,4.65,7,16.5,Fastened,No,No,Slippery,No,No,Earth Excavation,Rainy,Expert,4,69.6,81.3
2025-05-21 08:00:00,EXC001,OP1007,1743.1,4.61,4,24.8,Fastened,No,No,Dry Ground,No,No,Demolition,Sunny,Expert,2,82.4,87.5
2025-05-21 08:30:00,EXC005,OP1005,4370.8,5.38,7,33.4,Fastened,No,No,Normal,No,No,Grading,Sunny,Expert,7,32.0,36.7
2025-05-21 09:00:00,EXC002,OP1010,2329.5,7.88,17,24.5,Fastened,No,No,Normal,No,No,Material Loading,Cloudy,Intermediate,4,27.0,25.9
2025-05-21 09:30:00,EXC003,OP1005,2058.1,6.85,14,12.7,Fastened,No,No,Normal,No,No,Earth Excavation,Cloudy,Expert,3,58.0,56.5
2025-05-21 10:00:00,EXC002,OP1007,2330.9,6.01,12,13.0,Fastened,No,No,Normal,No,No,Demolition,Sunny,Expert,4,82.2,76.0
2025-05-21 10:30:00,EXC003,OP1005,2060.5,6.05,10,53.3,Fastened,No,No,Slippery,No,No,Grading,Rainy,Expert,3,35.9,51.1
2025-05-21 11:00:00,LOD001,OP1008,3188.2,7.71,13,53.1,Fastened,No,No,Slippery,No,No,Material Loading,Rainy,Beginner,4,44.2,60.6
2025-05-21 11:30:00,EXC002,OP1006,2333.0,5.31,8,26.6,Fastened,No,No,Normal,No,No,Trenching,Cloudy,Intermediate,4,45.3,44.2
2025-05-21 12:00:00,EXC004,OP1005,1522.0,6.68,11,26.5,Fastened,No,No,Low Visibility,No,No,Earth Excavation,Cloudy,Intermediate,5,70.6,75.1
2025-05-21 12:30:00,EXC004,OP1009,1523.7,7.43,13,24.3,Fastened,No,Yes,Strong Wind,No,No,Material Loading,Windy,Intermediate,5,31.0,39.7
2025-05-21 13:00:00,EXC005,OP1002,4372.7,6.78,10,25.2,Fastened,Yes,Yes,Dry Ground,Yes,Yes,Grading,Sunny,Intermediate,7,31.3,40.0
2025-05-21 13:30:00,LOD002,OP1001,2840.1,7.15,12,40.4,Fastened,Yes,Yes,Wet Ground,No,Yes,Earth Excavation,Rainy,Beginner,6,82.1,95.7
2025-05-21 14:00:00,LOD001,OP1008,3188.7,7.58,14,31.0,Fastened,No,No,Normal,No,No,Material Loading,Sunny,Intermediate,4,32.3,30.8
2025-05-21 14:30:00,EXC002,OP1003,2334.2,5.48,7,42.3,Fastened,No,No,Dry Ground,No,No,Trenching,Sunny,Intermediate,4,47.2,49.9
2025-05-21 15:00:00,EXC001,OP1007,1744.6,4.77,11,4.9,Fastened,No,No,Normal,No,No,Grading,Cloudy,Intermediate,2,37.3,36.8
2025-05-21 15:30:00,EXC002,OP1010,2336.4,8.43,13,70.4,Fastened,No,Yes,Slippery,Yes,Yes,Material Loading,Rainy,Intermediate,4,35.0,55.3
2025-05-21 16:00:00,EXC005,OP1008,4373.9,6.18,10,19.8,Fastened,No,No,Dry Ground,Yes,No,Earth Excavation,Sunny,Expert,7,56.3,58.5
2025-05-21 16:30:00,EXC001,OP1006,1746.9,8.12,16,34.4,Fastened,No,No,Dry Ground,No,No,Material Loading,Sunny,Intermediate,2,26.9,29.6
2025-05-21 17:00:00,EXC004,OP1010,1524.9,6.0,10,33.1,Fastened,No,No,Normal,No,No,Trenching,Cloudy,Intermediate,5,49.1,49.4
2025-05-21 17:30:00,EXC005,OP1009,4375.4,7.07,14,21.0,Fastened,No,No,Low Visibility,No,No,Earth Excavation,Cloudy,Beginner,7,79.2,83.3
2025-05-21 18:00:00,EXC003,OP1007,2062.6,5.1,9,9.5,Fastened,No,No,Low Visibility,No,No,Grading,Cloudy,Intermediate,3,37.2,36.3
2025-05-21 18:30:00,LOD001,OP1010,3190.2,5.2,8,14.7,Fastened,No,No,Dry Ground,No,No,Earth Excavation,Sunny,Expert,4,53.9,57.1
2025-05-21 19:00:00,EXC001,OP1005,1749.3,3.9,7,16.1,Fastened,No,No,Normal,No,No,Trenching,Cloudy,Intermediate,2,47.7,42.0
2025-05-21 19:30:00,EXC001,OP1008,1751.1,6.23,12,15.1,Fastened,No,No,Dry Ground,No,No,Earth Excavation,Sunny,Intermediate,2,65.6,68.8
2025-05-21 20:00:00,LOD001,OP1002,3191.6,6.26,9,28.3,Fastened,No,No,Normal,Yes,No,Earth Excavation,Sunny,Intermediate,4,61.8,68.2
2025-05-21 20:30:00,EXC004,OP1007,1525.1,4.66,7,12.7,Fastened,No,No,Low Visibility,No,No,Trenching,Cloudy,Expert,5,40.1,44.1
2025-05-21 21:00:00,EXC005,OP1004,4376.5,7.25,15,34.3,Fastened,No,No,Low Visibility,No,No,Earth Excavation,Cloudy,Intermediate,7,66.8,70.1
2025-05-21 21:30:00,EXC003,OP1009,2063.5,6.92,15,7.2,Fastened,No,No,Dry Ground,No,No,Material Loading,Sunny,Intermediate,3,32.7,37.2
2025-05-21 22:00:00,EXC002,OP1001,2338.3,6.3,10,36.7,Fastened,No,No,Dry Ground,No,No,Earth Excavation,Sunny,Intermediate,4,65.0,64.3
2025-05-21 22:30:00,LOD001,OP1007,3192.3,7.08,10,66.6,Fastened,No,No,Low Visibility,No,No,Grading,Cloudy,Beginner,4,45.2,52.8
2025-05-21 23:00:00,LOD001,OP1006,3193.0,6.61,12,25.3,Fastened,No,No,Normal,No,No,Earth Excavation,Sunny,Beginner,4,72.3,74.6
2025-05-21 23:30:00,EXC005,OP1008,4377.2,7.25,11,30.5,Fastened,No,No,Normal,No,No,Earth Excavation,Sunny,Intermediate,7,61.7,69.5
2025-05-22 00:00:00,EXC002,OP1005,2338.8,6.11,9,43.9,Unfastened,No,Yes,Dry Ground,No,Yes,Trenching,Sunny,Beginner,4,50.9,58.5
2025-05-22 00:30:00,EXC005,OP1001,4378.1,3.81,2,32.7,Fastened,Yes,Yes,Dry Ground,No,Yes,Demolition,Sunny,Beginner,7,109.7,119.0
2025-05-22 01:00:00,EXC003,OP1001,2065.7,7.03,16,3.9,Unfastened,No,Yes,Dry Ground,Yes,Yes,Material Loading,Sunny,Intermediate,3,32.7,30.2
2025-05-22 01:30:00,EXC001,OP1009,1753.0,6.22,8,55.4,Unfastened,Yes,Yes,Reduced Visibility,Yes,Yes,Grading,Rainy,Beginner,2,45.3,68.6
2025-05-22 02:00:00,LOD002,OP1010,2841.9,8.25,14,38.2,Fastened,No,No,Wet Ground,No,No,Earth Excavation,Rainy,Intermediate,6,71.7,85.4
2025-05-22 02:30:00,EXC001,OP1006,1755.1,4.63,6,39.7,Fastened,No,No,Low Visibility,No,No,Grading,Cloudy,Beginner,2,39.6,50.1
2025-05-22 03:00:00,LOD002,OP1010,2842.8,7.21,14,21.9,Fastened,No,No,Low Visibility,No,No,Earth Excavation,Cloudy,Intermediate,6,70.2,70.9
2025-05-22 03:30:00,EXC003,OP1005,2067.9,5.58,10,47.4,Fastened,No,No,Wet Ground,No,No,Earth Excavation,Rainy,Expert,3,63.3,73.3
2025-05-22 04:00:00,EXC002,OP1001,2339.3,7.54,15,38.0,Fastened,No,No,Dusty,Yes,No,Material Loading,Windy,Intermediate,4,35.7,49.8
2025-05-22 04:30:00,EXC004,OP1006,1526.1,5.26,6,19.9,Fastened,No,No,Normal,No,No,Trenching,Cloudy,Intermediate,5,53.4,60.5
2025-05-22 05:00:00,LOD002,OP1006,2844.3,5.54,9,21.7,Fastened,No,No,Dry Ground,No,No,Demolition,Sunny,Beginner,6,106.9,113.0
2025-05-22 05:30:00,LOD001,OP1003,3193.4,6.13,11,18.1,Fastened,No,No,Normal,No,No,Earth Excavation,Cloudy,Intermediate,4,66.5,62.4
2025-05-22 06:00:00,LOD001,OP1008,3195.3,3.81,5,15.3,Fastened,Yes,Yes,Normal,No,Yes,Demolition,Sunny,Intermediate,4,93.3,102.4
2025-05-22 06:30:00,EXC005,OP1001,4379.2,8.83,18,24.8,Fastened,No,No,Low Visibility,Yes,No,Material Loading,Cloudy,Beginner,7,42.2,41.6
2025-05-22 07:00:00,EXC005,OP1001,4381.2,7.26,14,22.0,Fastened,No,No,Normal,No,No,Material Loading,Cloudy,Intermediate,7,30.7,30.4
2025-05-22 07:30:00,LOD001,OP1006,3196.6,7.59,13,48.2,Fastened,Yes,Yes,Slippery,Yes,Yes,Earth Excavation,Rainy,Expert,4,65.2,82.4
2025-05-22 08:00:00,EXC002,OP1010,2339.9,7.13,14,21.4,Fastened,No,No,Low Visibility,No,No,Earth Excavation,Cloudy,Intermediate,4,66.2,65.7
2025-05-22 08:30:00,EXC004,OP1001,1528.0,4.73,4,31.6,Fastened,No,No,Dry Ground,No,No,Demolition,Sunny,Beginner,5,106.6,109.8
2025-05-22 09:00:00,EXC002,OP1006,2340.7,5.42,9,16.0,Fastened,No,No,Dry Ground,No,No,Trenching,Sunny,Expert,4,41.5,42.6
2025-05-22 09:30:00,LOD002,OP1001,2845.6,8.06,16,40.5,Fastened,No,No,Normal,No,No,Material Loading,Sunny,Beginner,6,36.1,41.5
2025-05-22 10:00:00,LOD002,OP1006,2846.0,3.77,3,32.7,Fastened,No,No,Dry Ground,No,No,Demolition,Sunny,Expert,6,89.1,94.9
2025-05-22 10:30:00,EXC001,OP1003,1756.7,5.54,12,16.7,Fastened,No,No,Normal,No,No,Earth Excavation,Sunny,Intermediate,2,67.9,73.8
2025-05-22 11:00:00,EXC005,OP1008,4382.9,7.27,14,18.4,Fastened,No,No,Dry Ground,No,No,Material Loading,Sunny,Intermediate,7,36.8,43.2
2025-05-22 11:30:00,LOD002,OP1006,2847.1,7.5,14,32.7,Fastened,No,No,Normal,No,No,Grading,Sunny,Intermediate,6,41.4,44.4
2025-05-22 12:00:00,EXC002,OP1001,2343.1,7.76,14,26.8,Unfastened,No,Yes,Strong Wind,No,Yes,Earth Excavation,Windy,Expert,4,48.1,55.7
2025-05-22 12:30:00,EXC004,OP1005,1530.2,6.6,13,28.0,Fastened,No,No,Dry Ground,No,No,Earth Excavation,Sunny,Expert,5,57.1,56.5
2025-05-22 13:00:00,LOD002,OP1008,2848.9,3.34,2,28.8,Fastened,No,No,Dry Ground,No,No,Trenching,Sunny,Intermediate,6,47.9,53.2
2025-05-22 13:30:00,EXC001,OP1003,1758.5,5.15,9,23.0,Fastened,No,No,Dry Ground,No,No,Trenching,Sunny,Intermediate,2,48.3,55.2
2025-05-22 14:00:00,EXC005,OP1006,4383.7,5.16,8,15.9,Fastened,No,No,Normal,No,No,Grading,Cloudy,Intermediate,7,34.3,30.1
2025-05-22 14:30:00,EXC002,OP1005,2344.8,6.27,14,6.1,Fastened,No,No,Dry Ground,No,No,Earth Excavation,Sunny,Intermediate,4,64.6,65.4
2025-05-22 15:00:00,LOD002,OP1006,2849.6,4.6,6,22.4,Fastened,No,No,Low Visibility,No,No,Demolition,Cloudy,Expert,6,82.2,91.1
2025-05-22 15:30:00,LOD002,OP1010,2850.1,6.53,10,44.0,Fastened,No,No,Normal,No,No,Earth Excavation,Sunny,Beginner,6,76.2,75.6
2025-05-22 16:00:00,LOD002,OP1001,2852.6,7.39,13,39.6,Unfastened,No,Yes,Normal,No,Yes,Material Loading,Cloudy,Intermediate,6,27.8,39.5
2025-05-22 16:30:00,EXC004,OP1007,1531.8,8.08,14,40.2,Fastened,No,No,Slippery,No,No,Material Loading,Rainy,Expert,5,36.3,48.6
2025-05-22 17:00:00,LOD002,OP1009,2853.8,5.3,8,21.3,Fastened,No,No,Normal,No,No,Earth Excavation,Sunny,Expert,6,60.8,65.4
2025-05-22 17:30:00,LOD001,OP1002,3197.5,5.2,8,23.0,Fastened,No,No,Normal,No,No,Earth Excavation,Sunny,Beginner,4,70.8,73.1
2025-05-22 18:00:00,EXC003,OP1010,2069.5,5.87,9,23.2,Fastened,No,No,Low Visibility,No,No,Grading,Cloudy,Intermediate,3,38.4,38.1
2025-05-22 18:30:00,LOD001,OP1005,3197.8,6.08,10,32.2,Fastened,Yes,Yes,Wet Ground,No,Yes,Demolition,Rainy,Expert,4,96.9,102.1
2025-05-22 19:00:00,EXC001,OP1010,1759.0,4.95,9,22.3,Fastened,No,No,Normal,No,No,Trenching,Cloudy,Intermediate,2,42.8,42.3
2025-05-22 19:30:00,EXC005,OP1004,4383.9,5.55,10,17.6,Fastened,No,No,Normal,No,No,Trenching,Cloudy,Intermediate,7,51.3,52.4
2025-05-22 20:00:00,EXC002,OP1006,2346.1,6.01,10,44.2,Fastened,No,No,Wet Ground,No,No,Trenching,Rainy,Intermediate,4,57.4,58.8
2025-05-22 20:30:00,EXC001,OP1006,1760.5,6.12,12,30.8,Fastened,No,No,Low Visibility,No,No,Earth Excavation,Cloudy,Expert,2,55.8,62.1
2025-05-22 21:00:00,EXC001,OP1002,1760.9,7.3,13,19.9,Fastened,No,No,Dry Ground,No,No,Material Loading,Sunny,Intermediate,2,32.5,30.1
2025-05-22 21:30:00,EXC005,OP1002,4385.8,5.19,8,28.5,Fastened,No,No,Normal,No,No,Grading,Sunny,Intermediate,7,34.8,39.5
2025-05-22 22:00:00,EXC003,OP1004,2070.3,4.71,5,44.4,Fastened,Yes,Yes,Reduced Visibility,Yes,Yes,Trenching,Rainy,Intermediate,3,56.1,76.1
2025-05-22 22:30:00,LOD001,OP1001,3199.6,5.58,9,23.9,Unfastened,No,Yes,Slippery,No,Yes,Demolition,Rainy,Expert,4,96.9,109.7
2025-05-22 23:00:00,EXC001,OP1009,1763.3,5.63,9,34.8,Fastened,No,No,Dusty,No,No,Earth Excavation,Windy,Expert,2,59.4,69.5
2025-05-22 23:30:00,EXC003,OP1007,2072.0,9.17,20,41.2,Fastened,No,Yes,Strong Wind,No,No,Material Loading,Windy,Expert,3,31.4,46.5
2025-05-23 00:00:00,EXC004,OP1007,1534.1,4.99,5,43.4,Fastened,No,No,Wet Ground,No,No,Trenching,Rainy,Intermediate,5,58.9,66.5
2025-05-23 00:30:00,LOD001,OP1003,3202.0,5.53,11,18.5,Fastened,No,No,Low Visibility,No,No,Trenching,Cloudy,Expert,4,45.0,45.3
2025-05-23 01:00:00,EXC003,OP1003,2073.4,5.93,11,30.8,Fastened,No,No,Slippery,No,No,Trenching,Rainy,Expert,3,44.7,58.7
2025-05-23 01:30:00,EXC005,OP1001,4387.6,7.18,13,13.4,Fastened,No,No,Normal,No,No,Earth Excavation,Sunny,Expert,7,55.6,53.8
2025-05-23 02:00:00,LOD002,OP1003,2856.0,7.06,14,29.8,Fastened,No,No,Normal,No,No,Grading,Cloudy,Expert,6,34.2,37.1
2025-05-23 02:30:00,EXC005,OP1003,4388.6,6.28,9,26.1,Fastened,No,No,Normal,No,No,Grading,Sunny,Intermediate,7,38.9,41.8
2025-05-23 03:00:00,EXC002,OP1004,2346.9,5.64,8,20.6,Fastened,No,No,Dry Ground,No,No,Trenching,Sunny,Intermediate,4,43.3,55.2
2025-05-23 03:30:00,EXC001,OP1004,1765.7,6.82,10,47.6,Fastened,No,Yes,Reduced Visibility,No,No,Grading,Rainy,Expert,2,38.0,49.3
2025-05-23 04:00:00,LOD002,OP1003,2857.8,6.15,9,30.0,Fastened,No,No,Normal,No,No,Trenching,Cloudy,Expert,6,46.9,55.9
2025-05-23 04:30:00,EXC001,OP1010,1766.4,3.29,5,9.5,Fastened,No,No,Dry Ground,No,No,Grading,Sunny,Intermediate,2,34.2,32.5
2025-05-23 05:00:00,LOD002,OP1008,2859.1,5.79,11,23.5,Fastened,No,No,Dry Ground,No,No,Earth Excavation,Sunny,Beginner,6,79.1,86.1
2025-05-23 05:30:00,EXC004,OP1008,1536.1,6.82,14,23.1,Fastened,Yes,Yes,Reduced Visibility,No,Yes,Earth Excavation,Rainy,Intermediate,5,70.2,83.9
2025-05-23 06:00:00,LOD002,OP1001,2860.5,4.96,7,33.4,Fastened,No,No,Low Visibility,No,No,Trenching,Cloudy,Intermediate,6,49.7,55.8
2025-05-23 06:30:00,LOD001,OP1007,3203.7,8.86,19,46.4,Fastened,No,No,Low Visibility,No,No,Material Loading,Cloudy,Intermediate,4,25.9,33.8
2025-05-23 07:00:00,LOD002,OP1002,2862.4,7.7,15,36.7,Fastened,No,No,Dry Ground,No,No,Material Loading,Sunny,Expert,6,27.7,31.2
2025-05-23 07:30:00,EXC003,OP1001,2075.0,6.01,9,34.0,Fastened,Yes,Yes,Normal,No,Yes,Trenching,Sunny,Intermediate,3,45.9,65.4
2025-05-23 08:00:00,LOD001,OP1003,3205.1,7.63,15,21.0,Fastened,No,No,Dry Ground,No,No,Earth Excavation,Sunny,Intermediate,4,61.1,63.7
2025-05-23 08:30:00,EXC003,OP1004,2076.9,5.36,8,27.3,Fastened,No,No,Low Visibility,No,No,Trenching,Cloudy,Intermediate,3,45.5,50.3
2025-05-23 09:00:00,EXC004,OP1006,1538.0,6.85,13,24.6,Fastened,No,No,Slippery,No,No,Grading,Rainy,Intermediate,5,40.7,47.6
2025-05-23 09:30:00,EXC005,OP1010,4390.3,7.76,16,14.8,Fastened,No,No,Dry Ground,No,No,Material Loading,Sunny,Beginner,7,38.8,36.6
2025-05-23 10:00:00,LOD002,OP1005,2863.5,7.32,13,33.2,Fastened,No,No,Dry Ground,No,No,Earth Excavation,Sunny,Intermediate,6,57.8,60.7
2025-05-23 10:30:00,LOD002,OP1004,2864.6,5.87,9,37.6,Fastened,No,No,Normal,No,No,Earth Excavation,Sunny,Beginner,6,67.6,71.7
2025-05-23 11:00:00,LOD001,OP1008,3207.5,7.15,12,35.7,Unfastened,No,Yes,Low Visibility,No,Yes,Grading,Cloudy,Intermediate,4,36.0,42.3
2025-05-23 11:30:00,EXC003,OP1004,2077.4,5.03,10,11.2,Fastened,Yes,Yes,Dry Ground,No,Yes,Earth Excavation,Sunny,Beginner,3,70.7,70.7
2025-05-23 12:00:00,EXC003,OP1010,2078.2,6.23,11,38.7,Fastened,No,No,Low Visibility,No,No,Earth Excavation,Cloudy,Intermediate,3,61.3,66.0
2025-05-23 12:30:00,LOD001,OP1002,3208.9,7.14,15,23.2,Fastened,No,No,Low Visibility,No,No,Earth Excavation,Cloudy,Intermediate,4,64.5,73.7
2025-05-23 13:00:00,EXC002,OP1003,2349.1,5.23,7,29.9,Fastened,No,No,Wet Ground,No,No,Trenching,Rainy,Intermediate,4,55.7,68.7
2025-05-23 13:30:00,EXC001,OP1006,1767.0,6.82,15,20.0,Fastened,No,No,Low Visibility,No,No,Material Loading,Cloudy,Expert,2,31.3,32.0
2025-05-23 14:00:00,EXC003,OP1008,2079.0,6.76,14,23.7,Fastened,Yes,Yes,Dry Ground,No,Yes,Material Loading,Sunny,Intermediate,3,34.9,39.2
2025-05-23 14:30:00,EXC002,OP1008,2349.4,5.39,7,36.8,Fastened,No,No,Normal,No,No,Trenching,Cloudy,Expert,4,39.4,45.3
2025-05-23 15:00:00,EXC002,OP1009,2351.2,4.9,9,9.8,Fastened,No,No,Normal,No,No,Grading,Cloudy,Intermediate,4,35.2,34.3
2025-05-23 15:30:00,EXC002,OP1007,2352.0,6.07,9,32.7,Fastened,No,No,Normal,No,No,Earth Excavation,Sunny,Expert,4,53.5,53.0
2025-05-23 16:00:00,EXC001,OP1002,1768.1,6.67,11,37.0,Fastened,No,No,Low Visibility,No,No,Grading,Cloudy,Intermediate,2,39.8,46.8
2025-05-23 16:30:00,EXC001,OP1008,1769.3,7.52,16,26.1,Fastened,No,No,Dusty,No,No,Material Loading,Windy,Intermediate,2,31.1,29.2
2025-05-23 17:00:00,LOD002,OP1007,2866.9,7.37,13,37.9,Fastened,No,No,Dry Ground,No,No,Material Loading,Sunny,Intermediate,6,32.7,40.9
2025-05-23 17:30:00,EXC003,OP1008,2080.2,6.58,10,26.1,Fastened,Yes,Yes,Low Visibility,No,Yes,Earth Excavation,Cloudy,Intermediate,3,59.4,68.8
2025-05-23 18:00:00,EXC003,OP1003,2080.7,7.4,14,24.1,Fastened,Yes,Yes,Slippery,No,Yes,Earth Excavation,Rainy,Intermediate,3,69.1,77.7
2025-05-23 18:30:00,EXC005,OP1007,4391.7,7.46,14,20.7,Fastened,No,No,Low Visibility,No,No,Material Loading,Cloudy,Intermediate,7,30.4,42.0
2025-05-23 19:00:00,EXC002,OP1010,2354.4,8.66,15,49.4,Fastened,No,Yes,Reduced Visibility,No,No,Material Loading,Rainy,Expert,4,34.3,46.0
2025-05-23 19:30:00,LOD002,OP1009,2868.5,5.51,9,29.7,Fastened,No,No,Dry Ground,No,No,Earth Excavation,Sunny,Intermediate,6,59.9,68.9
2025-05-23 20:00:00,LOD001,OP1003,3211.3,5.03,6,23.5,Fastened,Yes,Yes,Dry Ground,No,Yes,Demolition,Sunny,Beginner,4,113.0,119.2
2025-05-23 20:30:00,EXC001,OP1010,1771.4,3.41,4,2.7,Fastened,No,No,Normal,No,No,Demolition,Cloudy,Intermediate,2,95.2,92.5
2025-05-23 21:00:00,EXC003,OP1006,2081.0,7.83,13,45.9,Fastened,No,No,Slippery,No,No,Material Loading,Rainy,Expert,3,29.8,42.1
2025-05-23 21:30:00,LOD002,OP1002,2870.2,4.07,5,17.4,Fastened,No,Yes,Strong Wind,No,No,Demolition,Windy,Intermediate,6,104.1,116.1
2025-05-23 22:00:00,LOD002,OP1002,2871.0,7.99,14,32.1,Fastened,No,No,Normal,No,No,Earth Excavation,Sunny,Intermediate,6,61.2,67.6
2025-05-23 22:30:00,EXC004,OP1005,1539.5,5.09,8,39.4,Fastened,Yes,Yes,Normal,No,Yes,Earth Excavation,Cloudy,Intermediate,5,61.7,72.8
2025-05-23 23:00:00,EXC005,OP1005,4392.5,6.4,12,16.1,Fastened,No,No,Normal,No,No,Earth Excavation,Sunny,Intermediate,7,66.3,66.2
2025-05-23 23:30:00,EXC002,OP1007,2355.4,7.02,14,14.6,Fastened,No,No,Dry Ground,No,No,Material Loading,Sunny,Expert,4,32.2,30.7
2025-05-24 00:00:00,LOD002,OP1002,2873.4,7.9,15,25.9,Fastened,No,No,Dry Ground,No,No,Earth Excavation,Sunny,Expert,6,58.4,58.9
2025-05-24 00:30:00,EXC002,OP1007,2356.1,4.42,8,20.7,Fastened,No,No,Dry Ground,No,No,Demolition,Sunny,Beginner,4,104.0,116.6
2025-05-24 01:00:00,LOD002,OP1005,2875.6,4.66,8,12.8,Unfastened,No,Yes,Dry Ground,No,Yes,Earth Excavation,Sunny,Intermediate,6,61.2,66.3
2025-05-24 01:30:00,EXC005,OP1006,4392.8,4.32,6,19.4,Fastened,No,No,Dry Ground,No,No,Trenching,Sunny,Intermediate,7,52.7,54.5
2025-05-24 02:00:00,EXC005,OP1008,4393.2,5.08,9,9.4,Fastened,No,No,Dry Ground,No,No,Grading,Sunny,Beginner,7,45.5,46.9
2025-05-24 02:30:00,EXC004,OP1010,1541.6,6.06,10,39.0,Fastened,No,Yes,Strong Wind,Yes,No,Earth Excavation,Windy,Intermediate,5,64.7,79.9
2025-05-24 03:00:00,EXC002,OP1004,2357.7,8.1,14,59.3,Fastened,No,No,Wet Ground,Yes,No,Earth Excavation,Rainy,Intermediate,4,69.6,91.2
2025-05-24 03:30:00,EXC002,OP1007,2359.6,7.95,15,22.3,Fastened,No,No,Normal,No,No,Material Loading,Sunny,Intermediate,4,31.8,37.7
2025-05-24 04:00:00,EXC002,OP1006,2360.3,6.52,11,42.2,Fastened,No,Yes,Reduced Visibility,No,No,Earth Excavation,Rainy,Expert,4,64.2,78.7
2025-05-24 04:30:00,EXC002,OP1010,2361.8,7.64,14,21.4,Fastened,No,No,Normal,No,No,Earth Excavation,Cloudy,Intermediate,4,70.5,80.0
2025-05-24 05:00:00,LOD001,OP1002,3213.2,5.56,9,22.8,Fastened,Yes,Yes,Strong Wind,Yes,Yes,Earth Excavation,Windy,Expert,4,58.5,68.3
2025-05-24 05:30:00,EXC003,OP1008,2082.6,7.24,14,32.9,Fastened,No,No,Normal,No,No,Material Loading,Sunny,Expert,3,29.6,32.9
2025-05-24 06:00:00,EXC001,OP1010,1772.7,5.99,7,57.8,Fastened,No,No,Low Visibility,No,No,Demolition,Cloudy,Expert,2,86.0,89.7
2025-05-24 06:30:00,LOD002,OP1009,2878.0,5.54,9,19.6,Fastened,No,No,Dusty,Yes,No,Grading,Windy,Beginner,6,41.1,49.1
2025-05-24 07:00:00,LOD002,OP1005,2879.7,2.78,1,20.7,Fastened,No,No,Dry Ground,No,No,Trenching,Sunny,Expert,6,35.8,33.0
2025-05-24 07:30:00,LOD002,OP1010,2882.0,5.37,8,5.2,Fastened,No,No,Normal,No,No,Trenching,Windy,Expert,6,45.2,56.6
2025-05-24 08:00:00,LOD002,OP1004,2883.9,7.93,16,24.3,Fastened,No,Yes,Reduced Visibility,No,No,Material Loading,Rainy,Intermediate,6,37.8,49.8
2025-05-24 08:30:00,EXC002,OP1006,2363.6,4.43,4,17.9,Fastened,No,Yes,Strong Wind,No,No,Demolition,Windy,Intermediate,4,105.9,125.5
2025-05-24 09:00:00,EXC003,OP1008,2083.0,4.55,6,29.7,Fastened,No,No,Dry Ground,No,No,Earth Excavation,Sunny,Intermediate,3,59.5,64.8
2025-05-24 09:30:00,LOD001,OP1003,3214.3,4.22,6,27.3,Fastened,No,No,Normal,Yes,No,Trenching,Sunny,Expert,4,43.5,43.1
2025-05-24 10:00:00,EXC005,OP1010,4395.4,5.16,9,10.4,Fastened,No,No,Normal,No,No,Grading,Sunny,Expert,7,32.8,32.4
2025-05-24 10:30:00,EXC001,OP1001,1773.5,4.25,6,25.0,Fastened,No,Yes,Strong Wind,Yes,No,Demolition,Windy,Expert,2,94.4,104.4
2025-05-24 11:00:00,LOD001,OP1004,3214.7,5.01,7,29.0,Fastened,No,No,Dry Ground,No,No,Earth Excavation,Sunny,Expert,4,56.0,54.7
2025-05-24 11:30:00,EXC002,OP1004,2364.6,6.31,12,26.9,Fastened,No,No,Low Visibility,No,No,Earth Excavation,Cloudy,Intermediate,4,63.0,62.1
2025-05-24 12:00:00,EXC002,OP1001,2365.3,6.94,14,32.9,Fastened,No,No,Dry Ground,No,No,Earth Excavation,Sunny,Intermediate,4,62.9,68.1
2025-05-24 12:30:00,EXC004,OP1009,1543.9,6.86,14,13.7,Fastened,No,No,Dry Ground,No,No,Earth Excavation,Sunny,Intermediate,5,63.6,62.1
2025-05-24 13:00:00,EXC005,OP1003,4397.6,8.7,18,24.6,Fastened,No,No,Normal,No,No,Material Loading,Sunny,Intermediate,7,36.3,42.5
2025-05-24 13:30:00,EXC004,OP1005,1545.3,6.21,11,15.9,Fastened,No,No,Normal,No,No,Material Loading,Cloudy,Intermediate,5,32.5,31.4
2025-05-24 14:00:00,EXC001,OP1006,1773.8,8.48,17,44.2,Fastened,No,No,Slippery,No,No,Material Loading,Rainy,Expert,2,33.0,47.0
2025-05-24 14:30:00,LOD002,OP1008,2885.7,5.96,9,15.1,Fastened,No,No,Dry Ground,No,No,Earth Excavation,Sunny,Expert,6,52.3,57.9
2025-05-24 15:00:00,EXC002,OP1006,2366.9,7.03,13,30.7,Fastened,No,No,Normal,No,No,Earth Excavation,Windy,Intermediate,4,63.9,67.4
2025-05-24 15:30:00,EXC001,OP1003,1776.2,4.91,10,21.2,Fastened,No,No,Low Visibility,No,No,Earth Excavation,Cloudy,Intermediate,2,61.9,64.4
2025-05-24 16:00:00,LOD002,OP1006,2887.2,5.81,8,37.5,Fastened,No,No,Normal,No,No,Trenching,Cloudy,Intermediate,6,49.4,50.1
2025-05-24 16:30:00,LOD002,OP1001,2888.2,6.82,13,17.3,Fastened,No,No,Low Visibility,No,No,Grading,Cloudy,Intermediate,6,35.9,37.1
2025-05-24 17:00:00,LOD002,OP1004,2889.6,7.16,14,8.2,Fastened,Yes,Yes,Dry Ground,No,Yes,Earth Excavation,Sunny,Intermediate,6,64.5,71.7
2025-05-24 17:30:00,LOD001,OP1006,3217.2,4.86,9,11.7,Fastened,No,No,Dry Ground,No,No,Earth Excavation,Sunny,Intermediate,4,60.8,64.2
2025-05-24 18:00:00,EXC005,OP1007,4399.4,5.34,5,43.1,Fastened,No,Yes,Reduced Visibility,No,No,Trenching,Rainy,Expert,7,54.9,76.7
2025-05-24 18:30:00,EXC004,OP1010,1547.0,6.22,9,43.9,Fastened,No,No,Dry Ground,No,No,Trenching,Sunny,Expert,5,41.9,44.9
2025-05-24 19:00:00,EXC001,OP1003,1777.0,6.6,11,43.6,Fastened,Yes,Yes,Normal,No,Yes,Trenching,Cloudy,Expert,2,43.8,42.9
2025-05-24 19:30:00,EXC003,OP1009,2084.9,6.25,11,15.5,Fastened,No,No,Normal,No,No,Grading,Sunny,Intermediate,3,35.4,44.7
2025-05-24 20:00:00,EXC003,OP1007,2086.9,6.58,10,38.6,Fastened,No,Yes,Reduced Visibility,No,No,Earth Excavation,Rainy,Intermediate,3,70.8,77.7
2025-05-24 20:30:00,EXC002,OP1001,2367.9,5.7,10,2.0,Fastened,No,No,Dry Ground,No,No,Grading,Sunny,Intermediate,4,38.0,38.4
2025-05-24 21:00:00,LOD001,OP1002,3218.5,4.81,9,26.8,Fastened,No,No,Low Visibility,No,No,Trenching,Cloudy,Expert,4,43.8,42.5
2025-05-24 21:30:00,EXC004,OP1001,1547.9,4.64,7,29.8,Fastened,No,No,Dry Ground,No,No,Trenching,Sunny,Expert,5,41.0,48.4
2025-05-24 22:00:00,EXC001,OP1009,1777.8,3.45,4,15.3,Fastened,No,No,Dusty,No,No,Demolition,Windy,Intermediate,2,100.1,113.9
2025-05-24 22:30:00,EXC002,OP1009,2368.1,6.63,14,19.3,Fastened,No,No,Normal,No,No,Earth Excavation,Sunny,Expert,4,55.7,56.0
2025-05-24 23:00:00,EXC005,OP1007,4400.2,8.72,19,23.6,Fastened,No,No,Normal,No,No,Material Loading,Cloudy,Intermediate,7,34.8,35.3
2025-05-24 23:30:00,EXC001,OP1010,1779.3,7.58,15,34.4,Fastened,No,No,Low Visibility,No,No,Earth Excavation,Cloudy,Intermediate,2,66.5,74.7
2025-05-25 00:00:00,LOD001,OP1003,3218.7,5.62,9,32.8,Fastened,No,Yes,Reduced Visibility,No,No,Material Loading,Rainy,Expert,4,35.3,49.9
2025-05-25 00:30:00,EXC004,OP1005,1548.8,7.15,12,46.7,Fastened,Yes,Yes,Normal,No,Yes,Grading,Sunny,Expert,5,29.9,45.7
2025-05-25 01:00:00,EXC004,OP1004,1551.0,5.51,8,12.8,Fastened,Yes,Yes,Reduced Visibility,No,Yes,Demolition,Rainy,Intermediate,5,99.6,105.1
2025-05-25 01:30:00,EXC005,OP1007,4401.8,6.31,8,33.4,Fastened,No,No,Normal,No,No,Grading,Sunny,Intermediate,7,44.2,44.3
2025-05-25 02:00:00,LOD001,OP1009,3220.3,6.45,10,41.5,Fastened,No,No,Dry Ground,No,No,Material Loading,Sunny,Intermediate,4,32.8,36.0
2025-05-25 02:30:00,EXC003,OP1002,2088.0,6.62,11,24.8,Fastened,No,No,Normal,No,No,Earth Excavation,Cloudy,Intermediate,3,64.8,60.0
2025-05-25 03:00:00,EXC005,OP1008,4403.6,7.84,15,35.7,Fastened,No,No,Wet Ground,No,No,Material Loading,Rainy,Expert,7,31.1,41.8
2025-05-25 03:30:00,EXC004,OP1009,1551.6,5.42,7,49.9,Fastened,No,No,Low Visibility,No,No,Grading,Cloudy,Intermediate,5,31.7,36.7
2025-05-25 04:00:00,EXC002,OP1010,2370.2,7.74,15,35.5,Fastened,No,No,Dusty,No,No,Earth Excavation,Windy,Beginner,4,71.5,77.2
2025-05-25 04:30:00,LOD002,OP1010,2890.1,6.17,11,21.4,Fastened,No,No,Normal,No,No,Trenching,Sunny,Intermediate,6,46.7,48.2
2025-05-25 05:00:00,LOD001,OP1009,3222.0,6.68,11,33.9,Fastened,No,Yes,Strong Wind,No,No,Grading,Windy,Expert,4,35.8,45.3
2025-05-25 05:30:00,EXC005,OP1010,4404.6,5.97,11,6.2,Fastened,No,No,Dry Ground,No,No,Material Loading,Sunny,Expert,7,33.9,28.1
2025-05-25 06:00:00,LOD001,OP1007,3223.9,5.34,7,19.5,Fastened,No,No,Normal,No,No,Trenching,Cloudy,Expert,4,44.1,45.6
2025-05-25 06:30:00,LOD002,OP1009,2891.5,5.5,8,27.1,Fastened,Yes,Yes,Low Visibility,No,Yes,Demolition,Cloudy,Beginner,6,115.0,116.3
2025-05-25 07:00:00,EXC005,OP1009,4405.8,6.91,13,28.1,Fastened,No,No,Normal,No,No,Earth Excavation,Cloudy,Expert,7,57.9,62.6
2025-05-25 07:30:00,LOD001,OP1003,3224.5,5.4,10,11.3,Fastened,No,No,Dry Ground,No,No,Earth Excavation,Sunny,Intermediate,4,61.0,64.0
2025-05-25 08:00:00,EXC005,OP1004,4407.5,5.12,8,19.2,Fastened,No,No,Normal,No,No,Grading,Cloudy,Intermediate,7,34.2,36.6
2025-05-25 08:30:00,EXC005,OP1002,4409.9,5.24,6,31.0,Fastened,Yes,Yes,Dry Ground,Yes,Yes,Trenching,Sunny,Expert,7,39.7,48.8
2025-05-25 09:00:00,EXC005,OP1010,4412.0,5.9,9,30.5,Fastened,No,No,Dry Ground,No,No,Grading,Sunny,Beginner,7,39.4,42.5
2025-05-25 09:30:00,LOD001,OP1003,3224.8,5.83,10,20.5,Fastened,No,No,Dry Ground,No,No,Earth Excavation,Sunny,Intermediate,4,61.3,66.1
2025-05-25 10:00:00,EXC001,OP1005,1780.3,5.84,10,22.2,Fastened,No,No,Low Visibility,No,No,Earth Excavation,Cloudy,Beginner,2,67.5,61.8
2025-05-25 10:30:00,LOD002,OP1005,2893.9,6.67,11,29.7,Fastened,No,No,Dry Ground,No,No,Earth Excavation,Sunny,Intermediate,6,61.2,68.6
2025-05-25 11:00:00,LOD002,OP1006,2895.2,5.36,7,21.0,Fastened,No,No,Normal,No,No,Demolition,Sunny,Intermediate,6,95.3,94.5
2025-05-25 11:30:00,EXC001,OP1007,1782.0,5.73,10,19.0,Fastened,No,No,Dry Ground,No,No,Trenching,Sunny,Expert,2,34.1,36.7
2025-05-25 12:00:00,LOD001,OP1007,3227.1,3.22,3,20.6,Fastened,No,No,Dry Ground,No,No,Trenching,Sunny,Intermediate,4,51.2,50.8
2025-05-25 12:30:00,EXC001,OP1001,1784.3,7.78,15,48.5,Fastened,No,Yes,Reduced Visibility,No,No,Earth Excavation,Rainy,Intermediate,2,75.7,89.5
2025-05-25 13:00:00,EXC003,OP1002,2089.3,5.97,10,37.3,Fastened,No,Yes,Strong Wind,No,No,Earth Excavation,Windy,Expert,3,63.2,67.0
2025-05-25 13:30:00,LOD001,OP1009,3228.4,6.22,12,22.2,Fastened,No,No,Dry Ground,No,No,Trenching,Sunny,Expert,4,43.3,55.3
2025-05-25 14:00:00,EXC002,OP1010,2371.2,7.31,13,28.3,Unfastened,No,Yes,Low Visibility,Yes,Yes,Earth Excavation,Cloudy,Intermediate,4,65.3,72.6
2025-05-25 14:30:00,LOD001,OP1002,3230.2,7.38,16,9.2,Fastened,No,No,Low Visibility,No,No,Material Loading,Cloudy,Intermediate,4,33.7,36.3
2025-05-25 15:00:00,LOD001,OP1006,3231.1,5.65,7,50.7,Fastened,No,No,Normal,No,No,Trenching,Cloudy,Beginner,4,55.7,64.1
2025-05-25 15:30:00,EXC004,OP1001,1552.4,7.72,15,26.0,Unfastened,No,Yes,Low Visibility,No,Yes,Grading,Cloudy,Beginner,5,44.1,51.8
2025-05-25 16:00:00,EXC001,OP1003,1785.3,7.56,14,42.6,Fastened,No,No,Normal,No,No,Material Loading,Sunny,Intermediate,2,25.6,35.9
2025-05-25 16:30:00,EXC002,OP1002,2371.8,6.62,11,36.5,Fastened,No,No,Normal,No,No,Trenching,Cloudy,Beginner,4,55.8,68.5
2025-05-25 17:00:00,EXC005,OP1003,4413.8,7.02,10,27.5,Fastened,Yes,Yes,Normal,No,Yes,Earth Excavation,Sunny,Intermediate,7,65.7,78.1
2025-05-25 17:30:00,LOD002,OP1005,2896.8,7.07,11,43.6,Fastened,No,No,Dry Ground,No,No,Grading,Sunny,Beginner,6,43.7,50.7
2025-05-25 18:00:00,EXC005,OP1010,4415.1,7.33,14,35.2,Unfastened,No,Yes,Low Visibility,No,Yes,Grading,Cloudy,Intermediate,7,42.0,46.4
2025-05-25 18:30:00,EXC002,OP1006,2372.9,5.6,9,21.1,Fastened,No,No,Low Visibility,No,No,Earth Excavation,Cloudy,Intermediate,4,68.7,71.1
2025-05-25 19:00:00,EXC005,OP1009,4417.4,5.82,8,37.3,Fastened,No,No,Dry Ground,No,No,Demolition,Sunny,Beginner,7,109.2,105.1
2025-05-25 19:30:00,EXC004,OP1010,1552.7,5.1,10,9.3,Fastened,No,No,Normal,No,No,Earth Excavation,Cloudy,Intermediate,5,61.5,66.3
2025-05-25 20:00:00,LOD001,OP1004,3233.0,6.7,13,51.8,Unfastened,No,Yes,Reduced Visibility,No,Yes,Earth Excavation,Rainy,Intermediate,4,75.5,86.4
2025-05-25 20:30:00,EXC001,OP1007,1787.6,7.92,16,32.3,Fastened,No,No,Wet Ground,No,No,Earth Excavation,Rainy,Intermediate,2,72.4,77.2
2025-05-25 21:00:00,LOD001,OP1006,3234.3,3.83,4,22.8,Unfastened,Yes,Yes,Low Visibility,No,Yes,Demolition,Cloudy,Intermediate,4,94.7,92.6
2025-05-25 21:30:00,EXC004,OP1002,1554.1,7.12,15,22.8,Fastened,No,No,Low Visibility,No,No,Material Loading,Cloudy,Expert,5,28.5,27.0
2025-05-25 22:00:00,LOD002,OP1010,2899.2,4.72,7,18.0,Unfastened,No,Yes,Normal,No,Yes,Grading,Cloudy,Beginner,6,43.0,47.7
2025-05-25 22:30:00,EXC003,OP1008,2090.0,6.21,11,30.7,Fastened,No,No,Dry Ground,No,No,Earth Excavation,Sunny,Beginner,3,71.9,77.1
2025-05-25 23:00:00,EXC005,OP1007,4418.8,7.9,16,27.7,Fastened,No,No,Dry Ground,No,No,Material Loading,Sunny,Beginner,7,41.2,42.8
2025-05-25 23:30:00,LOD002,OP1007,2900.5,5.38,7,32.9,Fastened,Yes,Yes,Normal,No,Yes,Trenching,Sunny,Intermediate,6,45.0,52.3
2025-05-26 00:00:00,EXC001,OP1008,1788.3,6.96,13,32.1,Fastened,No,No,Normal,No,No,Grading,Cloudy,Expert,2,34.0,34.7
2025-05-26 00:30:00,LOD002,OP1001,2902.6,7.97,13,52.6,Unfastened,No,Yes,Normal,No,Yes,Earth Excavation,Cloudy,Beginner,6,76.1,86.5
2025-05-26 01:00:00,EXC005,OP1001,4421.1,6.28,8,41.0,Fastened,No,Yes,Strong Wind,No,No,Earth Excavation,Windy,Intermediate,7,63.4,73.8
2025-05-26 01:30:00,EXC001,OP1008,1790.3,7.06,12,42.3,Fastened,No,No,Slippery,No,No,Earth Excavation,Rainy,Intermediate,2,77.9,89.6
2025-05-26 02:00:00,EXC002,OP1004,2373.5,5.75,10,28.2,Fastened,Yes,Yes,Normal,No,Yes,Demolition,Sunny,Expert,4,84.9,90.6
2025-05-26 02:30:00,EXC005,OP1005,4421.5,8.1,16,25.3,Fastened,No,No,Dry Ground,No,No,Material Loading,Sunny,Expert,7,32.4,33.0
2025-05-26 03:00:00,EXC001,OP1008,1791.9,4.44,8,20.0,Fastened,No,No,Dry Ground,No,No,Trenching,Sunny,Intermediate,2,41.0,42.8
2025-05-26 03:30:00,EXC004,OP1005,1554.5,5.13,7,36.2,Fastened,No,No,Wet Ground,No,No,Trenching,Rainy,Intermediate,5,60.1,71.7
2025-05-26 04:00:00,EXC003,OP1010,2091.8,4.34,6,52.1,Fastened,No,No,Wet Ground,No,No,Demolition,Rainy,Expert,3,94.9,103.0
2025-05-26 04:30:00,EXC005,OP1004,4422.9,4.95,7,21.7,Fastened,No,No,Dusty,No,No,Demolition,Windy,Expert,7,86.7,99.0
2025-05-26 05:00:00,EXC001,OP1006,1793.7,3.15,3,17.5,Fastened,No,No,Low Visibility,No,No,Grading,Cloudy,Intermediate,2,32.5,37.1
2025-05-26 05:30:00,LOD002,OP1005,2904.1,6.18,9,33.6,Fastened,No,Yes,Reduced Visibility,No,No,Trenching,Rainy,Intermediate,6,51.2,63.7
2025-05-26 06:00:00,LOD002,OP1007,2905.3,7.52,14,46.2,Fastened,No,No,Normal,No,No,Earth Excavation,Cloudy,Intermediate,6,63.2,61.1
2025-05-26 06:30:00,LOD002,OP1010,2906.0,5.21,5,53.2,Fastened,No,No,Wet Ground,No,No,Demolition,Rainy,Intermediate,6,105.8,124.9
2025-05-26 07:00:00,LOD001,OP1007,3235.2,5.3,8,31.6,Unfastened,Yes,Yes,Wet Ground,Yes,Yes,Trenching,Rainy,Intermediate,4,56.3,77.0
2025-05-26 07:30:00,EXC001,OP1004,1795.1,6.33,12,27.8,Fastened,No,No,Normal,No,No,Earth Excavation,Cloudy,Intermediate,2,63.6,69.9
2025-05-26 08:00:00,LOD001,OP1005,3236.9,7.96,17,28.3,Fastened,No,No,Low Visibility,No,No,Material Loading,Cloudy,Expert,4,30.5,43.4
2025-05-26 08:30:00,EXC001,OP1003,1797.1,5.78,7,59.7,Fastened,No,Yes,Reduced Visibility,Yes,No,Demolition,Rainy,Intermediate,2,106.9,118.3
2025-05-26 09:00:00,EXC001,OP1004,1799.0,5.7,9,37.4,Fastened,No,No,Normal,No,No,Trenching,Sunny,Expert,2,40.6,41.5
2025-05-26 09:30:00,EXC003,OP1004,2094.2,5.66,12,5.7,Fastened,No,No,Normal,No,No,Material Loading,Sunny,Intermediate,3,26.2,32.5
2025-05-26 10:00:00,EXC004,OP1003,1555.3,5.28,7,33.7,Fastened,No,No,Dry Ground,No,No,Grading,Sunny,Expert,5,28.5,28.1
2025-05-26 10:30:00,LOD001,OP1010,3237.2,5.37,9,12.3,Fastened,No,No,Low Visibility,No,No,Trenching,Cloudy,Intermediate,4,43.8,43.1
2025-05-26 11:00:00,EXC005,OP1005,4423.9,6.9,11,22.3,Fastened,No,No,Normal,No,No,Earth Excavation,Cloudy,Intermediate,7,62.9,70.6
2025-05-26 11:30:00,EXC003,OP1005,2096.1,3.82,3,42.1,Fastened,No,No,Dry Ground,No,No,Demolition,Sunny,Intermediate,3,97.8,104.4
2025-05-26 12:00:00,EXC002,OP1007,2374.8,4.91,7,29.2,Fastened,No,No,Normal,No,No,Demolition,Sunny,Intermediate,4,89.1,88.5
2025-05-26 12:30:00,LOD002,OP1004,2908.0,4.56,6,34.8,Fastened,No,No,Dry Ground,No,No,Grading,Sunny,Expert,6,37.8,41.7
2025-05-26 13:00:00,EXC003,OP1004,2097.6,7.74,16,30.8,Fastened,No,No,Low Visibility,No,No,Grading,Cloudy,Beginner,3,39.5,36.4
2025-05-26 13:30:00,EXC004,OP1009,1557.7,2.47,2,2.0,Fastened,No,No,Normal,Yes,No,Trenching,Sunny,Intermediate,5,43.2,42.6
2025-05-26 14:00:00,EXC002,OP1006,2377.1,5.54,7,33.2,Fastened,No,No,Normal,No,No,Demolition,Sunny,Intermediate,4,94.9,99.2
2025-05-26 14:30:00,LOD001,OP1004,3237.6,5.52,9,15.1,Fastened,Yes,Yes,Dry Ground,Yes,Yes,Earth Excavation,Sunny,Expert,4,60.0,66.8
2025-05-26 15:00:00,EXC005,OP1002,4425.1,6.11,12,14.2,Fastened,Yes,Yes,Dry Ground,No,Yes,Grading,Sunny,Intermediate,7,32.6,34.6
2025-05-26 15:30:00,EXC002,OP1006,2378.7,4.36,5,41.0,Fastened,Yes,Yes,Wet Ground,No,Yes,Demolition,Rainy,Intermediate,4,107.4,126.1
2025-05-26 16:00:00,EXC001,OP1002,1799.8,7.8,17,24.7,Fastened,Yes,Yes,Dry Ground,No,Yes,Material Loading,Sunny,Intermediate,2,34.2,37.8
2025-05-26 16:30:00,EXC005,OP1005,4426.3,7.55,11,51.5,Fastened,No,No,Wet Ground,No,No,Grading,Rainy,Intermediate,7,45.8,66.3
2025-05-26 17:00:00,EXC005,OP1006,4428.0,5.04,7,29.1,Unfastened,No,Yes,Normal,No,Yes,Grading,Cloudy,Expert,7,30.1,33.8
2025-05-26 17:30:00,EXC002,OP1004,2379.5,5.45,10,9.2,Fastened,No,No,Dusty,No,No,Earth Excavation,Windy,Intermediate,4,66.8,73.2
2025-05-26 18:00:00,LOD002,OP1003,2909.6,8.08,14,33.7,Fastened,Yes,Yes,Dry Ground,No,Yes,Material Loading,Sunny,Intermediate,6,27.0,38.9
2025-05-26 18:30:00,EXC001,OP1007,1801.6,6.4,11,31.6,Fastened,No,No,Normal,No,No,Earth Excavation,Sunny,Intermediate,2,62.3,63.9
2025-05-26 19:00:00,EXC003,OP1002,2098.0,7.01,14,41.1,Fastened,No,No,Normal,No,No,Material Loading,Sunny,Intermediate,3,31.4,34.7
2025-05-26 19:30:00,LOD002,OP1006,2911.0,6.44,13,28.0,Fastened,No,No,Dry Ground,No,No,Earth Excavation,Sunny,Intermediate,6,65.3,75.5
2025-05-26 20:00:00,EXC003,OP1004,2098.8,5.38,8,31.2,Fastened,No,No,Low Visibility,No,No,Trenching,Cloudy,Intermediate,3,44.9,49.5
2025-05-26 20:30:00,EXC005,OP1006,4429.9,6.45,8,31.6,Fastened,No,No,Dry Ground,No,No,Grading,Sunny,Intermediate,7,35.4,41.0
2025-05-26 21:00:00,EXC003,OP1004,2099.4,4.1,4,13.4,Fastened,No,No,Normal,No,No,Demolition,Sunny,Intermediate,3,95.7,97.1
2025-05-26 21:30:00,EXC002,OP1004,2381.7,4.75,5,37.7,Fastened,No,No,Wet Ground,No,No,Trenching,Rainy,Intermediate,4,56.9,71.6
2025-05-26 22:00:00,LOD002,OP1004,2912.2,8.05,15,30.2,Fastened,No,No,Low Visibility,No,No,Material Loading,Cloudy,Intermediate,6,37.8,38.5
2025-05-26 22:30:00,EXC003,OP1009,2100.1,6.84,14,2.0,Fastened,Yes,Yes,Normal,No,Yes,Material Loading,Sunny,Beginner,3,39.8,46.7
2025-05-26 23:00:00,LOD002,OP1007,2913.4,6.61,12,44.8,Fastened,No,No,Normal,No,No,Demolition,Sunny,Expert,6,80.9,90.6
2025-05-26 23:30:00,EXC002,OP1003,2382.8,7.41,14,31.0,Fastened,No,No,Normal,No,No,Material Loading,Sunny,Expert,4,31.8,41.7
2025-05-27 00:00:00,EXC002,OP1003,2384.0,6.7,10,38.4,Unfastened,No,Yes,Normal,No,Yes,Grading,Windy,Intermediate,4,39.2,60.3
2025-05-27 00:30:00,EXC001,OP1006,1803.2,4.62,2,52.2,Fastened,No,No,Slippery,No,No,Demolition,Rainy,Intermediate,2,107.8,119.6
2025-05-27 01:00:00,EXC005,OP1006,4431.3,5.02,4,51.1,Unfastened,No,Yes,Slippery,No,Yes,Trenching,Rainy,Beginner,7,62.7,84.7
2025-05-27 01:30:00,EXC003,OP1004,2100.6,3.34,4,21.1,Fastened,No,No,Dusty,No,No,Demolition,Windy,Expert,3,87.4,97.5
2025-05-27 02:00:00,LOD002,OP1009,2913.7,4.58,5,22.5,Fastened,Yes,Yes,Normal,No,Yes,Demolition,Cloudy,Expert,6,87.6,88.7
2025-05-27 02:30:00,EXC004,OP1004,1559.5,3.9,3,23.7,Fastened,Yes,Yes,Dry Ground,No,Yes,Demolition,Sunny,Intermediate,5,94.7,102.1
2025-05-27 03:00:00,LOD002,OP1009,2915.2,6.01,9,24.4,Fastened,No,No,Dry Ground,No,No,Earth Excavation,Sunny,Intermediate,6,64.5,67.4
2025-05-27 03:30:00,EXC002,OP1004,2385.1,5.63,9,21.0,Fastened,No,No,Wet Ground,No,No,Trenching,Rainy,Intermediate,4,56.7,62.8
2025-05-27 04:00:00,LOD002,OP1002,2917.3,5.04,4,35.6,Fastened,No,Yes,Reduced Visibility,Yes,No,Demolition,Rainy,Intermediate,6,106.6,119.9
2025-05-27 04:30:00,LOD001,OP1002,3238.7,4.9,7,20.6,Fastened,No,No,Normal,No,No,Trenching,Sunny,Expert,4,38.7,39.6
2025-05-27 05:00:00,LOD001,OP1005,3240.7,8.2,16,39.3,Fastened,No,No,Low Visibility,No,No,Material Loading,Cloudy,Intermediate,4,27.2,37.9
2025-05-27 05:30:00,LOD001,OP1004,3241.6,7.29,14,32.9,Fastened,No,No,Normal,No,No,Earth Excavation,Windy,Expert,4,60.0,72.2
2025-05-27 06:00:00,LOD001,OP1007,3242.0,6.65,12,28.0,Unfastened,No,Yes,Dry Ground,No,Yes,Earth Excavation,Sunny,Intermediate,4,59.8,67.4
2025-05-27 06:30:00,EXC005,OP1005,4433.6,6.32,8,54.7,Fastened,Yes,Yes,Reduced Visibility,No,Yes,Trenching,Rainy,Beginner,7,62.7,78.2
2025-05-27 07:00:00,EXC001,OP1006,1804.3,7.8,17,15.1,Fastened,No,No,Normal,No,No,Material Loading,Sunny,Intermediate,2,30.7,30.7
2025-05-27 07:30:00,EXC001,OP1010,1806.3,5.14,9,2.0,Fastened,No,No,Low Visibility,No,No,Trenching,Cloudy,Intermediate,2,41.9,40.9
2025-05-27 08:00:00,LOD002,OP1004,2918.1,7.54,17,24.4,Fastened,No,No,Dry Ground,No,No,Material Loading,Sunny,Expert,6,27.0,28.4
2025-05-27 08:30:00,EXC005,OP1002,4435.3,5.43,9,12.4,Fastened,Yes,Yes,Normal,No,Yes,Material Loading,Cloudy,Intermediate,7,34.2,32.2
2025-05-27 09:00:00,LOD001,OP1010,3244.2,5.84,9,28.0,Fastened,No,No,Normal,No,No,Grading,Cloudy,Intermediate,4,37.7,33.8
2025-05-27 09:30:00,EXC004,OP1009,1559.8,7.1,15,2.0,Fastened,No,No,Normal,No,No,Material Loading,Sunny,Intermediate,5,30.4,35.0
2025-05-27 10:00:00,EXC001,OP1010,1808.4,4.79,7,42.1,Fastened,No,Yes,Reduced Visibility,No,No,Trenching,Rainy,Intermediate,2,52.7,70.7
2025-05-27 10:30:00,EXC001,OP1007,1809.9,5.23,8,21.9,Fastened,No,No,Low Visibility,No,No,Trenching,Cloudy,Intermediate,2,46.5,48.7
2025-05-27 11:00:00,EXC005,OP1004,4436.9,6.97,10,58.7,Fastened,No,No,Slippery,No,No,Earth Excavation,Rainy,Expert,7,63.5,84.7
2025-05-27 11:30:00,EXC003,OP1003,2102.0,7.62,16,8.9,Fastened,No,No,Dry Ground,No,No,Material Loading,Sunny,Intermediate,3,27.4,35.6
2025-05-27 12:00:00,EXC002,OP1010,2387.3,7.09,13,26.1,Fastened,No,Yes,Strong Wind,No,No,Material Loading,Windy,Intermediate,4,41.8,53.2
2025-05-27 12:30:00,EXC004,OP1003,1560.1,7.46,14,28.6,Fastened,No,No,Normal,No,No,Material Loading,Sunny,Expert,5,30.2,29.0
2025-05-27 13:00:00,EXC001,OP1009,1810.7,6.51,11,42.0,Fastened,No,No,Normal,No,No,Trenching,Sunny,Beginner,2,56.0,58.4
2025-05-27 13:30:00,EXC004,OP1005,1562.4,7.0,13,23.7,Fastened,No,No,Normal,No,No,Grading,Sunny,Intermediate,5,38.6,49.4
2025-05-27 14:00:00,EXC002,OP1003,2389.2,6.61,12,23.4,Fastened,No,No,Dry Ground,No,No,Earth Excavation,Sunny,Intermediate,4,66.6,67.2
2025-05-27 14:30:00,LOD001,OP1005,3244.4,5.23,5,43.4,Fastened,No,No,Normal,No,No,Demolition,Windy,Intermediate,4,102.8,116.6
2025-05-27 15:00:00,EXC003,OP1002,2103.4,5.61,7,12.4,Fastened,No,No,Dry Ground,No,No,Earth Excavation,Sunny,Expert,3,49.3,47.3
2025-05-27 15:30:00,EXC004,OP1004,1563.8,4.47,6,31.1,Fastened,No,No,Normal,No,No,Demolition,Sunny,Intermediate,5,92.0,93.4
2025-05-27 16:00:00,EXC001,OP1010,1811.8,7.72,16,63.5,Fastened,No,No,Slippery,No,No,Material Loading,Rainy,Intermediate,2,35.9,45.4
2025-05-27 16:30:00,EXC001,OP1002,1812.7,4.37,6,27.8,Fastened,No,No,Low Visibility,No,No,Trenching,Cloudy,Intermediate,2,47.9,57.5
2025-05-27 17:00:00,EXC003,OP1002,2105.2,5.71,12,7.4,Unfastened,No,Yes,Slippery,No,Yes,Earth Excavation,Rainy,Intermediate,3,71.5,78.9
2025-05-27 17:30:00,EXC004,OP1008,1564.5,6.09,11,4.9,Fastened,No,No,Dry Ground,No,No,Earth Excavation,Sunny,Intermediate,5,59.7,63.9
2025-05-27 18:00:00,EXC005,OP1001,4439.0,6.22,7,46.9,Fastened,Yes,Yes,Slippery,No,Yes,Earth Excavation,Rainy,Intermediate,7,72.1,97.9
2025-05-27 18:30:00,EXC002,OP1007,2391.2,6.89,12,27.4,Fastened,No,No,Dry Ground,No,No,Earth Excavation,Sunny,Expert,4,56.9,55.9
2025-05-27 19:00:00,EXC005,OP1005,4440.1,8.21,16,36.3,Fastened,No,No,Dusty,No,No,Material Loading,Windy,Intermediate,7,34.8,47.9
2025-05-27 19:30:00,LOD002,OP1008,2919.0,5.67,8,25.4,Fastened,No,No,Normal,No,No,Trenching,Cloudy,Intermediate,6,51.5,59.6
2025-05-27 20:00:00,LOD001,OP1001,3245.3,7.46,14,18.8,Fastened,No,No,Normal,No,No,Grading,Cloudy,Intermediate,4,34.3,35.6
2025-05-27 20:30:00,EXC001,OP1007,1814.0,6.62,11,37.2,Fastened,No,No,Dry Ground,No,No,Earth Excavation,Sunny,Intermediate,2,62.7,64.4
2025-05-27 21:00:00,EXC004,OP1005,1566.3,4.88,5,37.5,Fastened,Yes,Yes,Normal,No,Yes,Demolition,Sunny,Intermediate,5,92.8,94.4
2025-05-27 21:30:00,EXC001,OP1004,1815.1,9.49,20,47.8,Fastened,No,No,Normal,No,No,Material Loading,Sunny,Beginner,2,34.1,36.4
2025-05-27 22:00:00,EXC002,OP1007,2392.9,5.35,8,45.4,Unfastened,No,Yes,Normal,No,Yes,Earth Excavation,Sunny,Intermediate,4,62.2,70.0
2025-05-27 22:30:00,LOD002,OP1010,2920.0,5.17,6,25.8,Fastened,No,No,Normal,No,No,Trenching,Sunny,Beginner,6,49.7,53.7
2025-05-27 23:00:00,EXC001,OP1002,1816.0,7.05,12,26.9,Fastened,No,Yes,Reduced Visibility,No,No,Earth Excavation,Rainy,Intermediate,2,70.8,78.6
2025-05-27 23:30:00,EXC004,OP1001,1566.6,6.73,14,23.1,Fastened,No,No,Dry Ground,No,No,Earth Excavation,Sunny,Intermediate,5,66.8,64.0
2025-05-28 00:00:00,EXC005,OP1001,4440.3,8.97,17,39.0,Fastened,Yes,Yes,Slippery,No,Yes,Material Loading,Rainy,Beginner,7,38.8,51.5
2025-05-28 00:30:00,EXC005,OP1001,4441.0,6.66,12,32.4,Fastened,No,No,Normal,No,No,Material Loading,Sunny,Expert,7,34.5,37.6
2025-05-28 01:00:00,EXC004,OP1005,1567.7,6.71,11,34.9,Fastened,No,No,Normal,No,No,Demolition,Sunny,Intermediate,5,92.6,91.4
2025-05-28 01:30:00,EXC001,OP1010,1818.1,8.07,16,59.9,Fastened,No,No,Slippery,No,No,Material Loading,Rainy,Expert,2,33.4,45.0
2025-05-28 02:00:00,EXC003,OP1007,2107.2,4.6,4,41.3,Fastened,Yes,Yes,Reduced Visibility,No,Yes,Demolition,Rainy,Beginner,3,118.6,134.4
2025-05-28 02:30:00,EXC004,OP1002,1568.5,4.83,5,37.4,Fastened,No,No,Low Visibility,No,No,Demolition,Cloudy,Expert,5,94.1,101.3
2025-05-28 03:00:00,EXC001,OP1010,1818.9,5.27,7,31.9,Unfastened,Yes,Yes,Dry Ground,No,Yes,Demolition,Sunny,Beginner,2,102.4,105.9
2025-05-28 03:30:00,EXC003,OP1008,2108.0,9.66,20,41.1,Fastened,No,No,Normal,No,No,Material Loading,Cloudy,Intermediate,3,32.4,43.6
2025-05-28 04:00:00,EXC001,OP1004,1819.9,6.31,12,18.7,Fastened,No,No,Normal,No,No,Earth Excavation,Sunny,Expert,2,53.5,54.4
2025-05-28 04:30:00,EXC001,OP1003,1821.2,8.69,17,41.3,Fastened,No,No,Normal,No,No,Earth Excavation,Sunny,Intermediate,2,61.1,61.5
2025-05-28 05:00:00,EXC003,OP1010,2109.2,7.89,17,23.7,Unfastened,No,Yes,Low Visibility,No,Yes,Material Loading,Cloudy,Beginner,3,36.9,44.5
2025-05-28 05:30:00,EXC001,OP1008,1821.9,3.97,4,22.1,Fastened,Yes,Yes,Dry Ground,No,Yes,Trenching,Sunny,Expert,2,40.3,47.1
2025-05-28 06:00:00,EXC004,OP1002,1569.0,7.57,15,32.5,Fastened,No,No,Dry Ground,No,No,Earth Excavation,Sunny,Intermediate,5,61.0,65.2
2025-05-28 06:30:00,EXC005,OP1003,4441.3,7.48,12,45.3,Fastened,No,No,Dusty,No,No,Material Loading,Windy,Intermediate,7,34.5,50.1
2025-05-28 07:00:00,LOD001,OP1003,3245.8,6.18,10,38.7,Fastened,No,No,Wet Ground,No,No,Earth Excavation,Rainy,Beginner,4,82.3,93.9
2025-05-28 07:30:00,EXC002,OP1010,2394.7,5.57,10,4.8,Fastened,No,No,Dry Ground,No,No,Grading,Sunny,Intermediate,4,37.4,39.3
2025-05-28 08:00:00,EXC002,OP1001,2395.4,5.93,11,17.1,Fastened,No,No,Normal,No,No,Earth Excavation,Cloudy,Intermediate,4,65.7,61.3
2025-05-28 08:30:00,EXC001,OP1006,1823.2,7.55,17,10.6,Fastened,No,No,Dry Ground,No,No,Material Loading,Sunny,Expert,2,30.0,27.2
2025-05-28 09:00:00,EXC005,OP1002,4442.8,6.9,11,46.9,Fastened,No,No,Slippery,No,No,Grading,Rainy,Intermediate,7,44.8,52.1
2025-05-28 09:30:00,EXC005,OP1001,4445.1,6.06,11,28.6,Fastened,No,No,Low Visibility,No,No,Earth Excavation,Cloudy,Expert,7,59.9,56.0
2025-05-28 10:00:00,EXC001,OP1002,1825.4,8.72,19,15.7,Fastened,No,No,Dry Ground,No,No,Material Loading,Sunny,Intermediate,2,29.8,36.4
2025-05-28 10:30:00,LOD002,OP1006,2922.0,5.54,8,29.9,Fastened,No,No,Dry Ground,No,No,Grading,Sunny,Expert,6,28.8,37.8
2025-05-28 11:00:00,EXC001,OP1004,1825.7,5.24,9,34.7,Fastened,No,No,Dry Ground,No,No,Earth Excavation,Sunny,Intermediate,2,61.7,65.9
2025-05-28 11:30:00,EXC004,OP1006,1570.5,6.77,13,25.9,Fastened,No,No,Normal,No,No,Earth Excavation,Cloudy,Expert,5,61.7,66.1
2025-05-28 12:00:00,EXC005,OP1009,4447.1,5.38,7,42.3,Fastened,No,No,Wet Ground,No,No,Trenching,Rainy,Intermediate,7,53.1,63.2
2025-05-28 12:30:00,LOD002,OP1010,2922.2,7.45,15,11.8,Fastened,No,No,Normal,No,No,Material Loading,Sunny,Expert,6,26.6,39.5
2025-05-28 13:00:00,LOD001,OP1010,3247.3,7.71,16,23.5,Fastened,No,No,Dry Ground,No,No,Material Loading,Sunny,Intermediate,4,35.1,40.7
2025-05-28 13:30:00,LOD001,OP1008,3249.5,7.02,11,44.2,Fastened,No,No,Dry Ground,No,No,Earth Excavation,Sunny,Beginner,4,76.7,78.8
2025-05-28 14:00:00,EXC003,OP1001,2110.5,6.01,12,23.2,Fastened,No,No,Dry Ground,No,No,Trenching,Sunny,Intermediate,3,43.8,54.3
2025-05-28 14:30:00,LOD001,OP1008,3249.7,6.81,12,29.5,Fastened,No,No,Normal,No,No,Earth Excavation,Sunny,Intermediate,4,70.1,70.2
2025-05-28 15:00:00,EXC001,OP1009,1825.9,5.28,8,26.1,Fastened,No,No,Normal,No,No,Grading,Cloudy,Intermediate,2,38.0,38.6
2025-05-28 15:30:00,LOD002,OP1006,2923.4,5.09,9,5.5,Fastened,No,No,Normal,No,No,Trenching,Cloudy,Intermediate,6,51.9,55.5
2025-05-28 16:00:00,EXC004,OP1010,1571.1,6.24,9,44.7,Fastened,No,No,Normal,No,No,Grading,Windy,Intermediate,5,38.6,53.3
2025-05-28 16:30:00,LOD001,OP1005,3251.4,5.54,8,36.6,Unfastened,No,Yes,Strong Wind,No,Yes,Trenching,Windy,Intermediate,4,51.3,63.5
2025-05-28 17:00:00,EXC004,OP1006,1572.9,5.52,7,28.2,Fastened,No,No,Normal,No,No,Grading,Cloudy,Intermediate,5,39.1,39.2
2025-05-28 17:30:00,EXC005,OP1006,4447.7,7.51,12,54.2,Fastened,No,No,Wet Ground,No,No,Material Loading,Rainy,Beginner,7,39.8,51.4
2025-05-28 18:00:00,EXC004,OP1009,1575.2,9.1,17,44.6,Fastened,No,Yes,Strong Wind,No,No,Material Loading,Windy,Expert,5,35.6,46.2
2025-05-28 18:30:00,LOD001,OP1004,3252.6,4.55,4,36.0,Fastened,Yes,Yes,Dry Ground,No,Yes,Trenching,Sunny,Expert,4,42.0,54.9
2025-05-28 19:00:00,EXC001,OP1002,1826.5,5.07,9,27.4,Fastened,No,No,Dry Ground,No,No,Grading,Sunny,Intermediate,2,34.2,38.4
2025-05-28 19:30:00,EXC001,OP1009,1828.4,4.89,8,16.6,Fastened,No,No,Dry Ground,No,No,Trenching,Sunny,Intermediate,2,42.4,45.8
2025-05-28 20:00:00,EXC002,OP1002,2397.5,6.47,11,23.3,Fastened,No,No,Low Visibility,No,No,Trenching,Cloudy,Intermediate,4,49.9,54.3
2025-05-28 20:30:00,EXC001,OP1010,1830.1,6.97,13,31.3,Fastened,No,No,Wet Ground,No,No,Material Loading,Rainy,Expert,2,32.4,45.9
2025-05-28 21:00:00,LOD002,OP1009,2925.5,7.11,11,53.6,Fastened,No,No,Normal,No,No,Grading,Sunny,Intermediate,6,34.2,45.9
2025-05-28 21:30:00,EXC002,OP1002,2399.3,7.82,14,48.2,Fastened,No,No,Normal,No,No,Material Loading,Cloudy,Intermediate,4,32.6,42.5
2025-05-28 22:00:00,LOD002,OP1008,2927.8,4.25,2,47.3,Fastened,No,No,Normal,No,No,Trenching,Cloudy,Beginner,6,58.0,59.8
2025-05-28 22:30:00,EXC003,OP1009,2111.7,7.44,15,30.8,Fastened,No,No,Normal,No,No,Material Loading,Sunny,Expert,3,26.6,26.8
2025-05-28 23:00:00,EXC002,OP1010,2401.3,6.97,14,20.3,Fastened,No,No,Dry Ground,No,No,Material Loading,Sunny,Intermediate,4,32.3,41.4
2025-05-28 23:30:00,LOD001,OP1009,3255.1,6.02,8,43.3,Fastened,No,No,Normal,No,No,Demolition,Sunny,Intermediate,4,93.6,94.0
2025-05-29 00:00:00,EXC005,OP1010,4449.6,5.62,8,27.7,Fastened,No,No,Dry Ground,No,No,Grading,Sunny,Beginner,7,42.4,47.6
2025-05-29 00:30:00,EXC004,OP1009,1575.6,7.87,13,65.0,Fastened,Yes,Yes,Slippery,No,Yes,Material Loading,Rainy,Intermediate,5,33.3,47.9
2025-05-29 01:00:00,EXC004,OP1002,1577.0,6.69,11,40.1,Unfastened,No,Yes,Slippery,Yes,Yes,Trenching,Rainy,Intermediate,5,54.9,70.3
2025-05-29 01:30:00,LOD001,OP1004,3256.7,6.41,9,50.7,Unfastened,Yes,Yes,Wet Ground,No,Yes,Grading,Rainy,Intermediate,4,35.6,54.4
2025-05-29 02:00:00,EXC002,OP1007,2401.9,5.89,10,24.7,Fastened,No,Yes,Reduced Visibility,No,No,Material Loading,Rainy,Expert,4,36.6,48.4
2025-05-29 02:30:00,LOD002,OP1002,2930.2,5.58,8,29.8,Fastened,Yes,Yes,Reduced Visibility,Yes,Yes,Demolition,Rainy,Intermediate,6,113.3,128.0
2025-05-29 03:00:00,LOD002,OP1001,2930.8,7.18,14,43.1,Fastened,No,No,Low Visibility,No,No,Earth Excavation,Cloudy,Expert,6,55.9,63.6
2025-05-29 03:30:00,EXC005,OP1003,4450.2,7.09,14,9.5,Fastened,No,No,Low Visibility,No,No,Earth Excavation,Cloudy,Intermediate,7,61.8,62.3
2025-05-29 04:00:00,EXC002,OP1004,2404.2,6.13,10,35.7,Fastened,No,No,Normal,No,No,Earth Excavation,Cloudy,Intermediate,4,67.8,76.2
2025-05-29 04:30:00,EXC005,OP1008,4451.4,8.82,15,56.2,Fastened,No,No,Low Visibility,No,No,Material Loading,Cloudy,Expert,7,29.3,37.8
2025-05-29 05:00:00,EXC001,OP1006,1830.4,5.27,8,31.6,Fastened,Yes,Yes,Dry Ground,No,Yes,Demolition,Sunny,Intermediate,2,92.0,105.0
2025-05-29 05:30:00,EXC001,OP1002,1832.0,8.6,14,66.4,Fastened,No,No,Slippery,No,No,Earth Excavation,Rainy,Intermediate,2,70.5,80.0
2025-05-29 06:00:00,EXC002,OP1009,2405.8,6.56,11,29.8,Fastened,No,No,Normal,No,No,Grading,Sunny,Expert,4,28.8,25.9
2025-05-29 06:30:00,EXC004,OP1002,1577.4,7.69,16,27.3,Fastened,No,No,Low Visibility,No,No,Material Loading,Cloudy,Intermediate,5,34.8,44.5
2025-05-29 07:00:00,LOD002,OP1005,2933.2,4.84,8,19.8,Unfastened,No,Yes,Normal,No,Yes,Grading,Sunny,Intermediate,6,38.4,35.9
2025-05-29 07:30:00,LOD001,OP1004,3258.1,3.54,2,34.1,Fastened,No,No,Normal,No,No,Trenching,Sunny,Expert,4,42.2,43.2
2025-05-29 08:00:00,LOD001,OP1007,3259.6,7.1,12,47.0,Fastened,No,No,Dusty,No,No,Grading,Windy,Intermediate,4,32.5,40.8
2025-05-29 08:30:00,EXC003,OP1008,2113.0,4.5,9,8.2,Fastened,No,No,Dry Ground,No,No,Earth Excavation,Sunny,Intermediate,3,63.3,69.6
2025-05-29 09:00:00,EXC003,OP1005,2114.7,5.92,9,42.1,Fastened,No,No,Dry Ground,No,No,Grading,Sunny,Expert,3,33.6,38.9
2025-05-29 09:30:00,EXC003,OP1010,2115.5,7.06,14,27.5,Fastened,Yes,Yes,Normal,No,Yes,Earth Excavation,Sunny,Intermediate,3,61.5,61.6
2025-05-29 10:00:00,LOD002,OP1005,2934.1,8.4,15,52.2,Fastened,No,Yes,Reduced Visibility,No,No,Material Loading,Rainy,Beginner,6,45.0,62.6
2025-05-29 10:30:00,EXC001,OP1002,1833.4,6.77,11,24.0,Fastened,No,No,Low Visibility,No,No,Grading,Cloudy,Expert,2,36.5,39.2
2025-05-29 11:00:00,LOD002,OP1008,2936.1,8.71,18,52.5,Fastened,No,No,Low Visibility,No,No,Earth Excavation,Cloudy,Beginner,6,76.3,78.2
2025-05-29 11:30:00,EXC004,OP1002,1577.7,7.42,13,31.3,Fastened,No,No,Wet Ground,No,No,Earth Excavation,Rainy,Expert,5,60.7,71.6
2025-05-29 12:00:00,EXC003,OP1010,2117.0,5.41,8,26.9,Fastened,No,No,Dry Ground,No,No,Grading,Sunny,Expert,3,28.6,29.9
2025-05-29 12:30:00,LOD001,OP1006,3261.7,5.85,11,16.8,Fastened,No,No,Normal,No,No,Material Loading,Sunny,Intermediate,4,29.1,31.6
2025-05-29 13:00:00,EXC004,OP1008,1578.2,8.37,16,43.5,Fastened,No,No,Dry Ground,No,No,Material Loading,Sunny,Beginner,5,35.5,38.9
2025-05-29 13:30:00,LOD002,OP1006,2936.4,7.49,12,44.4,Fastened,No,No,Wet Ground,No,No,Earth Excavation,Rainy,Intermediate,6,75.7,92.6
2025-05-29 14:00:00,LOD002,OP1004,2937.3,5.25,8,17.3,Fastened,No,No,Low Visibility,No,No,Earth Excavation,Cloudy,Intermediate,6,66.5,67.2
2025-05-29 14:30:00,EXC003,OP1004,2118.6,4.87,10,13.7,Fastened,No,No,Dry Ground,No,No,Trenching,Sunny,Expert,3,41.2,44.5
2025-05-29 15:00:00,EXC002,OP1006,2406.3,6.91,13,21.6,Fastened,No,No,Normal,No,No,Earth Excavation,Sunny,Intermediate,4,64.3,63.0
2025-05-29 15:30:00,EXC005,OP1004,4452.6,4.98,6,20.5,Unfastened,Yes,Yes,Normal,No,Yes,Demolition,Sunny,Beginner,7,108.4,115.3
2025-05-29 16:00:00,LOD002,OP1008,2938.7,8.3,17,31.5,Fastened,No,No,Normal,No,No,Earth Excavation,Cloudy,Intermediate,6,67.4,74.4
2025-05-29 16:30:00,EXC002,OP1009,2407.9,6.37,10,31.7,Fastened,No,No,Normal,No,No,Trenching,Sunny,Expert,4,42.8,50.3
2025-05-29 17:00:00,EXC005,OP1001,4453.4,6.22,9,28.7,Fastened,No,No,Normal,No,No,Earth Excavation,Sunny,Intermediate,7,65.8,69.4
2025-05-29 17:30:00,EXC005,OP1004,4454.6,8.26,14,41.5,Fastened,No,No,Normal,No,No,Earth Excavation,Sunny,Expert,7,60.3,62.9
2025-05-29 18:00:00,LOD001,OP1004,3263.7,7.59,15,14.4,Fastened,No,No,Normal,No,No,Material Loading,Cloudy,Intermediate,4,32.0,26.1
2025-05-29 18:30:00,EXC001,OP1002,1835.8,9.02,19,4.3,Fastened,No,No,Normal,No,No,Material Loading,Cloudy,Expert,2,22.4,27.8
2025-05-29 19:00:00,LOD001,OP1006,3265.8,7.83,14,34.4,Fastened,No,No,Dry Ground,No,No,Earth Excavation,Sunny,Intermediate,4,60.4,68.0
2025-05-29 19:30:00,LOD002,OP1003,2940.2,6.54,13,4.0,Fastened,No,No,Low Visibility,No,No,Earth Excavation,Cloudy,Intermediate,6,67.9,66.6
2025-05-29 20:00:00,EXC002,OP1007,2409.0,7.11,13,23.4,Fastened,No,No,Low Visibility,No,No,Earth Excavation,Cloudy,Expert,4,56.2,59.2
2025-05-29 20:30:00,EXC002,OP1005,2410.0,5.27,7,36.0,Fastened,No,No,Dusty,No,No,Grading,Windy,Intermediate,4,37.3,45.1
2025-05-29 21:00:00,LOD002,OP1004,2940.7,7.21,13,36.6,Unfastened,No,Yes,Normal,No,Yes,Material Loading,Sunny,Intermediate,6,32.0,38.9
2025-05-29 21:30:00,EXC002,OP1005,2410.4,6.31,12,30.2,Fastened,No,No,Normal,No,No,Earth Excavation,Cloudy,Expert,4,61.1,61.9
2025-05-29 22:00:00,LOD001,OP1008,3267.6,5.93,11,14.7,Fastened,No,No,Normal,No,No,Material Loading,Cloudy,Intermediate,4,33.5,36.5
2025-05-29 22:30:00,EXC004,OP1003,1579.0,6.32,11,13.5,Fastened,No,No,Normal,No,No,Grading,Sunny,Intermediate,5,42.0,43.8
2025-05-29 23:00:00,EXC002,OP1007,2411.2,4.81,5,56.4,Fastened,No,Yes,Reduced Visibility,No,No,Demolition,Rainy,Intermediate,4,108.8,130.6
2025-05-29 23:30:00,LOD002,OP1006,2943.2,5.0,6,28.6,Fastened,No,No,Dry Ground,No,No,Demolition,Sunny,Expert,6,86.9,86.8
2025-05-30 00:00:00,EXC003,OP1001,2119.2,5.53,9,30.4,Fastened,No,No,Dry Ground,No,No,Trenching,Sunny,Intermediate,3,45.6,55.2
2025-05-30 00:30:00,EXC004,OP1007,1579.6,5.52,10,5.9,Fastened,Yes,Yes,Normal,No,Yes,Earth Excavation,Sunny,Intermediate,5,58.3,61.4
2025-05-30 01:00:00,EXC003,OP1007,2119.7,7.67,13,59.9,Unfastened,No,Yes,Dry Ground,No,Yes,Earth Excavation,Sunny,Intermediate,3,62.2,70.0
2025-05-30 01:30:00,EXC005,OP1001,4456.1,6.42,10,33.7,Fastened,No,No,Normal,No,No,Grading,Sunny,Intermediate,7,37.6,43.0
2025-05-30 02:00:00,EXC002,OP1009,2412.8,4.47,4,11.8,Fastened,No,No,Normal,No,No,Demolition,Cloudy,Expert,4,88.8,89.7
2025-05-30 02:30:00,EXC003,OP1006,2120.7,8.12,17,33.4,Fastened,No,No,Slippery,No,No,Material Loading,Rainy,Intermediate,3,36.4,58.9
2025-05-30 03:00:00,LOD002,OP1002,2944.7,6.64,10,48.5,Fastened,No,No,Wet Ground,No,No,Trenching,Rainy,Intermediate,6,55.7,66.7
2025-05-30 03:30:00,EXC002,OP1005,2414.9,5.79,10,22.5,Unfastened,No,Yes,Dry Ground,No,Yes,Trenching,Sunny,Beginner,4,57.2,63.8
2025-05-30 04:00:00,EXC005,OP1004,4458.2,5.8,12,6.8,Fastened,No,No,Normal,No,No,Trenching,Cloudy,Intermediate,7,48.8,50.4
2025-05-30 04:30:00,EXC003,OP1007,2123.1,6.28,10,29.8,Unfastened,No,Yes,Strong Wind,No,Yes,Earth Excavation,Windy,Expert,3,62.6,78.5
2025-05-30 05:00:00,LOD001,OP1008,3269.7,5.66,10,26.1,Fastened,No,No,Dry Ground,No,No,Material Loading,Sunny,Intermediate,4,35.1,40.1
2025-05-30 05:30:00,EXC001,OP1001,1837.3,6.22,10,23.3,Unfastened,No,Yes,Normal,No,Yes,Earth Excavation,Cloudy,Intermediate,2,61.4,73.5
2025-05-30 06:00:00,LOD002,OP1005,2945.3,6.82,14,14.9,Fastened,No,No,Wet Ground,No,No,Earth Excavation,Rainy,Intermediate,6,71.9,86.6
2025-05-30 06:30:00,EXC004,OP1003,1580.0,7.13,14,13.9,Fastened,Yes,Yes,Low Visibility,No,Yes,Material Loading,Cloudy,Expert,5,26.9,25.3
2025-05-30 07:00:00,EXC002,OP1001,2415.2,5.71,8,17.9,Fastened,No,No,Normal,No,No,Earth Excavation,Sunny,Intermediate,4,58.3,59.7
2025-05-30 07:30:00,EXC001,OP1003,1839.0,4.82,7,18.5,Fastened,No,No,Normal,No,No,Earth Excavation,Sunny,Intermediate,2,66.7,64.5
2025-05-30 08:00:00,EXC002,OP1006,2417.2,6.03,11,24.6,Fastened,No,No,Low Visibility,No,No,Trenching,Cloudy,Expert,4,52.9,58.1
2025-05-30 08:30:00,EXC004,OP1007,1581.4,5.21,8,31.8,Fastened,No,No,Dusty,No,No,Demolition,Windy,Expert,5,92.5,107.3
2025-05-30 09:00:00,EXC003,OP1008,2123.4,4.19,8,14.6,Fastened,No,No,Dry Ground,No,No,Grading,Sunny,Expert,3,31.5,32.8
2025-05-30 09:30:00,LOD001,OP1004,3271.2,8.21,16,44.7,Unfastened,No,Yes,Strong Wind,No,Yes,Earth Excavation,Windy,Intermediate,4,72.6,80.2
2025-05-30 10:00:00,EXC003,OP1003,2125.8,8.99,21,29.5,Fastened,No,No,Normal,Yes,No,Material Loading,Sunny,Expert,3,29.6,29.6
2025-05-30 10:30:00,EXC002,OP1005,2418.8,7.12,14,21.9,Unfastened,No,Yes,Dry Ground,No,Yes,Earth Excavation,Sunny,Intermediate,4,60.1,63.0
2025-05-30 11:00:00,EXC005,OP1009,4460.2,8.0,16,28.8,Fastened,No,No,Dry Ground,No,No,Material Loading,Sunny,Intermediate,7,29.5,32.8
2025-05-30 11:30:00,EXC005,OP1006,4462.3,6.42,11,22.1,Fastened,No,No,Normal,No,No,Grading,Cloudy,Intermediate,7,41.0,39.1
2025-05-30 12:00:00,EXC002,OP1009,2421.2,5.42,9,33.7,Fastened,No,No,Dry Ground,No,No,Demolition,Sunny,Intermediate,4,94.7,99.4
2025-05-30 12:30:00,EXC002,OP1006,2423.1,8.59,19,23.9,Unfastened,No,Yes,Normal,No,Yes,Material Loading,Sunny,Expert,4,31.4,41.4
2025-05-30 13:00:00,EXC001,OP1002,1840.9,4.22,4,32.1,Fastened,No,Yes,Reduced Visibility,No,No,Demolition,Rainy,Beginner,2,123.5,144.9
2025-05-30 13:30:00,LOD001,OP1005,3271.9,4.87,6,29.9,Fastened,No,No,Normal,No,No,Demolition,Windy,Expert,4,87.3,97.4
2025-05-30 14:00:00,EXC005,OP1009,4462.6,4.04,6,18.2,Fastened,Yes,Yes,Dry Ground,Yes,Yes,Demolition,Sunny,Expert,7,84.3,91.3
2025-05-30 14:30:00,EXC004,OP1008,1582.8,8.15,16,23.7,Fastened,No,No,Normal,No,No,Material Loading,Sunny,Intermediate,5,28.9,31.6
2025-05-30 15:00:00,LOD001,OP1007,3272.4,6.54,11,51.9,Fastened,No,No,Wet Ground,No,No,Trenching,Rainy,Expert,4,49.1,66.4
2025-05-30 15:30:00,LOD001,OP1001,3274.8,5.11,9,27.2,Fastened,No,No,Normal,No,No,Trenching,Cloudy,Intermediate,4,47.8,58.7
2025-05-30 16:00:00,EXC004,OP1004,1583.6,6.78,13,21.6,Fastened,No,No,Dry Ground,No,No,Earth Excavation,Sunny,Intermediate,5,61.6,63.8
2025-05-30 16:30:00,LOD002,OP1007,2947.4,7.99,13,30.5,Fastened,No,Yes,Strong Wind,No,No,Earth Excavation,Windy,Expert,6,60.9,69.9
2025-05-30 17:00:00,EXC002,OP1007,2424.2,5.9,10,29.2,Fastened,No,No,Normal,No,No,Grading,Sunny,Intermediate,4,38.4,44.0
2025-05-30 17:30:00,EXC001,OP1006,1841.9,6.87,13,29.3,Fastened,No,No,Low Visibility,No,No,Material Loading,Cloudy,Intermediate,2,31.0,37.2
2025-05-30 18:00:00,EXC002,OP1008,2426.6,5.22,7,26.1,Fastened,No,No,Dry Ground,No,No,Demolition,Sunny,Intermediate,4,91.6,92.6
2025-05-30 18:30:00,EXC001,OP1006,1842.9,5.66,10,32.7,Fastened,No,No,Normal,No,No,Earth Excavation,Cloudy,Expert,2,52.8,52.7
2025-05-30 19:00:00,EXC004,OP1010,1584.7,6.15,10,27.5,Fastened,No,No,Dry Ground,No,No,Earth Excavation,Sunny,Intermediate,5,60.3,63.0
2025-05-30 19:30:00,LOD002,OP1003,2947.9,5.83,10,27.8,Fastened,No,No,Normal,No,No,Grading,Cloudy,Intermediate,6,41.4,35.2
2025-05-30 20:00:00,EXC001,OP1004,1844.6,5.22,6,46.5,Fastened,No,No,Normal,No,No,Trenching,Windy,Intermediate,2,47.6,48.4
2025-05-30 20:30:00,EXC001,OP1003,1845.5,7.96,16,30.2,Fastened,No,No,Normal,No,No,Earth Excavation,Cloudy,Expert,2,62.2,70.4
2025-05-30 21:00:00,EXC004,OP1001,1586.3,5.36,7,34.4,Fastened,No,No,Normal,No,No,Demolition,Cloudy,Beginner,5,113.8,117.1
2025-05-30 21:30:00,LOD002,OP1010,2949.4,7.11,13,26.6,Fastened,No,No,Normal,No,No,Grading,Sunny,Intermediate,6,34.7,38.0
2025-05-30 22:00:00,EXC003,OP1005,2127.6,4.63,4,25.5,Fastened,No,Yes,Strong Wind,No,No,Trenching,Windy,Intermediate,3,48.2,66.7
2025-05-30 22:30:00,EXC004,OP1001,1588.2,5.36,6,48.3,Fastened,No,No,Normal,No,No,Grading,Windy,Intermediate,5,33.4,45.4
2025-05-30 23:00:00,EXC001,OP1001,1846.9,6.01,9,40.3,Fastened,No,No,Wet Ground,No,No,Grading,Rainy,Intermediate,2,39.7,58.0
2025-05-30 23:30:00,EXC001,OP1002,1847.8,6.65,12,29.8,Fastened,No,No,Low Visibility,No,No,Grading,Cloudy,Intermediate,2,42.6,46.5
2025-05-31 00:00:00,LOD002,OP1004,2951.6,5.92,8,59.7,Unfastened,No,Yes,Normal,No,Yes,Grading,Windy,Beginner,6,51.0,67.9
2025-05-31 00:30:00,LOD002,OP1006,2952.5,5.97,11,20.0,Fastened,No,No,Normal,No,No,Earth Excavation,Sunny,Beginner,6,78.0,76.0
2025-05-31 01:00:00,EXC001,OP1008,1849.2,7.69,17,27.7,Fastened,No,No,Normal,No,No,Material Loading,Cloudy,Intermediate,2,33.3,42.5
2025-05-31 01:30:00,LOD002,OP1003,2953.6,6.23,11,30.5,Fastened,No,No,Normal,No,No,Earth Excavation,Cloudy,Intermediate,6,65.0,67.4
2025-05-31 02:00:00,EXC005,OP1001,4464.8,6.0,10,27.5,Fastened,No,No,Low Visibility,No,No,Earth Excavation,Cloudy,Intermediate,7,66.4,62.8
2025-05-31 02:30:00,LOD002,OP1003,2954.8,5.51,8,32.0,Fastened,No,No,Wet Ground,No,No,Demolition,Rainy,Intermediate,6,111.3,115.7
2025-05-31 03:00:00,EXC004,OP1003,1589.3,6.11,11,20.6,Fastened,No,No,Low Visibility,No,No,Material Loading,Cloudy,Intermediate,5,32.4,34.6
2025-05-31 03:30:00,EXC004,OP1005,1591.1,6.26,9,41.0,Fastened,No,No,Dry Ground,No,No,Grading,Sunny,Intermediate,5,34.4,37.0
2025-05-31 04:00:00,EXC004,OP1004,1592.7,6.86,10,41.4,Fastened,No,No,Dry Ground,No,No,Grading,Sunny,Intermediate,5,36.5,44.3
2025-05-31 04:30:00,EXC005,OP1004,4465.2,5.79,8,21.4,Fastened,No,No,Normal,No,No,Demolition,Sunny,Beginner,7,106.7,101.3
2025-05-31 05:00:00,EXC001,OP1009,1850.6,6.26,9,53.7,Fastened,No,No,Normal,No,No,Demolition,Cloudy,Beginner,2,110.5,121.5
2025-05-31 05:30:00,EXC001,OP1007,1852.5,7.75,17,26.4,Fastened,No,No,Dry Ground,No,No,Material Loading,Sunny,Intermediate,2,27.9,31.0
2025-05-31 06:00:00,EXC002,OP1004,2429.0,5.43,7,29.7,Fastened,No,No,Dry Ground,No,No,Trenching,Sunny,Expert,4,43.8,52.6
2025-05-31 06:30:00,EXC005,OP1003,4466.9,6.89,14,12.6,Fastened,No,No,Normal,No,No,Earth Excavation,Cloudy,Intermediate,7,62.9,53.4
2025-05-31 07:00:00,EXC002,OP1006,2430.1,6.67,9,62.3,Fastened,No,Yes,Reduced Visibility,No,No,Trenching,Rainy,Expert,4,47.9,68.1
2025-05-31 07:30:00,EXC005,OP1003,4467.6,6.64,9,54.8,Fastened,No,Yes,Strong Wind,No,No,Trenching,Windy,Intermediate,7,52.8,67.5
2025-05-31 08:00:00,LOD002,OP1006,2957.0,7.12,13,44.6,Fastened,No,Yes,Strong Wind,No,No,Material Loading,Windy,Intermediate,6,33.9,53.9
2025-05-31 08:30:00,EXC001,OP1009,1854.5,8.09,16,48.5,Fastened,No,No,Wet Ground,No,No,Material Loading,Rainy,Expert,2,33.6,43.2
2025-05-31 09:00:00,EXC005,OP1006,4468.3,4.75,6,14.4,Unfastened,No,Yes,Dry Ground,Yes,Yes,Demolition,Sunny,Beginner,7,112.1,117.0
2025-05-31 09:30:00,EXC003,OP1004,2128.3,5.66,10,20.3,Fastened,No,No,Slippery,No,No,Grading,Rainy,Intermediate,3,40.2,44.2
2025-05-31 10:00:00,LOD002,OP1005,2958.8,9.01,15,38.9,Fastened,No,No,Dry Ground,No,No,Material Loading,Sunny,Expert,6,26.9,38.8
2025-05-31 10:30:00,EXC002,OP1006,2431.0,6.71,13,25.1,Fastened,No,Yes,Reduced Visibility,No,No,Trenching,Rainy,Intermediate,4,51.8,64.1
2025-05-31 11:00:00,EXC005,OP1003,4469.2,5.62,9,32.2,Fastened,No,No,Low Visibility,No,No,Earth Excavation,Cloudy,Beginner,7,73.6,81.0
2025-05-31 11:30:00,LOD001,OP1008,3275.3,6.13,10,33.0,Fastened,No,No,Wet Ground,No,No,Trenching,Rainy,Beginner,4,68.2,80.2
2025-05-31 12:00:00,LOD002,OP1004,2959.7,6.55,13,11.2,Unfastened,No,Yes,Dry Ground,No,Yes,Grading,Sunny,Expert,6,31.5,31.2
2025-05-31 12:30:00,EXC005,OP1008,4470.4,6.77,14,23.9,Fastened,No,No,Normal,No,No,Earth Excavation,Sunny,Expert,7,61.1,65.7
2025-05-31 13:00:00,EXC004,OP1010,1594.5,5.92,8,36.6,Fastened,No,No,Low Visibility,No,No,Grading,Cloudy,Intermediate,5,38.3,46.9
2025-05-31 13:30:00,EXC005,OP1010,4471.4,9.72,19,40.0,Fastened,No,No,Dry Ground,No,No,Material Loading,Sunny,Intermediate,7,31.0,36.5
2025-05-31 14:00:00,LOD002,OP1003,2960.6,6.8,11,30.4,Fastened,No,Yes,Strong Wind,No,No,Earth Excavation,Windy,Expert,6,62.4,73.4
2025-05-31 14:30:00,EXC004,OP1010,1595.4,7.2,13,31.3,Fastened,No,No,Normal,No,No,Earth Excavation,Cloudy,Intermediate,5,65.7,64.3
2025-05-31 15:00:00,EXC001,OP1007,1855.8,7.34,15,25.7,Fastened,No,No,Low Visibility,No,No,Material Loading,Cloudy,Intermediate,2,26.2,31.1
2025-05-31 15:30:00,LOD002,OP1009,2961.2,5.34,7,32.6,Fastened,No,No,Dusty,No,No,Trenching,Windy,Intermediate,6,51.3,59.9
2025-05-31 16:00:00,EXC005,OP1004,4472.7,6.05,11,11.4,Unfastened,No,Yes,Normal,No,Yes,Grading,Cloudy,Intermediate,7,38.6,32.4
2025-05-31 16:30:00,EXC005,OP1008,4474.5,7.1,14,22.2,Fastened,No,No,Normal,No,No,Grading,Sunny,Intermediate,7,36.5,36.7
2025-05-31 17:00:00,EXC002,OP1003,2431.3,7.86,15,17.8,Fastened,No,No,Normal,No,No,Material Loading,Sunny,Expert,4,21.7,14.7
2025-05-31 17:30:00,EXC005,OP1007,4474.8,7.54,14,12.9,Fastened,Yes,Yes,Low Visibility,No,Yes,Grading,Cloudy,Expert,7,33.7,31.9
2025-05-31 18:00:00,EXC003,OP1003,2128.7,7.32,14,23.9,Fastened,No,No,Slippery,No,No,Material Loading,Rainy,Intermediate,3,40.4,52.7
2025-05-31 18:30:00,EXC005,OP1007,4476.2,5.31,7,37.0,Fastened,No,No,Wet Ground,No,No,Demolition,Rainy,Intermediate,7,112.4,130.1
2025-05-31 19:00:00,EXC001,OP1010,1858.0,5.41,8,28.4,Fastened,No,No,Dusty,No,No,Earth Excavation,Windy,Intermediate,2,62.9,75.1
2025-05-31 19:30:00,EXC005,OP1010,4476.4,5.1,8,13.2,Fastened,No,No,Normal,No,No,Grading,Sunny,Intermediate,7,40.1,36.3
2025-05-31 20:00:00,LOD002,OP1006,2963.6,5.06,7,27.8,Fastened,No,No,Dry Ground,No,No,Trenching,Sunny,Intermediate,6,44.4,50.9
2025-05-31 20:30:00,EXC001,OP1002,1858.4,6.39,11,37.6,Fastened,No,No,Normal,No,No,Earth Excavation,Sunny,Intermediate,2,62.0,63.8
2025-05-31 21:00:00,LOD002,OP1003,2965.7,6.95,9,67.8,Unfastened,Yes,Yes,Wet Ground,Yes,Yes,Earth Excavation,Rainy,Beginner,6,84.9,101.7
2025-05-31 21:30:00,EXC003,OP1006,2130.0,6.11,13,3.1,Fastened,No,No,Dry Ground,No,No,Material Loading,Sunny,Intermediate,3,29.8,29.9
2025-05-31 22:00:00,LOD002,OP1004,2967.4,6.36,11,26.7,Fastened,No,No,Normal,No,No,Earth Excavation,Sunny,Intermediate,6,66.7,71.3
2025-05-31 22:30:00,LOD001,OP1006,3276.7,7.76,14,29.4,Fastened,No,No,Normal,No,No,Earth Excavation,Cloudy,Intermediate,4,66.5,66.7
2025-05-31 23:00:00,EXC004,OP1001,1596.7,2.97,3,17.7,Fastened,No,No,Dry Ground,No,No,Demolition,Sunny,Intermediate,5,92.2,97.0
2025-05-31 23:30:00,LOD001,OP1010,3278.8,3.98,4,10.6,Fastened,No,No,Slippery,No,No,Grading,Rainy,Intermediate,4,41.0,43.8
2025-06-01 00:00:00,LOD002,OP1001,2969.4,4.27,5,19.7,Fastened,No,No,Low Visibility,No,No,Grading,Cloudy,Expert,6,31.8,33.9
2025-06-01 00:30:00,EXC003,OP1003,2131.3,5.05,7,38.5,Fastened,No,No,Dry Ground,No,No,Grading,Sunny,Expert,3,30.7,43.1
2025-06-01 01:00:00,EXC003,OP1008,2131.7,5.01,8,22.0,Fastened,Yes,Yes,Normal,No,Yes,Demolition,Sunny,Intermediate,3,94.7,98.5
2025-06-01 01:30:00,EXC005,OP1008,4476.9,8.18,14,56.1,Fastened,Yes,Yes,Wet Ground,No,Yes,Material Loading,Rainy,Beginner,7,42.4,59.6
2025-06-01 02:00:00,LOD001,OP1004,3280.9,6.6,11,27.0,Fastened,No,No,Normal,No,No,Earth Excavation,Sunny,Intermediate,4,65.5,70.6
2025-06-01 02:30:00,LOD001,OP1006,3282.3,4.8,6,29.4,Fastened,No,No,Normal,No,No,Demolition,Sunny,Intermediate,4,88.9,88.6
2025-06-01 03:00:00,LOD001,OP1008,3283.6,3.9,5,15.5,Fastened,No,No,Normal,No,No,Grading,Sunny,Beginner,4,42.7,42.4
2025-06-01 03:30:00,EXC003,OP1007,2133.5,5.87,10,16.8,Fastened,No,No,Dry Ground,No,No,Trenching,Sunny,Expert,3,44.2,43.8
2025-06-01 04:00:00,LOD001,OP1007,3285.8,8.81,18,40.2,Fastened,No,No,Wet Ground,No,No,Material Loading,Rainy,Intermediate,4,36.2,52.7
2025-06-01 04:30:00,EXC001,OP1004,1860.1,5.55,7,47.4,Fastened,No,No,Dry Ground,No,No,Trenching,Sunny,Intermediate,2,41.8,42.4
2025-06-01 05:00:00,EXC004,OP1009,1598.7,4.8,7,12.7,Fastened,No,No,Dusty,No,No,Demolition,Windy,Intermediate,5,98.9,109.1
2025-06-01 05:30:00,EXC001,OP1010,1862.1,4.18,8,2.0,Fastened,No,No,Dry Ground,No,No,Trenching,Sunny,Beginner,2,55.5,51.2
2025-06-01 06:00:00,EXC003,OP1006,2134.5,4.97,4,59.0,Fastened,No,No,Dusty,No,No,Demolition,Windy,Beginner,3,113.5,126.3
2025-06-01 06:30:00,EXC003,OP1003,2135.4,3.69,5,26.3,Unfastened,No,Yes,Wet Ground,Yes,Yes,Demolition,Rainy,Intermediate,3,104.3,112.0
2025-06-01 07:00:00,EXC003,OP1005,2137.4,8.46,19,16.2,Fastened,No,No,Low Visibility,No,No,Material Loading,Cloudy,Intermediate,3,30.8,37.6
2025-06-01 07:30:00,EXC005,OP1005,4477.9,6.83,14,16.5,Unfastened,No,Yes,Normal,No,Yes,Material Loading,Cloudy,Intermediate,7,32.3,43.5
2025-06-01 08:00:00,EXC003,OP1005,2139.7,4.54,8,26.4,Fastened,No,No,Normal,No,No,Trenching,Sunny,Expert,3,45.3,50.5
2025-06-01 08:30:00,EXC003,OP1008,2140.0,5.84,10,21.7,Fastened,No,No,Normal,No,No,Earth Excavation,Cloudy,Intermediate,3,58.4,63.5
2025-06-01 09:00:00,EXC002,OP1009,2431.6,5.75,10,7.0,Fastened,No,No,Normal,Yes,No,Earth Excavation,Sunny,Beginner,4,73.5,80.3
2025-06-01 09:30:00,EXC003,OP1009,2142.4,6.58,11,42.3,Fastened,No,No,Normal,No,No,Grading,Sunny,Intermediate,3,40.4,48.3
2025-06-01 10:00:00,EXC002,OP1006,2433.3,7.21,12,33.8,Fastened,No,No,Slippery,No,No,Material Loading,Rainy,Intermediate,4,38.7,54.6
2025-06-01 10:30:00,EXC001,OP1006,1863.1,7.77,16,28.5,Fastened,No,No,Normal,No,No,Earth Excavation,Sunny,Intermediate,2,68.2,66.0
2025-06-01 11:00:00,EXC005,OP1009,4479.9,5.73,7,45.5,Fastened,No,No,Wet Ground,No,No,Earth Excavation,Rainy,Beginner,7,83.5,96.2
2025-06-01 11:30:00,EXC005,OP1004,4481.6,4.55,5,38.1,Fastened,No,No,Normal,No,No,Demolition,Sunny,Intermediate,7,99.0,103.2
2025-06-01 12:00:00,EXC005,OP1006,4483.0,4.75,4,39.0,Fastened,No,No,Low Visibility,No,No,Trenching,Cloudy,Beginner,7,56.8,62.4
2025-06-01 12:30:00,EXC004,OP1004,1599.1,6.74,10,48.1,Fastened,No,No,Dusty,No,No,Demolition,Windy,Intermediate,5,100.5,106.4
2025-06-01 13:00:00,EXC003,OP1001,2144.4,4.62,7,20.8,Fastened,No,No,Low Visibility,No,No,Trenching,Cloudy,Intermediate,3,41.1,42.0
2025-06-01 13:30:00,LOD002,OP1007,2971.6,7.48,14,49.3,Fastened,No,No,Normal,No,No,Material Loading,Cloudy,Beginner,6,36.3,38.7
2025-06-01 14:00:00,EXC004,OP1010,1599.7,6.1,12,25.3,Fastened,No,Yes,Reduced Visibility,No,No,Earth Excavation,Rainy,Intermediate,5,75.6,86.2
2025-06-01 14:30:00,EXC004,OP1006,1601.8,8.89,18,25.1,Fastened,No,No,Normal,No,No,Material Loading,Windy,Intermediate,5,28.9,41.4
2025-06-01 15:00:00,EXC001,OP1009,1865.3,6.91,15,23.3,Fastened,No,No,Normal,No,No,Material Loading,Sunny,Intermediate,2,36.9,39.4
2025-06-01 15:30:00,EXC003,OP1007,2145.9,7.41,14,15.6,Fastened,No,No,Normal,No,No,Earth Excavation,Cloudy,Intermediate,3,64.9,71.0
2025-06-01 16:00:00,EXC003,OP1007,2147.6,6.52,14,12.3,Fastened,No,No,Dry Ground,No,No,Material Loading,Sunny,Intermediate,3,27.6,28.0
2025-06-01 16:30:00,EXC003,OP1002,2148.7,6.4,12,26.2,Fastened,No,No,Normal,No,No,Material Loading,Sunny,Expert,3,28.5,26.7
2025-06-01 17:00:00,EXC004,OP1009,1602.7,6.99,10,26.0,Fastened,No,No,Dry Ground,No,No,Grading,Sunny,Beginner,5,44.3,45.5
2025-06-01 17:30:00,EXC004,OP1010,1604.5,5.27,8,29.1,Fastened,Yes,Yes,Normal,No,Yes,Grading,Sunny,Expert,5,31.6,34.3
2025-06-01 18:00:00,EXC005,OP1009,4485.2,5.65,9,32.7,Fastened,No,No,Low Visibility,No,No,Trenching,Cloudy,Beginner,7,55.2,64.7
2025-06-01 18:30:00,LOD001,OP1006,3287.5,6.76,13,25.7,Fastened,No,No,Dusty,No,No,Material Loading,Windy,Intermediate,4,39.6,45.3
2025-06-01 19:00:00,LOD001,OP1003,3288.9,4.81,6,53.6,Fastened,No,No,Slippery,No,No,Demolition,Rainy,Intermediate,4,106.6,124.4
2025-06-01 19:30:00,LOD001,OP1001,3289.4,2.61,1,12.4,Fastened,No,No,Normal,No,No,Demolition,Cloudy,Beginner,4,110.4,108.7
2025-06-01 20:00:00,LOD002,OP1004,2971.9,4.75,6,23.4,Fastened,No,No,Dry Ground,No,No,Demolition,Sunny,Beginner,6,113.7,106.5
2025-06-01 20:30:00,EXC001,OP1003,1866.6,5.1,7,22.8,Unfastened,No,Yes,Normal,No,Yes,Trenching,Sunny,Intermediate,2,45.7,58.6
2025-06-01 21:00:00,EXC002,OP1001,2433.6,6.55,12,18.1,Fastened,No,No,Normal,No,No,Grading,Sunny,Expert,4,35.1,38.1
2025-06-01 21:30:00,EXC001,OP1003,1868.1,8.46,17,41.2,Unfastened,No,Yes,Low Visibility,No,Yes,Material Loading,Cloudy,Intermediate,2,30.1,40.8
2025-06-01 22:00:00,EXC005,OP1004,4486.3,7.43,12,22.1,Fastened,No,No,Dry Ground,No,No,Earth Excavation,Sunny,Intermediate,7,62.1,66.4
2025-06-01 22:30:00,LOD002,OP1008,2973.8,4.57,5,21.6,Fastened,No,No,Low Visibility,No,No,Grading,Cloudy,Expert,6,35.5,25.1
2025-06-01 23:00:00,EXC002,OP1009,2434.5,7.72,13,39.3,Fastened,No,No,Dusty,No,No,Material Loading,Windy,Expert,4,27.4,35.9
2025-06-01 23:30:00,LOD002,OP1003,2975.4,8.45,14,57.4,Fastened,No,Yes,Reduced Visibility,No,No,Earth Excavation,Rainy,Intermediate,6,74.4,83.7
2025-06-02 00:00:00,EXC001,OP1006,1869.5,6.76,11,32.6,Fastened,No,No,Wet Ground,No,No,Earth Excavation,Rainy,Intermediate,2,67.6,83.9
2025-06-02 00:30:00,LOD002,OP1010,2975.6,5.37,7,20.4,Fastened,No,No,Normal,No,No,Grading,Cloudy,Beginner,6,45.1,49.3
2025-06-02 01:00:00,EXC003,OP1005,2149.1,7.48,14,27.8,Fastened,No,No,Dry Ground,No,No,Earth Excavation,Sunny,Intermediate,3,65.5,62.1
2025-06-02 01:30:00,EXC001,OP1006,1870.4,5.34,7,37.7,Fastened,No,No,Dry Ground,No,No,Earth Excavation,Sunny,Intermediate,2,55.2,54.6
2025-06-02 02:00:00,EXC004,OP1004,1606.8,5.66,7,29.9,Fastened,Yes,Yes,Slippery,No,Yes,Trenching,Rainy,Beginner,5,61.3,75.1
2025-06-02 02:30:00,EXC002,OP1010,2435.1,7.09,13,42.3,Unfastened,No,Yes,Low Visibility,No,Yes,Earth Excavation,Cloudy,Beginner,4,68.0,78.8
2025-06-02 03:00:00,EXC002,OP1006,2436.9,4.36,7,12.0,Fastened,No,No,Normal,No,No,Demolition,Cloudy,Expert,4,85.9,87.8
2025-06-02 03:30:00,EXC002,OP1007,2439.3,5.15,11,4.4,Fastened,No,No,Normal,No,No,Material Loading,Sunny,Expert,4,29.1,21.1
2025-06-02 04:00:00,LOD001,OP1009,3291.5,7.02,12,36.8,Fastened,No,No,Normal,No,No,Material Loading,Cloudy,Beginner,4,35.9,38.0
2025-06-02 04:30:00,EXC004,OP1010,1607.5,4.54,5,15.3,Fastened,No,No,Dry Ground,No,No,Demolition,Sunny,Intermediate,5,88.1,91.0
2025-06-02 05:00:00,EXC003,OP1007,2151.4,8.04,16,50.8,Fastened,Yes,Yes,Dry Ground,No,Yes,Material Loading,Sunny,Beginner,3,38.2,52.1
2025-06-02 05:30:00,EXC005,OP1006,4486.7,5.71,8,44.4,Fastened,No,No,Dry Ground,No,No,Trenching,Sunny,Intermediate,7,43.8,50.4
2025-06-02 06:00:00,LOD001,OP1001,3292.7,6.04,9,23.1,Fastened,No,No,Dry Ground,No,No,Grading,Sunny,Intermediate,4,38.9,38.4
2025-06-02 06:30:00,EXC002,OP1002,2441.6,5.63,9,16.9,Fastened,No,No,Dry Ground,No,No,Trenching,Sunny,Expert,4,39.9,42.1
2025-06-02 07:00:00,EXC003,OP1001,2153.0,4.8,6,25.8,Fastened,No,No,Normal,No,No,Trenching,Sunny,Beginner,3,50.7,52.5
2025-06-02 07:30:00,EXC001,OP1009,1871.5,6.49,11,35.3,Fastened,No,Yes,Reduced Visibility,No,No,Grading,Rainy,Intermediate,2,41.1,53.9
2025-06-02 08:00:00,EXC002,OP1010,2442.5,6.31,11,31.4,Fastened,No,No,Low Visibility,No,No,Grading,Cloudy,Beginner,4,46.3,51.3
2025-06-02 08:30:00,EXC005,OP1010,4487.8,5.03,9,16.0,Fastened,No,No,Normal,No,No,Grading,Cloudy,Expert,7,40.6,38.9
2025-06-02 09:00:00,EXC002,OP1009,2443.8,5.14,6,37.2,Fastened,No,No,Low Visibility,No,No,Demolition,Cloudy,Expert,4,85.5,85.1
2025-06-02 09:30:00,EXC004,OP1007,1608.5,6.83,9,42.3,Fastened,No,No,Dusty,No,No,Grading,Windy,Expert,5,31.8,46.9
2025-06-02 10:00:00,EXC005,OP1002,4490.2,7.16,12,37.2,Fastened,No,No,Normal,No,No,Grading,Sunny,Intermediate,7,38.5,45.8
2025-06-02 10:30:00,EXC001,OP1006,1873.9,3.83,7,2.0,Fastened,No,No,Dry Ground,No,No,Demolition,Sunny,Intermediate,2,87.8,87.0
2025-06-02 11:00:00,EXC004,OP1004,1610.7,6.56,11,38.5,Fastened,No,No,Low Visibility,No,No,Earth Excavation,Cloudy,Intermediate,5,67.1,68.4
2025-06-02 11:30:00,EXC002,OP1001,2445.0,4.74,5,29.2,Fastened,No,No,Dry Ground,No,No,Trenching,Sunny,Intermediate,4,48.1,55.0
2025-06-02 12:00:00,LOD002,OP1001,2977.4,6.51,11,15.9,Fastened,No,No,Normal,No,No,Grading,Cloudy,Expert,6,38.5,41.1
2025-06-02 12:30:00,EXC004,OP1005,1612.9,7.87,16,2.0,Fastened,No,No,Low Visibility,No,No,Material Loading,Cloudy,Intermediate,5,35.6,31.8
2025-06-02 13:00:00,LOD001,OP1002,3294.9,6.33,10,27.2,Fastened,No,No,Dusty,No,No,Earth Excavation,Windy,Intermediate,4,67.8,77.3
2025-06-02 13:30:00,EXC004,OP1004,1614.1,4.21,6,33.6,Fastened,No,No,Normal,No,No,Trenching,Windy,Intermediate,5,51.1,61.6
2025-06-02 14:00:00,EXC001,OP1001,1874.3,4.73,7,18.7,Fastened,No,No,Normal,No,No,Trenching,Windy,Intermediate,2,46.9,52.8
2025-06-02 14:30:00,EXC005,OP1004,4490.6,6.12,12,19.8,Fastened,No,No,Normal,No,No,Material Loading,Sunny,Intermediate,7,29.4,25.7
2025-06-02 15:00:00,LOD002,OP1006,2978.9,6.38,10,29.7,Fastened,No,No,Wet Ground,No,No,Grading,Rainy,Intermediate,6,42.5,54.9
2025-06-02 15:30:00,EXC005,OP1010,4492.3,3.87,2,27.4,Fastened,No,No,Dry Ground,No,No,Demolition,Sunny,Beginner,7,107.5,115.5
2025-06-02 16:00:00,LOD001,OP1004,3297.0,3.94,6,9.2,Fastened,No,No,Low Visibility,No,No,Grading,Cloudy,Intermediate,4,36.7,39.2
2025-06-02 16:30:00,LOD002,OP1001,2979.8,5.47,8,32.0,Fastened,No,Yes,Reduced Visibility,No,No,Grading,Rainy,Expert,6,37.0,48.5
2025-06-02 17:00:00,EXC002,OP1007,2445.6,6.35,13,13.5,Fastened,No,No,Normal,No,No,Material Loading,Sunny,Intermediate,4,33.0,38.4
2025-06-02 17:30:00,EXC002,OP1002,2446.7,5.43,9,7.2,Fastened,No,No,Normal,No,No,Trenching,Cloudy,Intermediate,4,48.1,48.0
2025-06-02 18:00:00,EXC005,OP1009,4493.3,5.57,8,30.1,Fastened,No,No,Normal,No,No,Trenching,Sunny,Beginner,7,58.4,57.0
2025-06-02 18:30:00,EXC003,OP1003,2153.5,8.7,18,46.3,Unfastened,No,Yes,Normal,No,Yes,Material Loading,Sunny,Intermediate,3,30.0,33.0
2025-06-02 19:00:00,LOD001,OP1008,3298.8,6.99,12,31.8,Fastened,No,Yes,Strong Wind,No,No,Earth Excavation,Windy,Expert,4,57.1,60.1
2025-06-02 19:30:00,LOD002,OP1008,2981.2,8.01,15,30.9,Fastened,No,No,Dry Ground,No,No,Material Loading,Sunny,Intermediate,6,33.4,35.0
2025-06-02 20:00:00,EXC003,OP1003,2155.4,6.67,12,21.5,Fastened,No,No,Dry Ground,No,No,Material Loading,Sunny,Intermediate,3,30.5,36.7
2025-06-02 20:30:00,EXC002,OP1004,2447.7,3.93,5,31.6,Fastened,No,No,Normal,No,No,Trenching,Sunny,Expert,4,41.3,53.4
2025-06-02 21:00:00,LOD001,OP1002,3299.7,5.3,7,47.5,Fastened,No,No,Slippery,No,No,Demolition,Rainy,Expert,4,95.6,105.1
2025-06-02 21:30:00,EXC002,OP1004,2449.0,7.87,15,30.2,Unfastened,No,Yes,Dry Ground,No,Yes,Material Loading,Sunny,Intermediate,4,31.2,40.4
2025-06-02 22:00:00,LOD001,OP1009,3302.0,6.29,12,38.1,Fastened,No,No,Dry Ground,No,No,Earth Excavation,Sunny,Intermediate,4,61.6,60.9
2025-06-02 22:30:00,EXC003,OP1002,2155.7,8.28,18,43.4,Fastened,No,No,Dusty,No,No,Material Loading,Windy,Intermediate,3,34.9,43.5
2025-06-02 23:00:00,EXC005,OP1003,4495.3,6.07,12,8.0,Fastened,No,No,Normal,No,No,Material Loading,Sunny,Expert,7,31.1,26.7
2025-06-02 23:30:00,EXC001,OP1004,1875.4,6.64,12,23.6,Fastened,No,No,Dry Ground,No,No,Trenching,Sunny,Intermediate,2,44.8,49.6
2025-06-03 00:00:00,EXC005,OP1005,4497.5,5.8,8,37.9,Fastened,No,Yes,Reduced Visibility,Yes,No,Earth Excavation,Rainy,Intermediate,7,79.8,97.9
2025-06-03 00:30:00,EXC004,OP1001,1616.1,7.7,15,22.8,Fastened,Yes,Yes,Normal,No,Yes,Material Loading,Cloudy,Beginner,5,35.6,41.0
2025-06-03 01:00:00,EXC004,OP1007,1617.1,3.51,3,29.6,Fastened,No,No,Wet Ground,No,No,Demolition,Rainy,Intermediate,5,108.7,118.2
2025-06-03 01:30:00,EXC002,OP1010,2450.8,7.48,16,25.1,Fastened,Yes,Yes,Dry Ground,No,Yes,Material Loading,Sunny,Expert,4,23.2,37.5
2025-06-03 02:00:00,LOD001,OP1007,3302.5,4.09,3,22.4,Fastened,No,Yes,Strong Wind,No,No,Demolition,Windy,Expert,4,90.7,99.6
2025-06-03 02:30:00,LOD002,OP1009,2983.4,4.03,3,28.2,Fastened,No,No,Dusty,No,No,Grading,Windy,Beginner,6,45.5,54.3
2025-06-03 03:00:00,EXC002,OP1004,2451.9,7.41,12,74.8,Unfastened,No,Yes,Normal,No,Yes,Earth Excavation,Sunny,Intermediate,4,62.3,75.5
2025-06-03 03:30:00,EXC001,OP1006,1876.6,4.51,9,15.1,Fastened,No,No,Dry Ground,No,No,Grading,Sunny,Intermediate,2,38.6,42.0
2025-06-03 04:00:00,EXC001,OP1002,1878.5,5.42,10,30.8,Fastened,No,Yes,Strong Wind,No,No,Trenching,Windy,Expert,2,49.7,64.0
2025-06-03 04:30:00,EXC005,OP1004,4499.6,6.76,12,40.1,Fastened,No,No,Normal,No,No,Earth Excavation,Cloudy,Expert,7,62.8,65.4
2025-06-03 05:00:00,EXC005,OP1002,4500.3,5.35,8,37.9,Fastened,No,No,Low Visibility,No,No,Grading,Cloudy,Expert,7,34.4,38.0
2025-06-03 05:30:00,EXC004,OP1010,1618.9,5.62,8,36.9,Fastened,No,No,Normal,No,No,Grading,Cloudy,Expert,5,34.7,37.0
2025-06-03 06:00:00,EXC002,OP1005,2453.0,9.8,20,43.5,Fastened,No,No,Wet Ground,No,No,Earth Excavation,Rainy,Intermediate,4,76.3,90.4
2025-06-03 06:30:00,EXC003,OP1007,2156.7,4.26,4,39.9,Fastened,No,No,Slippery,No,No,Demolition,Rainy,Expert,3,92.9,103.3
2025-06-03 07:00:00,EXC005,OP1001,4502.1,6.58,11,37.2,Fastened,No,No,Normal,No,No,Grading,Sunny,Intermediate,7,39.8,42.2
2025-06-03 07:30:00,EXC004,OP1010,1620.0,5.35,8,20.9,Fastened,No,No,Normal,No,No,Demolition,Sunny,Intermediate,5,91.8,92.6
2025-06-03 08:00:00,LOD002,OP1010,2984.4,6.06,9,43.1,Fastened,Yes,Yes,Slippery,Yes,Yes,Trenching,Rainy,Intermediate,6,58.3,73.5
2025-06-03 08:30:00,EXC001,OP1007,1880.6,4.76,8,34.3,Fastened,No,Yes,Reduced Visibility,Yes,No,Demolition,Rainy,Beginner,2,121.0,143.7
2025-06-03 09:00:00,EXC005,OP1010,4502.5,5.07,7,18.8,Fastened,No,No,Normal,No,No,Trenching,Cloudy,Expert,7,42.0,46.2
2025-06-03 09:30:00,EXC003,OP1006,2158.5,5.11,7,28.8,Fastened,No,No,Dusty,No,No,Earth Excavation,Windy,Intermediate,3,64.8,68.8
2025-06-03 10:00:00,EXC003,OP1006,2159.3,6.73,10,44.1,Fastened,No,No,Slippery,Yes,No,Grading,Rainy,Expert,3,35.8,43.4
2025-06-03 10:30:00,LOD001,OP1008,3302.8,6.14,9,34.5,Fastened,No,No,Normal,No,No,Grading,Sunny,Intermediate,4,39.3,46.2
2025-06-03 11:00:00,EXC005,OP1008,4503.1,7.36,15,18.5,Fastened,No,Yes,Reduced Visibility,No,No,Material Loading,Rainy,Intermediate,7,40.9,51.0
2025-06-03 11:30:00,LOD002,OP1006,2986.0,7.86,16,23.8,Fastened,No,No,Normal,No,No,Material Loading,Sunny,Intermediate,6,30.6,28.0
2025-06-03 12:00:00,EXC001,OP1003,1882.4,6.15,10,39.8,Fastened,No,No,Dry Ground,No,No,Earth Excavation,Sunny,Intermediate,2,58.6,55.8
2025-06-03 12:30:00,EXC001,OP1005,1882.7,6.57,13,15.8,Fastened,No,No,Dry Ground,No,No,Material Loading,Sunny,Intermediate,2,36.7,32.6
2025-06-03 13:00:00,LOD001,OP1002,3303.0,6.71,10,36.4,Fastened,No,No,Slippery,No,No,Trenching,Rainy,Intermediate,4,56.3,71.3
2025-06-03 13:30:00,EXC004,OP1005,1622.2,7.58,14,38.9,Fastened,No,No,Dusty,No,No,Material Loading,Windy,Expert,5,28.3,35.8
2025-06-03 14:00:00,EXC002,OP1009,2453.4,5.02,6,48.2,Fastened,Yes,Yes,Normal,No,Yes,Trenching,Sunny,Intermediate,4,47.9,61.3
2025-06-03 14:30:00,EXC001,OP1010,1884.9,4.47,5,19.9,Fastened,No,No,Dry Ground,No,No,Demolition,Sunny,Beginner,2,104.3,107.1
2025-06-03 15:00:00,EXC001,OP1001,1885.6,8.3,16,32.4,Fastened,No,No,Normal,No,No,Material Loading,Cloudy,Expert,2,24.5,24.6
2025-06-03 15:30:00,LOD002,OP1010,2987.9,6.97,9,62.0,Fastened,No,No,Wet Ground,No,No,Grading,Rainy,Beginner,6,48.1,62.1
2025-06-03 16:00:00,EXC002,OP1005,2454.3,6.14,12,31.3,Fastened,No,Yes,Reduced Visibility,No,No,Demolition,Rainy,Intermediate,4,103.5,121.3
2025-06-03 16:30:00,EXC003,OP1006,2161.4,7.97,15,45.3,Fastened,No,No,Normal,No,No,Material Loading,Cloudy,Intermediate,3,30.4,31.3
2025-06-03 17:00:00,EXC002,OP1007,2456.1,5.28,8,28.7,Fastened,No,No,Normal,No,No,Earth Excavation,Cloudy,Beginner,4,72.8,77.9
2025-06-03 17:30:00,EXC003,OP1009,2162.6,6.38,10,40.6,Fastened,No,No,Dry Ground,No,No,Earth Excavation,Sunny,Intermediate,3,60.2,67.7
2025-06-03 18:00:00,EXC001,OP1006,1886.0,6.03,11,34.8,Fastened,No,No,Dry Ground,No,No,Grading,Sunny,Intermediate,2,38.4,47.0
2025-06-03 18:30:00,EXC004,OP1005,1624.1,6.11,10,19.0,Fastened,No,No,Normal,No,No,Earth Excavation,Sunny,Intermediate,5,64.2,69.0
2025-06-03 19:00:00,EXC001,OP1007,1887.6,8.26,14,68.6,Fastened,No,No,Dusty,No,No,Material Loading,Windy,Intermediate,2,31.1,44.6
2025-06-03 19:30:00,LOD001,OP1001,3303.2,7.84,14,38.8,Fastened,No,No,Dry Ground,No,No,Earth Excavation,Sunny,Intermediate,4,63.4,63.5
2025-06-03 20:00:00,EXC002,OP1005,2456.3,6.9,14,23.9,Fastened,No,No,Normal,No,No,Earth Excavation,Cloudy,Intermediate,4,68.2,75.2
2025-06-03 20:30:00,EXC004,OP1002,1626.2,6.81,13,16.4,Fastened,No,No,Normal,No,No,Material Loading,Sunny,Expert,5,25.9,33.3
2025-06-03 21:00:00,LOD002,OP1004,2988.7,4.93,6,20.6,Fastened,No,No,Low Visibility,No,No,Demolition,Cloudy,Beginner,6,109.1,108.6
2025-06-03 21:30:00,EXC005,OP1007,4504.8,6.64,15,17.5,Fastened,No,No,Normal,No,No,Material Loading,Sunny,Intermediate,7,28.8,42.4
2025-06-03 22:00:00,EXC004,OP1005,1627.4,6.18,10,23.9,Fastened,No,No,Dry Ground,No,No,Demolition,Sunny,Expert,5,86.2,92.2
2025-06-03 22:30:00,EXC003,OP1006,2164.7,4.08,4,36.8,Unfastened,No,Yes,Dry Ground,No,Yes,Demolition,Sunny,Expert,3,87.9,92.8
2025-06-03 23:00:00,EXC003,OP1002,2167.1,6.69,12,33.8,Unfastened,No,Yes,Reduced Visibility,No,Yes,Earth Excavation,Rainy,Expert,3,66.5,74.3
2025-06-03 23:30:00,EXC005,OP1003,4507.3,5.89,8,24.1,Unfastened,Yes,Yes,Dry Ground,No,Yes,Trenching,Sunny,Expert,7,47.2,50.2
2025-06-04 00:00:00,LOD002,OP1007,2989.3,5.98,7,45.4,Fastened,No,No,Slippery,No,No,Grading,Rainy,Intermediate,6,36.1,50.3
2025-06-04 00:30:00,EXC005,OP1002,4509.5,5.98,10,27.7,Fastened,No,No,Normal,No,No,Demolition,Cloudy,Intermediate,7,96.7,103.6
2025-06-04 01:00:00,EXC004,OP1006,1628.2,8.08,17,43.1,Fastened,No,No,Normal,No,No,Material Loading,Cloudy,Beginner,5,34.0,42.3
2025-06-04 01:30:00,LOD001,OP1005,3304.8,5.77,10,20.8,Fastened,Yes,Yes,Low Visibility,Yes,Yes,Demolition,Cloudy,Intermediate,4,98.1,103.4
2025-06-04 02:00:00,EXC004,OP1010,1629.6,8.08,14,43.1,Fastened,No,Yes,Strong Wind,No,No,Earth Excavation,Windy,Intermediate,5,67.4,84.1
2025-06-04 02:30:00,EXC001,OP1001,1887.9,5.81,8,34.1,Fastened,No,No,Dry Ground,No,No,Trenching,Sunny,Intermediate,2,36.9,43.0
2025-06-04 03:00:00,EXC004,OP1010,1631.9,7.26,16,28.8,Fastened,No,No,Normal,No,No,Material Loading,Sunny,Expert,5,30.6,34.4
2025-06-04 03:30:00,LOD002,OP1004,2989.6,8.06,15,33.3,Fastened,No,No,Normal,No,No,Material Loading,Windy,Beginner,6,43.0,48.8
2025-06-04 04:00:00,EXC002,OP1002,2458.1,5.76,9,25.7,Fastened,No,No,Dry Ground,No,No,Earth Excavation,Sunny,Intermediate,4,68.4,74.9
2025-06-04 04:30:00,EXC005,OP1004,4511.5,5.06,4,48.8,Fastened,No,Yes,Reduced Visibility,No,No,Trenching,Rainy,Intermediate,7,55.9,67.3
2025-06-04 05:00:00,EXC002,OP1001,2460.1,6.43,12,20.1,Fastened,No,No,Dry Ground,Yes,No,Earth Excavation,Sunny,Intermediate,4,64.3,59.9
2025-06-04 05:30:00,EXC004,OP1002,1632.5,7.22,15,35.5,Unfastened,No,Yes,Normal,No,Yes,Material Loading,Cloudy,Expert,5,25.8,39.4
2025-06-04 06:00:00,EXC001,OP1008,1889.1,3.75,6,2.0,Fastened,Yes,Yes,Normal,No,Yes,Demolition,Sunny,Expert,2,77.7,81.4
2025-06-04 06:30:00,EXC004,OP1006,1634.6,5.0,6,49.9,Fastened,Yes,Yes,Dusty,Yes,Yes,Demolition,Windy,Expert,5,95.6,111.9
2025-06-04 07:00:00,LOD001,OP1002,3305.7,7.24,14,41.5,Fastened,No,No,Low Visibility,No,No,Grading,Cloudy,Intermediate,4,39.1,39.4
2025-06-04 07:30:00,EXC003,OP1006,2168.3,5.92,9,30.1,Fastened,No,No,Normal,No,No,Material Loading,Sunny,Expert,3,31.6,33.6
2025-06-04 08:00:00,EXC005,OP1010,4512.3,7.87,16,20.7,Fastened,No,No,Dry Ground,No,No,Material Loading,Sunny,Beginner,7,36.1,38.7
2025-06-04 08:30:00,LOD001,OP1009,3307.0,7.11,14,16.5,Fastened,No,No,Normal,No,No,Earth Excavation,Sunny,Expert,4,63.3,61.7
2025-06-04 09:00:00,LOD002,OP1007,2991.9,6.78,10,39.7,Fastened,No,Yes,Reduced Visibility,No,No,Trenching,Rainy,Beginner,6,64.0,78.6
2025-06-04 09:30:00,EXC002,OP1009,2461.4,4.6,8,22.5,Fastened,No,No,Normal,No,No,Earth Excavation,Sunny,Intermediate,4,60.1,69.8
2025-06-04 10:00:00,EXC003,OP1005,2169.8,6.43,9,39.1,Fastened,No,No,Dry Ground,No,No,Grading,Sunny,Expert,3,31.5,31.2
2025-06-04 10:30:00,EXC001,OP1007,1890.2,4.83,6,13.6,Fastened,Yes,Yes,Normal,No,Yes,Demolition,Cloudy,Intermediate,2,89.7,97.5
2025-06-04 11:00:00,LOD002,OP1007,2993.1,6.71,15,12.4,Fastened,No,No,Normal,No,No,Material Loading,Sunny,Expert,6,25.8,26.7
2025-06-04 11:30:00,LOD002,OP1003,2993.4,5.69,7,39.4,Fastened,No,No,Dry Ground,No,No,Grading,Sunny,Intermediate,6,35.9,43.3
2025-06-04 12:00:00,EXC004,OP1007,1635.4,6.89,12,8.2,Fastened,No,No,Dry Ground,No,No,Earth Excavation,Sunny,Expert,5,61.3,57.9
2025-06-04 12:30:00,LOD001,OP1001,3308.2,6.37,12,37.4,Fastened,No,Yes,Reduced Visibility,No,No,Material Loading,Rainy,Expert,4,32.1,48.6
2025-06-04 13:00:00,EXC004,OP1009,1637.1,5.07,9,18.0,Fastened,Yes,Yes,Strong Wind,No,Yes,Grading,Windy,Intermediate,5,42.9,62.1
2025-06-04 13:30:00,EXC005,OP1010,4513.5,6.63,11,21.6,Fastened,Yes,Yes,Normal,No,Yes,Trenching,Sunny,Intermediate,7,47.9,55.8
2025-06-04 14:00:00,EXC001,OP1006,1891.2,7.76,14,47.0,Fastened,No,No,Wet Ground,No,No,Earth Excavation,Rainy,Intermediate,2,67.3,81.7
2025-06-04 14:30:00,LOD001,OP1005,3309.3,4.77,7,15.1,Fastened,No,No,Dry Ground,No,No,Demolition,Sunny,Expert,4,85.9,86.7
2025-06-04 15:00:00,EXC001,OP1007,1892.0,4.19,6,16.6,Fastened,No,No,Normal,No,No,Grading,Sunny,Intermediate,2,33.2,35.1
2025-06-04 15:30:00,LOD001,OP1005,3311.6,4.85,7,19.0,Fastened,No,No,Normal,No,No,Demolition,Cloudy,Intermediate,4,95.2,95.0
2025-06-04 16:00:00,LOD001,OP1010,3313.0,4.81,10,16.4,Unfastened,No,Yes,Dry Ground,Yes,Yes,Grading,Sunny,Intermediate,4,42.5,47.0
2025-06-04 16:30:00,EXC005,OP1005,4513.8,2.62,1,17.2,Fastened,No,No,Normal,No,No,Demolition,Cloudy,Intermediate,7,101.0,98.8
2025-06-04 17:00:00,EXC001,OP1010,1892.2,6.7,12,38.3,Unfastened,No,Yes,Dusty,No,Yes,Earth Excavation,Windy,Beginner,2,73.5,91.7
2025-06-04 17:30:00,EXC002,OP1007,2463.8,5.07,9,33.9,Fastened,No,No,Dusty,No,No,Earth Excavation,Windy,Intermediate,4,69.6,78.8
2025-06-04 18:00:00,EXC002,OP1010,2464.5,4.21,4,35.8,Fastened,No,No,Dry Ground,No,No,Trenching,Sunny,Expert,4,39.3,45.7
2025-06-04 18:30:00,EXC003,OP1007,2171.9,5.98,9,43.8,Fastened,No,No,Normal,No,No,Earth Excavation,Sunny,Intermediate,3,56.5,63.5
2025-06-04 19:00:00,EXC001,OP1003,1892.6,6.0,9,57.4,Fastened,No,Yes,Strong Wind,No,No,Material Loading,Windy,Intermediate,2,36.3,61.7
2025-06-04 19:30:00,LOD002,OP1003,2995.7,6.55,13,16.2,Fastened,No,No,Normal,No,No,Material Loading,Sunny,Intermediate,6,32.7,38.9
2025-06-04 20:00:00,EXC004,OP1010,1639.3,5.72,12,3.7,Fastened,No,No,Normal,No,No,Material Loading,Cloudy,Intermediate,5,31.9,33.5
2025-06-04 20:30:00,EXC002,OP1003,2466.0,7.05,14,26.3,Fastened,No,No,Dry Ground,No,No,Earth Excavation,Sunny,Expert,4,51.2,57.0
2025-06-04 21:00:00,EXC003,OP1006,2172.1,4.48,6,16.9,Fastened,No,No,Normal,No,No,Demolition,Sunny,Intermediate,3,91.8,90.8
2025-06-04 21:30:00,EXC003,OP1006,2172.9,5.92,10,22.5,Fastened,No,No,Dry Ground,No,No,Earth Excavation,Sunny,Beginner,3,71.6,77.1
2025-06-04 22:00:00,EXC005,OP1003,4514.9,4.63,4,28.2,Fastened,No,Yes,Reduced Visibility,No,No,Trenching,Rainy,Beginner,7,60.2,80.2
2025-06-04 22:30:00,EXC004,OP1003,1640.5,5.25,8,23.8,Fastened,No,No,Normal,No,No,Grading,Windy,Expert,5,35.8,40.9
2025-06-04 23:00:00,LOD002,OP1008,2996.6,7.09,13,22.1,Unfastened,Yes,Yes,Dry Ground,No,Yes,Grading,Sunny,Expert,6,38.0,43.5
2025-06-04 23:30:00,EXC004,OP1008,1640.8,6.37,11,48.2,Fastened,No,No,Wet Ground,No,No,Trenching,Rainy,Intermediate,5,55.0,68.3
2025-06-05 00:00:00,LOD002,OP1007,2998.1,7.15,11,53.5,Fastened,No,No,Normal,No,No,Earth Excavation,Sunny,Beginner,6,74.9,89.8
2025-06-05 00:30:00,LOD001,OP1010,3314.4,7.09,14,24.2,Fastened,No,No,Dry Ground,No,No,Material Loading,Sunny,Intermediate,4,29.9,29.4
2025-06-05 01:00:00,EXC002,OP1004,2466.9,7.26,13,34.0,Unfastened,No,Yes,Wet Ground,No,Yes,Earth Excavation,Rainy,Expert,4,61.4,73.8
2025-06-05 01:30:00,LOD002,OP1004,2998.4,6.09,9,43.6,Fastened,No,No,Normal,No,No,Earth Excavation,Cloudy,Intermediate,6,63.8,74.3
2025-06-05 02:00:00,EXC001,OP1003,1895.0,7.53,15,36.9,Fastened,No,No,Normal,No,No,Material Loading,Sunny,Expert,2,30.7,30.3
2025-06-05 02:30:00,LOD001,OP1005,3315.7,7.12,13,46.9,Fastened,No,No,Dry Ground,No,No,Trenching,Sunny,Expert,4,41.8,49.9
2025-06-05 03:00:00,EXC003,OP1003,2174.8,6.1,9,34.1,Fastened,No,No,Normal,No,No,Trenching,Windy,Expert,3,44.4,56.4
2025-06-05 03:30:00,LOD002,OP1008,2999.7,7.83,16,28.2,Fastened,No,Yes,Reduced Visibility,No,No,Material Loading,Rainy,Intermediate,6,35.1,45.4
2025-06-05 04:00:00,LOD002,OP1007,3000.0,7.2,10,45.2,Fastened,Yes,Yes,Reduced Visibility,No,Yes,Demolition,Rainy,Intermediate,6,105.9,118.1
2025-06-05 04:30:00,LOD001,OP1003,3316.6,5.19,9,27.5,Fastened,No,No,Dry Ground,No,No,Demolition,Sunny,Expert,4,88.3,89.3
2025-06-05 05:00:00,LOD001,OP1009,3317.6,4.98,7,10.0,Fastened,No,No,Wet Ground,No,No,Trenching,Rainy,Intermediate,4,53.2,67.2
2025-06-05 05:30:00,EXC002,OP1005,2469.0,4.39,9,7.8,Fastened,No,No,Dry Ground,No,No,Earth Excavation,Sunny,Intermediate,4,60.8,58.9
2025-06-05 06:00:00,EXC001,OP1009,1896.7,5.07,7,37.8,Fastened,No,No,Dusty,No,No,Trenching,Windy,Intermediate,2,49.8,60.2
2025-06-05 06:30:00,EXC003,OP1007,2175.6,5.66,9,39.2,Unfastened,No,Yes,Normal,No,Yes,Earth Excavation,Sunny,Intermediate,3,60.2,70.5
2025-06-05 07:00:00,EXC002,OP1007,2471.4,7.54,14,33.1,Fastened,No,No,Dry Ground,No,No,Material Loading,Sunny,Intermediate,4,32.1,39.6
2025-06-05 07:30:00,EXC005,OP1006,4515.8,6.98,12,22.7,Fastened,No,No,Dry Ground,No,No,Material Loading,Sunny,Intermediate,7,30.0,34.9
2025-06-05 08:00:00,EXC003,OP1002,2178.1,8.87,14,68.0,Fastened,No,No,Slippery,No,No,Material Loading,Rainy,Beginner,3,41.2,48.2
2025-06-05 08:30:00,LOD002,OP1009,3002.5,4.8,4,59.6,Fastened,No,No,Wet Ground,No,No,Trenching,Rainy,Intermediate,6,54.7,67.5
2025-06-05 09:00:00,EXC005,OP1006,4516.5,5.49,10,10.3,Fastened,No,No,Dry Ground,No,No,Earth Excavation,Sunny,Intermediate,7,69.8,76.9
2025-06-05 09:30:00,LOD001,OP1008,3318.5,7.69,16,7.4,Fastened,No,No,Low Visibility,No,No,Material Loading,Cloudy,Intermediate,4,37.9,36.5
2025-06-05 10:00:00,EXC001,OP1001,1898.1,5.42,9,26.1,Fastened,Yes,Yes,Slippery,No,Yes,Trenching,Rainy,Intermediate,2,55.1,66.1
2025-06-05 10:30:00,LOD002,OP1005,3004.2,8.09,16,39.0,Unfastened,No,Yes,Dry Ground,No,Yes,Material Loading,Sunny,Expert,6,28.4,27.4
2025-06-05 11:00:00,LOD002,OP1001,3005.6,7.27,14,29.0,Fastened,No,Yes,Reduced Visibility,No,No,Material Loading,Rainy,Expert,6,35.3,46.8
2025-06-05 11:30:00,EXC004,OP1010,1643.2,7.31,15,24.5,Fastened,No,No,Normal,No,No,Material Loading,Windy,Expert,5,32.9,43.4
2025-06-05 12:00:00,EXC005,OP1008,4518.3,8.32,19,21.4,Fastened,No,No,Dry Ground,No,No,Material Loading,Sunny,Expert,7,27.5,36.1
2025-06-05 12:30:00,LOD001,OP1008,3319.2,7.6,13,32.4,Fastened,No,No,Normal,No,No,Material Loading,Sunny,Intermediate,4,26.3,29.1
2025-06-05 13:00:00,EXC002,OP1001,2471.9,6.38,12,11.6,Unfastened,No,Yes,Dry Ground,No,Yes,Trenching,Sunny,Beginner,4,48.1,58.0
2025-06-05 13:30:00,EXC004,OP1009,1645.0,4.96,8,32.5,Fastened,No,No,Normal,No,No,Earth Excavation,Sunny,Intermediate,5,62.6,62.3
2025-06-05 14:00:00,EXC003,OP1002,2178.7,6.56,10,32.9,Fastened,No,No,Normal,No,No,Material Loading,Cloudy,Intermediate,3,30.3,33.3
2025-06-05 14:30:00,EXC001,OP1009,1900.1,6.39,11,34.8,Fastened,No,No,Slippery,No,No,Earth Excavation,Rainy,Intermediate,2,68.7,83.4
2025-06-05 15:00:00,EXC003,OP1001,2179.6,6.9,14,19.2,Fastened,No,No,Low Visibility,No,No,Material Loading,Cloudy,Intermediate,3,29.4,29.8
2025-06-05 15:30:00,EXC001,OP1010,1901.0,5.15,7,31.2,Fastened,Yes,Yes,Dry Ground,Yes,Yes,Grading,Sunny,Expert,2,29.6,32.7
2025-06-05 16:00:00,EXC001,OP1009,1901.3,4.42,6,28.3,Fastened,Yes,Yes,Low Visibility,No,Yes,Demolition,Cloudy,Intermediate,2,96.5,103.0
2025-06-05 16:30:00,EXC001,OP1004,1903.1,5.6,8,62.6,Fastened,No,No,Normal,No,No,Demolition,Cloudy,Intermediate,2,85.5,94.4
2025-06-05 17:00:00,LOD002,OP1009,3006.1,5.64,9,29.1,Fastened,No,No,Normal,No,No,Earth Excavation,Windy,Expert,6,63.6,65.3
2025-06-05 17:30:00,EXC004,OP1007,1647.0,5.58,9,23.0,Fastened,No,No,Dry Ground,No,No,Demolition,Sunny,Expert,5,84.2,83.2
2025-06-05 18:00:00,LOD002,OP1006,3007.4,6.49,12,29.8,Fastened,No,No,Low Visibility,No,No,Grading,Cloudy,Beginner,6,48.3,58.4
2025-06-05 18:30:00,EXC003,OP1005,2181.6,8.78,18,33.3,Fastened,No,No,Normal,No,No,Material Loading,Windy,Expert,3,30.8,47.0
2025-06-05 19:00:00,EXC003,OP1009,2183.2,5.66,9,12.8,Fastened,No,No,Low Visibility,No,No,Earth Excavation,Cloudy,Intermediate,3,58.5,63.1
2025-06-05 19:30:00,EXC004,OP1002,1647.4,4.18,5,22.5,Fastened,Yes,Yes,Dry Ground,Yes,Yes,Demolition,Sunny,Expert,5,79.4,89.2
2025-06-05 20:00:00,EXC003,OP1002,2185.1,5.63,11,36.1,Fastened,No,No,Normal,No,No,Earth Excavation,Sunny,Intermediate,3,58.4,70.1
2025-06-05 20:30:00,EXC001,OP1009,1903.4,5.91,9,45.8,Fastened,Yes,Yes,Reduced Visibility,No,Yes,Grading,Rainy,Intermediate,2,41.8,52.1
2025-06-05 21:00:00,EXC005,OP1003,4519.6,6.12,11,24.3,Fastened,No,No,Dry Ground,No,No,Earth Excavation,Sunny,Expert,7,52.6,57.9
2025-06-05 21:30:00,EXC002,OP1008,2472.5,8.25,16,45.1,Fastened,No,No,Normal,No,No,Material Loading,Windy,Intermediate,4,34.0,45.4
2025-06-05 22:00:00,EXC005,OP1009,4521.6,5.98,9,35.4,Fastened,No,No,Slippery,No,No,Trenching,Rainy,Intermediate,7,57.5,63.3
2025-06-05 22:30:00,EXC005,OP1008,4523.9,5.72,9,33.9,Fastened,No,No,Normal,No,No,Earth Excavation,Sunny,Intermediate,7,62.6,66.5
2025-06-05 23:00:00,EXC001,OP1004,1904.9,5.06,9,28.8,Fastened,No,No,Low Visibility,No,No,Earth Excavation,Cloudy,Intermediate,2,60.4,63.9
2025-06-05 23:30:00,EXC001,OP1001,1906.3,4.16,4,37.6,Fastened,No,No,Normal,No,No,Trenching,Sunny,Expert,2,34.9,46.2
2025-06-06 00:00:00,LOD001,OP1004,3321.1,5.04,9,14.1,Fastened,No,No,Normal,No,No,Earth Excavation,Sunny,Intermediate,4,66.9,69.9
2025-06-06 00:30:00,EXC004,OP1009,1647.6,9.41,17,48.5,Unfastened,Yes,Yes,Reduced Visibility,Yes,Yes,Material Loading,Rainy,Beginner,5,47.1,70.7
2025-06-06 01:00:00,EXC001,OP1002,1908.6,7.88,15,42.1,Fastened,No,No,Low Visibility,No,No,Material Loading,Cloudy,Intermediate,2,35.2,43.1
2025-06-06 01:30:00,LOD002,OP1003,3008.0,6.42,12,24.6,Fastened,No,No,Dry Ground,No,No,Grading,Sunny,Intermediate,6,36.3,35.7
2025-06-06 02:00:00,EXC001,OP1010,1911.1,6.42,10,57.7,Fastened,No,No,Wet Ground,No,No,Material Loading,Rainy,Beginner,2,40.3,53.1
2025-06-06 02:30:00,EXC005,OP1008,4525.8,6.13,12,2.0,Fastened,No,No,Normal,No,No,Earth Excavation,Sunny,Intermediate,7,66.3,67.9
2025-06-06 03:00:00,LOD002,OP1006,3010.0,5.48,8,26.5,Fastened,No,No,Normal,No,No,Trenching,Cloudy,Expert,6,44.7,48.5
2025-06-06 03:30:00,EXC002,OP1008,2474.2,6.39,11,22.8,Fastened,No,No,Normal,No,No,Trenching,Cloudy,Intermediate,4,38.9,42.1
2025-06-06 04:00:00,EXC001,OP1007,1912.4,4.75,5,32.2,Fastened,No,No,Dry Ground,No,No,Demolition,Sunny,Intermediate,2,94.6,94.3
2025-06-06 04:30:00,EXC001,OP1005,1913.9,4.08,5,22.6,Fastened,No,Yes,Strong Wind,No,No,Demolition,Windy,Intermediate,2,102.8,117.5
2025-06-06 05:00:00,EXC002,OP1009,2474.5,6.75,11,39.6,Fastened,No,No,Normal,No,No,Trenching,Cloudy,Beginner,4,58.6,71.6
2025-06-06 05:30:00,EXC001,OP1004,1915.5,6.49,11,35.1,Fastened,No,No,Low Visibility,No,No,Earth Excavation,Cloudy,Beginner,2,73.8,77.2
2025-06-06 06:00:00,EXC005,OP1006,4527.4,4.87,7,12.3,Fastened,No,No,Low Visibility,No,No,Demolition,Cloudy,Expert,7,92.1,88.2
2025-06-06 06:30:00,EXC001,OP1002,1917.8,4.48,8,2.0,Fastened,Yes,Yes,Normal,No,Yes,Demolition,Sunny,Expert,2,78.4,80.3
2025-06-06 07:00:00,EXC004,OP1002,1649.0,3.6,2,30.3,Fastened,No,No,Normal,No,No,Demolition,Sunny,Intermediate,5,94.2,103.6
2025-06-06 07:30:00,LOD002,OP1002,3010.4,5.67,10,19.0,Fastened,No,No,Normal,No,No,Grading,Cloudy,Intermediate,6,36.2,34.3
2025-06-06 08:00:00,LOD001,OP1010,3322.0,6.39,11,47.3,Fastened,No,No,Dusty,No,No,Material Loading,Windy,Expert,4,34.7,49.2
2025-06-06 08:30:00,EXC005,OP1007,4529.1,6.97,11,26.3,Fastened,No,Yes,Reduced Visibility,No,No,Earth Excavation,Rainy,Intermediate,7,74.4,96.3
2025-06-06 09:00:00,EXC002,OP1002,2475.2,7.39,14,30.2,Fastened,No,No,Normal,No,No,Material Loading,Sunny,Intermediate,4,30.7,31.1
2025-06-06 09:30:00,EXC005,OP1002,4530.0,6.87,13,13.0,Fastened,No,No,Normal,No,No,Material Loading,Sunny,Expert,7,25.8,26.7
2025-06-06 10:00:00,EXC004,OP1009,1651.1,7.83,16,25.4,Fastened,No,No,Dry Ground,No,No,Material Loading,Sunny,Expert,5,25.2,30.0
2025-06-06 10:30:00,EXC003,OP1007,2186.7,8.18,15,47.8,Fastened,No,No,Normal,No,No,Material Loading,Sunny,Intermediate,3,27.5,20.9
2025-06-06 11:00:00,EXC001,OP1003,1919.1,5.42,9,26.7,Fastened,No,No,Low Visibility,No,No,Earth Excavation,Cloudy,Intermediate,2,65.3,66.0
2025-06-06 11:30:00,LOD002,OP1003,3011.3,4.06,5,30.7,Fastened,No,No,Low Visibility,Yes,No,Trenching,Cloudy,Beginner,6,58.3,62.6
2025-06-06 12:00:00,EXC003,OP1007,2188.6,5.69,10,26.5,Fastened,Yes,Yes,Dry Ground,No,Yes,Trenching,Sunny,Intermediate,3,47.1,46.3
2025-06-06 12:30:00,EXC002,OP1005,2476.1,6.58,11,30.8,Fastened,No,No,Low Visibility,No,No,Earth Excavation,Cloudy,Expert,4,60.2,62.6
2025-06-06 13:00:00,EXC003,OP1010,2190.4,4.37,4,51.6,Fastened,No,Yes,Reduced Visibility,No,No,Trenching,Rainy,Intermediate,3,50.9,70.7
2025-06-06 13:30:00,EXC003,OP1006,2190.8,4.87,8,37.8,Fastened,No,No,Normal,No,No,Grading,Sunny,Intermediate,3,30.5,34.6
2025-06-06 14:00:00,LOD001,OP1008,3324.2,5.61,9,30.2,Fastened,No,No,Slippery,No,No,Grading,Rainy,Intermediate,4,43.9,56.3
2025-06-06 14:30:00,LOD001,OP1009,3325.6,3.2,4,17.8,Fastened,No,No,Dry Ground,No,No,Trenching,Sunny,Intermediate,4,46.6,46.3
2025-06-06 15:00:00,LOD001,OP1001,3326.8,6.84,13,28.2,Fastened,No,No,Normal,No,No,Material Loading,Cloudy,Beginner,4,39.5,42.6
2025-06-06 15:30:00,EXC001,OP1003,1920.7,8.08,14,49.8,Fastened,No,No,Slippery,No,No,Earth Excavation,Rainy,Expert,2,64.6,85.6
2025-06-06 16:00:00,EXC003,OP1007,2192.4,9.07,21,31.6,Fastened,No,No,Normal,No,No,Material Loading,Cloudy,Intermediate,3,31.6,29.1
2025-06-06 16:30:00,EXC004,OP1006,1651.6,5.56,8,24.9,Fastened,No,Yes,Strong Wind,No,No,Trenching,Windy,Intermediate,5,51.6,65.8
2025-06-06 17:00:00,EXC001,OP1007,1922.7,4.68,4,34.3,Fastened,No,No,Dry Ground,Yes,No,Trenching,Sunny,Intermediate,2,50.1,50.7
2025-06-06 17:30:00,EXC002,OP1008,2476.9,4.95,6,20.3,Fastened,No,No,Normal,No,No,Demolition,Cloudy,Expert,4,85.9,95.2
2025-06-06 18:00:00,LOD001,OP1006,3329.0,7.72,15,36.7,Fastened,No,No,Normal,No,No,Material Loading,Cloudy,Intermediate,4,34.3,45.7
2025-06-06 18:30:00,EXC001,OP1003,1924.8,6.45,13,26.8,Fastened,No,No,Normal,No,No,Earth Excavation,Cloudy,Intermediate,2,64.0,62.6
2025-06-06 19:00:00,EXC004,OP1002,1652.6,7.14,14,17.8,Fastened,No,No,Wet Ground,No,No,Earth Excavation,Rainy,Intermediate,5,67.4,78.0
2025-06-06 19:30:00,EXC002,OP1007,2479.0,8.45,18,21.9,Fastened,No,No,Wet Ground,No,No,Material Loading,Rainy,Intermediate,4,31.9,35.3
2025-06-06 20:00:00,EXC001,OP1001,1925.8,5.45,7,37.7,Fastened,No,Yes,Reduced Visibility,Yes,No,Trenching,Rainy,Expert,2,47.4,64.2
2025-06-06 20:30:00,EXC002,OP1003,2479.4,4.81,7,18.7,Fastened,No,No,Dry Ground,No,No,Demolition,Sunny,Intermediate,4,92.1,92.2
2025-06-06 21:00:00,LOD002,OP1004,3013.8,5.94,10,15.3,Fastened,No,No,Dry Ground,No,No,Material Loading,Sunny,Expert,6,25.8,21.2
2025-06-06 21:30:00,LOD001,OP1001,3330.7,4.81,7,32.4,Fastened,No,No,Low Visibility,No,No,Grading,Cloudy,Expert,4,37.0,41.7
2025-06-06 22:00:00,LOD002,OP1005,3015.0,6.66,11,26.6,Unfastened,No,Yes,Low Visibility,No,Yes,Material Loading,Cloudy,Expert,6,25.0,31.3
2025-06-06 22:30:00,EXC004,OP1010,1653.7,4.03,5,28.9,Fastened,No,Yes,Strong Wind,No,No,Trenching,Windy,Intermediate,5,50.4,62.8
2025-06-06 23:00:00,EXC001,OP1003,1926.7,4.33,5,40.2,Fastened,No,No,Normal,No,No,Trenching,Sunny,Intermediate,2,43.3,45.4
2025-06-06 23:30:00,EXC004,OP1002,1656.1,5.4,5,57.7,Fastened,No,No,Normal,No,No,Trenching,Sunny,Intermediate,5,51.7,63.1
2025-06-07 00:00:00,EXC004,OP1003,1656.6,8.62,17,23.2,Fastened,No,No,Normal,No,No,Material Loading,Cloudy,Beginner,5,44.9,48.4
2025-06-07 00:30:00,LOD001,OP1008,3331.7,5.77,7,48.6,Fastened,Yes,Yes,Slippery,No,Yes,Earth Excavation,Rainy,Expert,4,63.7,83.4
2025-06-07 01:00:00,EXC001,OP1006,1928.0,4.36,6,20.4,Fastened,No,No,Normal,No,No,Demolition,Windy,Expert,2,91.8,98.6
2025-06-07 01:30:00,EXC004,OP1007,1657.9,5.59,10,10.0,Fastened,Yes,Yes,Dry Ground,No,Yes,Trenching,Sunny,Intermediate,5,51.1,57.5
2025-06-07 02:00:00,EXC001,OP1006,1929.3,5.3,11,6.5,Fastened,No,No,Dry Ground,No,No,Earth Excavation,Sunny,Intermediate,2,63.9,71.4
2025-06-07 02:30:00,EXC003,OP1006,2193.1,7.23,15,21.8,Fastened,No,No,Normal,No,No,Earth Excavation,Sunny,Beginner,3,73.4,81.4
2025-06-07 03:00:00,LOD001,OP1003,3332.2,5.86,10,50.0,Fastened,No,No,Normal,No,No,Earth Excavation,Sunny,Intermediate,4,57.1,55.1
2025-06-07 03:30:00,EXC004,OP1008,1658.7,7.49,12,36.8,Fastened,No,Yes,Strong Wind,No,No,Trenching,Windy,Expert,5,49.5,62.2
2025-06-07 04:00:00,EXC003,OP1007,2195.4,5.9,8,22.2,Fastened,No,No,Dry Ground,No,No,Earth Excavation,Sunny,Intermediate,3,62.9,65.5
2025-06-07 04:30:00,EXC003,OP1007,2195.8,7.49,15,54.2,Unfastened,No,Yes,Normal,No,Yes,Earth Excavation,Sunny,Beginner,3,70.4,73.2
2025-06-07 05:00:00,EXC004,OP1006,1660.7,6.02,12,21.1,Fastened,No,No,Dry Ground,No,No,Material Loading,Sunny,Intermediate,5,31.3,32.6
2025-06-07 05:30:00,LOD001,OP1005,3334.1,8.92,18,24.0,Fastened,No,No,Dry Ground,No,No,Material Loading,Sunny,Expert,4,28.9,31.4
2025-06-07 06:00:00,LOD002,OP1010,3017.1,6.39,10,49.6,Unfastened,No,Yes,Reduced Visibility,No,Yes,Earth Excavation,Rainy,Intermediate,6,72.4,80.6
2025-06-07 06:30:00,LOD002,OP1008,3019.3,8.97,17,33.1,Unfastened,No,Yes,Dry Ground,Yes,Yes,Material Loading,Sunny,Expert,6,27.6,30.6
2025-06-07 07:00:00,LOD001,OP1005,3335.0,7.45,13,38.0,Unfastened,No,Yes,Dry Ground,No,Yes,Grading,Sunny,Expert,4,29.8,44.0
2025-06-07 07:30:00,EXC003,OP1009,2196.5,4.17,5,26.9,Fastened,Yes,Yes,Normal,No,Yes,Demolition,Windy,Intermediate,3,101.6,110.7
2025-06-07 08:00:00,EXC005,OP1009,4531.2,8.67,17,24.3,Fastened,No,No,Dry Ground,No,No,Material Loading,Sunny,Beginner,7,36.4,38.1
2025-06-07 08:30:00,EXC003,OP1001,2197.3,6.61,11,43.7,Fastened,No,No,Slippery,Yes,No,Earth Excavation,Rainy,Intermediate,3,68.7,81.9
2025-06-07 09:00:00,EXC002,OP1006,2481.3,5.0,6,40.8,Fastened,No,No,Dry Ground,No,No,Grading,Sunny,Intermediate,4,36.7,40.3
2025-06-07 09:30:00,LOD001,OP1007,3336.6,8.11,16,29.0,Fastened,No,No,Normal,No,No,Material Loading,Cloudy,Expert,4,29.1,30.6
2025-06-07 10:00:00,EXC001,OP1003,1931.5,6.1,9,40.2,Fastened,No,No,Dry Ground,No,No,Earth Excavation,Sunny,Intermediate,2,62.7,69.0
2025-06-07 10:30:00,LOD002,OP1007,3019.7,4.95,5,31.2,Fastened,Yes,Yes,Normal,No,Yes,Demolition,Sunny,Beginner,6,109.6,117.2
2025-06-07 11:00:00,EXC004,OP1007,1663.0,5.15,5,23.0,Fastened,No,No,Normal,No,No,Trenching,Cloudy,Intermediate,5,50.5,54.1
2025-06-07 11:30:00,EXC005,OP1002,4532.1,4.94,7,11.1,Fastened,No,No,Dry Ground,No,No,Demolition,Sunny,Intermediate,7,95.5,95.1
2025-06-07 12:00:00,EXC005,OP1007,4533.4,5.42,7,17.5,Fastened,No,No,Normal,No,No,Grading,Cloudy,Intermediate,7,38.0,49.7
2025-06-07 12:30:00,LOD002,OP1001,3020.9,6.8,11,24.6,Fastened,No,No,Dry Ground,No,No,Material Loading,Sunny,Intermediate,6,32.6,40.5
2025-06-07 13:00:00,EXC005,OP1005,4535.4,5.17,7,16.0,Fastened,No,No,Normal,No,No,Grading,Cloudy,Intermediate,7,39.7,39.5
2025-06-07 13:30:00,EXC005,OP1009,4536.6,6.61,13,13.7,Fastened,Yes,Yes,Normal,No,Yes,Material Loading,Windy,Intermediate,7,38.3,56.9
2025-06-07 14:00:00,EXC001,OP1007,1933.9,8.45,16,40.4,Fastened,No,No,Dry Ground,No,No,Material Loading,Sunny,Intermediate,2,33.7,42.1
2025-06-07 14:30:00,EXC004,OP1007,1665.2,5.63,9,17.9,Fastened,Yes,Yes,Normal,No,Yes,Demolition,Sunny,Intermediate,5,94.4,104.5
2025-06-07 15:00:00,EXC001,OP1002,1936.1,5.9,12,22.9,Unfastened,No,Yes,Slippery,No,Yes,Grading,Rainy,Intermediate,2,36.8,41.8
2025-06-07 15:30:00,LOD001,OP1008,3337.0,5.3,6,37.7,Fastened,No,No,Low Visibility,No,No,Demolition,Cloudy,Expert,4,88.8,95.2
2025-06-07 16:00:00,EXC004,OP1003,1667.4,3.59,6,3.7,Fastened,No,No,Dry Ground,No,No,Demolition,Sunny,Beginner,5,110.3,112.3
2025-06-07 16:30:00,EXC005,OP1008,4538.5,5.17,6,29.5,Fastened,No,No,Low Visibility,No,No,Demolition,Cloudy,Beginner,7,114.7,111.3
2025-06-07 17:00:00,EXC001,OP1003,1936.6,5.41,11,5.9,Fastened,No,No,Dry Ground,No,No,Grading,Sunny,Intermediate,2,38.0,42.7
2025-06-07 17:30:00,EXC001,OP1010,1937.0,8.46,17,41.1,Fastened,No,No,Normal,No,No,Material Loading,Sunny,Beginner,2,34.1,46.0
2025-06-07 18:00:00,LOD001,OP1007,3337.4,5.7,11,23.5,Fastened,No,Yes,Strong Wind,No,No,Earth Excavation,Windy,Intermediate,4,62.6,81.9
2025-06-07 18:30:00,EXC001,OP1002,1937.2,5.87,11,26.6,Fastened,No,No,Wet Ground,Yes,No,Grading,Rainy,Expert,2,34.3,41.4
2025-06-07 19:00:00,EXC001,OP1004,1938.7,3.49,4,18.0,Fastened,No,No,Normal,No,No,Trenching,Cloudy,Intermediate,2,38.6,43.5
2025-06-07 19:30:00,EXC001,OP1006,1941.1,5.95,10,34.4,Fastened,No,No,Normal,No,No,Trenching,Sunny,Intermediate,2,47.2,49.4
2025-06-07 20:00:00,LOD002,OP1009,3022.1,6.64,12,31.4,Fastened,No,No,Dry Ground,No,No,Earth Excavation,Sunny,Intermediate,6,63.4,65.5
2025-06-07 20:30:00,LOD001,OP1005,3338.9,4.86,4,55.3,Unfastened,Yes,Yes,Slippery,No,Yes,Demolition,Rainy,Intermediate,4,110.2,125.8
2025-06-07 21:00:00,EXC003,OP1009,2199.8,5.7,9,25.7,Fastened,No,No,Dry Ground,No,No,Demolition,Sunny,Intermediate,3,95.0,95.9
2025-06-07 21:30:00,EXC002,OP1005,2482.1,6.29,11,33.8,Fastened,No,No,Dry Ground,No,No,Material Loading,Sunny,Intermediate,4,29.7,31.1
2025-06-07 22:00:00,EXC003,OP1010,2201.9,5.66,9,30.3,Fastened,No,No,Dry Ground,No,No,Material Loading,Sunny,Expert,3,25.3,28.5
2025-06-07 22:30:00,LOD001,OP1008,3340.3,8.8,17,43.7,Fastened,No,No,Low Visibility,No,No,Material Loading,Cloudy,Intermediate,4,29.8,28.7
2025-06-07 23:00:00,EXC005,OP1001,4540.1,6.67,15,14.6,Unfastened,No,Yes,Dry Ground,Yes,Yes,Material Loading,Sunny,Intermediate,7,37.8,34.6
2025-06-07 23:30:00,EXC002,OP1007,2483.1,4.2,4,27.5,Fastened,Yes,Yes,Normal,No,Yes,Trenching,Sunny,Expert,4,41.7,53.9
2025-06-08 00:00:00,EXC002,OP1004,2484.6,5.39,8,39.0,Fastened,No,Yes,Reduced Visibility,No,No,Trenching,Rainy,Expert,4,47.6,66.1
2025-06-08 00:30:00,EXC001,OP1005,1941.5,4.77,10,22.5,Unfastened,No,Yes,Low Visibility,No,Yes,Trenching,Cloudy,Expert,2,43.4,48.0
2025-06-08 01:00:00,EXC005,OP1006,4542.0,7.61,15,26.3,Fastened,No,No,Dry Ground,No,No,Material Loading,Sunny,Intermediate,7,27.3,24.0
2025-06-08 01:30:00,LOD001,OP1005,3341.2,9.43,21,39.3,Fastened,No,Yes,Reduced Visibility,No,No,Material Loading,Rainy,Intermediate,4,34.7,51.6
2025-06-08 02:00:00,EXC002,OP1001,2486.8,4.32,5,32.1,Fastened,No,No,Dry Ground,No,No,Trenching,Sunny,Expert,4,39.6,46.3
2025-06-08 02:30:00,EXC001,OP1009,1942.5,3.49,1,42.7,Fastened,No,No,Dry Ground,No,No,Demolition,Sunny,Intermediate,2,88.6,89.3
2025-06-08 03:00:00,EXC001,OP1002,1943.1,5.64,8,33.7,Unfastened,No,Yes,Low Visibility,No,Yes,Earth Excavation,Cloudy,Intermediate,2,62.2,67.1
2025-06-08 03:30:00,LOD002,OP1009,3023.9,3.87,2,22.4,Fastened,No,No,Dry Ground,No,No,Trenching,Sunny,Expert,6,43.1,47.1
2025-06-08 04:00:00,EXC002,OP1010,2487.4,7.28,13,22.5,Fastened,No,No,Dry Ground,No,No,Trenching,Sunny,Intermediate,4,43.0,35.2
2025-06-08 04:30:00,LOD001,OP1002,3343.1,6.44,11,48.2,Fastened,No,No,Wet Ground,No,No,Earth Excavation,Rainy,Expert,4,63.5,84.0
2025-06-08 05:00:00,EXC005,OP1009,4544.4,7.12,12,22.7,Fastened,No,No,Dusty,No,No,Trenching,Windy,Expert,7,47.0,55.1
2025-06-08 05:30:00,EXC003,OP1006,2203.9,5.51,11,16.3,Fastened,Yes,Yes,Normal,No,Yes,Earth Excavation,Cloudy,Expert,3,58.6,59.7
2025-06-08 06:00:00,EXC002,OP1009,2487.6,7.24,12,37.8,Fastened,No,No,Dry Ground,No,No,Material Loading,Sunny,Beginner,4,35.1,42.6
2025-06-08 06:30:00,EXC001,OP1006,1944.7,3.86,3,30.6,Fastened,No,No,Dry Ground,No,No,Trenching,Sunny,Intermediate,2,46.9,48.8
2025-06-08 07:00:00,EXC005,OP1006,4546.2,5.28,9,2.0,Fastened,No,No,Dry Ground,No,No,Grading,Sunny,Expert,7,32.6,36.9
2025-06-08 07:30:00,LOD001,OP1002,3345.2,7.67,17,18.3,Fastened,No,No,Normal,No,No,Material Loading,Sunny,Expert,4,31.9,31.9
2025-06-08 08:00:00,EXC005,OP1008,4546.6,7.08,11,34.0,Fastened,No,No,Normal,No,No,Earth Excavation,Sunny,Intermediate,7,65.8,75.1
2025-06-08 08:30:00,EXC004,OP1003,1668.7,4.54,6,32.9,Fastened,No,No,Low Visibility,No,No,Grading,Cloudy,Intermediate,5,35.8,36.0
2025-06-08 09:00:00,EXC001,OP1007,1946.1,6.19,13,3.9,Fastened,No,No,Normal,No,No,Earth Excavation,Sunny,Expert,2,53.6,60.0
2025-06-08 09:30:00,LOD002,OP1005,3024.5,7.02,12,37.4,Fastened,No,No,Normal,No,No,Grading,Sunny,Intermediate,6,38.3,43.5
2025-06-08 10:00:00,LOD001,OP1003,3346.1,3.9,5,32.4,Fastened,No,No,Normal,No,No,Demolition,Cloudy,Intermediate,4,94.8,100.3
2025-06-08 10:30:00,EXC002,OP1001,2488.9,4.39,6,13.4,Unfastened,No,Yes,Dry Ground,No,Yes,Trenching,Sunny,Intermediate,4,41.0,44.2
2025-06-08 11:00:00,LOD002,OP1008,3026.6,3.38,2,36.3,Fastened,No,Yes,Strong Wind,Yes,No,Demolition,Windy,Intermediate,6,103.9,120.9
2025-06-08 11:30:00,EXC005,OP1003,4548.9,6.87,11,22.3,Fastened,No,No,Normal,No,No,Grading,Sunny,Expert,7,32.6,33.3
2025-06-08 12:00:00,EXC004,OP1002,1670.4,6.02,5,52.9,Fastened,No,No,Wet Ground,No,No,Demolition,Rainy,Intermediate,5,110.7,119.9
2025-06-08 12:30:00,LOD001,OP1001,3347.2,5.34,8,38.2,Fastened,No,No,Dusty,No,No,Material Loading,Windy,Intermediate,4,33.8,37.0
2025-06-08 13:00:00,LOD001,OP1004,3348.0,5.63,8,45.3,Fastened,No,No,Wet Ground,No,No,Earth Excavation,Rainy,Beginner,4,84.5,98.5
2025-06-08 13:30:00,EXC005,OP1008,4551.4,5.6,8,27.5,Fastened,Yes,Yes,Normal,No,Yes,Demolition,Sunny,Intermediate,7,103.9,109.0
2025-06-08 14:00:00,EXC001,OP1003,1948.5,5.98,11,49.6,Fastened,No,No,Dusty,No,No,Earth Excavation,Windy,Intermediate,2,69.9,83.4
2025-06-08 14:30:00,EXC003,OP1001,2206.3,5.99,9,20.9,Fastened,Yes,Yes,Dry Ground,No,Yes,Earth Excavation,Sunny,Expert,3,54.6,56.5
2025-06-08 15:00:00,LOD002,OP1004,3028.6,6.91,12,38.6,Fastened,No,No,Normal,No,No,Earth Excavation,Sunny,Intermediate,6,64.9,64.5
2025-06-08 15:30:00,EXC002,OP1009,2489.8,3.87,5,13.1,Fastened,No,No,Dry Ground,Yes,No,Trenching,Sunny,Intermediate,4,47.2,48.6
2025-06-08 16:00:00,EXC003,OP1001,2208.3,6.91,13,20.0,Fastened,No,No,Dry Ground,No,No,Material Loading,Sunny,Intermediate,3,31.7,28.5
2025-06-08 16:30:00,EXC003,OP1002,2209.5,5.27,9,13.9,Unfastened,No,Yes,Normal,No,Yes,Grading,Sunny,Intermediate,3,31.3,40.7
2025-06-08 17:00:00,EXC003,OP1009,2210.4,6.27,11,27.2,Fastened,No,No,Dry Ground,No,No,Demolition,Sunny,Intermediate,3,95.9,103.0
2025-06-08 17:30:00,EXC005,OP1002,4553.3,8.63,16,37.0,Fastened,No,No,Normal,No,No,Earth Excavation,Sunny,Intermediate,7,57.3,69.4
2025-06-08 18:00:00,LOD002,OP1003,3029.0,4.05,2,49.4,Fastened,No,No,Low Visibility,No,No,Demolition,Cloudy,Intermediate,6,98.2,104.1
2025-06-08 18:30:00,EXC002,OP1007,2490.1,3.8,6,7.9,Fastened,No,No,Dry Ground,No,No,Demolition,Sunny,Intermediate,4,88.3,94.5
2025-06-08 19:00:00,EXC001,OP1003,1949.8,6.05,8,44.9,Fastened,No,No,Normal,No,No,Earth Excavation,Cloudy,Beginner,2,70.4,78.8
2025-06-08 19:30:00,EXC002,OP1009,2491.3,4.22,5,29.8,Fastened,Yes,Yes,Normal,No,Yes,Trenching,Windy,Expert,4,46.1,56.3
2025-06-08 20:00:00,LOD002,OP1006,3031.3,4.15,5,20.6,Fastened,No,No,Normal,No,No,Grading,Sunny,Expert,6,36.0,40.9
2025-06-08 20:30:00,EXC005,OP1003,4553.8,6.56,12,13.8,Unfastened,No,Yes,Normal,No,Yes,Material Loading,Cloudy,Intermediate,7,36.1,42.6
2025-06-08 21:00:00,EXC002,OP1009,2491.8,5.28,7,56.5,Fastened,No,No,Dusty,No,No,Grading,Windy,Intermediate,4,38.7,54.0
2025-06-08 21:30:00,LOD001,OP1001,3348.6,6.14,12,5.5,Fastened,No,No,Normal,No,No,Grading,Sunny,Expert,4,35.7,31.5
2025-06-08 22:00:00,LOD002,OP1010,3031.5,7.11,12,28.6,Fastened,No,No,Dry Ground,No,No,Material Loading,Sunny,Intermediate,6,31.6,34.1
2025-06-08 22:30:00,LOD001,OP1003,3348.9,5.77,7,36.0,Fastened,No,Yes,Reduced Visibility,No,No,Earth Excavation,Rainy,Expert,4,62.4,67.8
2025-06-08 23:00:00,LOD002,OP1001,3033.3,7.66,14,28.1,Fastened,No,Yes,Strong Wind,No,No,Material Loading,Windy,Beginner,6,40.6,51.2
2025-06-08 23:30:00,EXC002,OP1002,2493.0,6.79,11,32.5,Fastened,No,No,Normal,No,No,Earth Excavation,Cloudy,Intermediate,4,61.5,64.1
2025-06-09 00:00:00,LOD001,OP1008,3350.9,6.82,14,19.5,Fastened,Yes,Yes,Normal,No,Yes,Material Loading,Sunny,Expert,4,27.7,31.3
2025-06-09 00:30:00,EXC004,OP1007,1672.8,6.76,11,31.9,Fastened,No,No,Normal,No,No,Grading,Windy,Intermediate,5,38.3,44.6
2025-06-09 01:00:00,LOD001,OP1002,3352.6,8.77,18,39.7,Fastened,No,No,Dry Ground,No,No,Material Loading,Sunny,Intermediate,4,26.5,30.1
2025-06-09 01:30:00,LOD001,OP1002,3352.9,4.82,6,16.4,Fastened,No,No,Normal,No,No,Demolition,Sunny,Expert,4,85.2,91.8
2025-06-09 02:00:00,LOD001,OP1009,3353.4,5.26,8,23.4,Fastened,No,No,Normal,No,No,Trenching,Sunny,Expert,4,42.6,50.1
2025-06-09 02:30:00,EXC005,OP1006,4556.0,5.85,9,12.0,Fastened,No,No,Dry Ground,No,No,Grading,Sunny,Intermediate,7,40.9,43.8
2025-06-09 03:00:00,EXC002,OP1005,2494.4,7.96,16,28.2,Fastened,No,No,Slippery,No,No,Material Loading,Rainy,Intermediate,4,30.3,40.8
2025-06-09 03:30:00,EXC004,OP1010,1674.9,3.64,3,32.1,Fastened,No,No,Wet Ground,No,No,Demolition,Rainy,Intermediate,5,106.5,109.6
2025-06-09 04:00:00,LOD002,OP1006,3035.4,7.24,11,59.3,Fastened,No,No,Slippery,No,No,Grading,Rainy,Expert,6,41.8,58.3
2025-06-09 04:30:00,LOD002,OP1009,3037.8,6.51,12,22.8,Fastened,No,No,Normal,No,No,Earth Excavation,Sunny,Expert,6,58.8,54.4
2025-06-09 05:00:00,EXC001,OP1007,1952.2,4.5,4,32.9,Fastened,No,No,Normal,No,No,Demolition,Cloudy,Expert,2,87.3,91.5
2025-06-09 05:30:00,EXC002,OP1010,2495.9,8.96,20,38.1,Fastened,No,Yes,Reduced Visibility,No,No,Material Loading,Rainy,Expert,4,36.6,46.2
2025-06-09 06:00:00,EXC001,OP1010,1953.1,4.54,8,24.9,Fastened,No,No,Dry Ground,No,No,Earth Excavation,Sunny,Beginner,2,68.1,72.1
2025-06-09 06:30:00,LOD001,OP1009,3355.8,8.07,15,43.4,Fastened,No,No,Dusty,No,No,Material Loading,Windy,Expert,4,27.7,45.0
2025-06-09 07:00:00,LOD001,OP1004,3357.2,4.24,4,39.6,Fastened,No,No,Slippery,No,No,Demolition,Rainy,Expert,4,99.4,109.9
2025-06-09 07:30:00,EXC002,OP1002,2496.3,7.2,16,16.1,Unfastened,No,Yes,Normal,No,Yes,Material Loading,Cloudy,Expert,4,30.8,40.9
2025-06-09 08:00:00,EXC004,OP1008,1676.6,6.98,12,40.1,Fastened,No,No,Normal,No,No,Trenching,Sunny,Intermediate,5,46.9,46.7
2025-06-09 08:30:00,LOD001,OP1004,3358.8,6.26,11,22.7,Fastened,No,No,Low Visibility,No,No,Grading,Cloudy,Expert,4,33.3,32.4
2025-06-09 09:00:00,LOD001,OP1009,3361.1,6.26,9,34.9,Fastened,No,Yes,Strong Wind,No,No,Grading,Windy,Beginner,4,42.3,55.8
2025-06-09 09:30:00,EXC004,OP1004,1678.3,8.03,17,43.5,Fastened,No,No,Dry Ground,No,No,Material Loading,Sunny,Intermediate,5,36.2,41.2
2025-06-09 10:00:00,EXC005,OP1008,4557.0,6.55,10,39.9,Fastened,No,No,Slippery,No,No,Earth Excavation,Rainy,Intermediate,7,79.9,90.9
2025-06-09 10:30:00,EXC004,OP1009,1680.7,7.75,13,34.7,Fastened,No,No,Normal,No,No,Earth Excavation,Sunny,Intermediate,5,66.4,71.6
2025-06-09 11:00:00,EXC002,OP1009,2498.3,6.55,10,28.6,Fastened,No,No,Normal,Yes,No,Grading,Cloudy,Intermediate,4,39.5,44.0
2025-06-09 11:30:00,EXC004,OP1010,1682.4,4.91,6,32.3,Fastened,No,No,Low Visibility,No,No,Grading,Cloudy,Expert,5,35.8,45.0
2025-06-09 12:00:00,EXC005,OP1004,4557.9,8.11,16,36.4,Unfastened,No,Yes,Normal,Yes,Yes,Earth Excavation,Cloudy,Intermediate,7,67.1,72.8
2025-06-09 12:30:00,LOD002,OP1001,3038.8,6.8,11,46.2,Fastened,No,No,Normal,No,No,Trenching,Windy,Beginner,6,54.0,53.3
2025-06-09 13:00:00,EXC005,OP1003,4559.6,5.6,9,31.0,Fastened,No,No,Normal,No,No,Earth Excavation,Sunny,Intermediate,7,62.8,66.3
2025-06-09 13:30:00,LOD001,OP1009,3361.4,5.89,12,5.0,Fastened,No,No,Normal,No,No,Grading,Sunny,Expert,4,35.2,30.6
2025-06-09 14:00:00,EXC002,OP1004,2499.1,6.42,9,57.5,Fastened,No,Yes,Reduced Visibility,No,No,Earth Excavation,Rainy,Intermediate,4,69.2,82.4
2025-06-09 14:30:00,EXC004,OP1005,1684.2,7.21,13,29.5,Fastened,No,No,Normal,No,No,Earth Excavation,Sunny,Beginner,5,72.9,76.9
2025-06-09 15:00:00,EXC001,OP1007,1954.5,6.54,12,18.6,Fastened,No,No,Low Visibility,No,No,Earth Excavation,Cloudy,Intermediate,2,66.5,71.1
2025-06-09 15:30:00,EXC002,OP1005,2500.2,8.72,19,24.1,Fastened,No,No,Normal,No,No,Material Loading,Sunny,Intermediate,4,34.7,39.5
2025-06-09 16:00:00,LOD001,OP1004,3362.0,5.84,8,50.5,Fastened,No,No,Dry Ground,No,No,Trenching,Sunny,Expert,4,44.9,45.9
2025-06-09 16:30:00,LOD002,OP1002,3040.0,5.04,4,49.2,Fastened,No,No,Low Visibility,No,No,Trenching,Cloudy,Expert,6,45.1,55.8
2025-06-09 17:00:00,EXC001,OP1002,1956.4,5.66,9,38.5,Fastened,No,No,Wet Ground,No,No,Demolition,Rainy,Expert,2,97.4,108.9
2025-06-09 17:30:00,EXC003,OP1004,2211.2,6.45,10,40.0,Fastened,No,No,Dry Ground,No,No,Earth Excavation,Sunny,Intermediate,3,61.1,64.0
2025-06-09 18:00:00,LOD001,OP1010,3362.2,4.14,6,28.7,Fastened,No,No,Normal,No,No,Trenching,Sunny,Intermediate,4,51.9,53.7
2025-06-09 18:30:00,EXC002,OP1010,2502.0,5.31,7,33.1,Fastened,No,No,Dry Ground,No,No,Demolition,Sunny,Intermediate,4,88.8,100.2
2025-06-09 19:00:00,EXC004,OP1009,1686.7,6.24,6,57.2,Fastened,Yes,Yes,Dry Ground,No,Yes,Trenching,Sunny,Intermediate,5,47.5,59.2
2025-06-09 19:30:00,LOD001,OP1008,3363.8,8.7,19,34.7,Unfastened,No,Yes,Dry Ground,No,Yes,Material Loading,Sunny,Beginner,4,34.5,39.0
2025-06-09 20:00:00,EXC005,OP1003,4560.1,7.92,14,26.0,Fastened,Yes,Yes,Normal,No,Yes,Earth Excavation,Sunny,Intermediate,7,66.2,76.6
2025-06-09 20:30:00,EXC002,OP1009,2502.9,5.81,7,50.0,Fastened,No,No,Slippery,No,No,Grading,Rainy,Beginner,4,47.1,58.4
2025-06-09 21:00:00,EXC003,OP1005,2213.4,4.92,6,27.5,Fastened,No,No,Low Visibility,No,No,Trenching,Cloudy,Expert,3,50.2,45.3
2025-06-09 21:30:00,LOD001,OP1003,3364.5,4.66,6,17.2,Fastened,No,No,Normal,No,No,Grading,Sunny,Expert,4,35.5,36.6
2025-06-09 22:00:00,EXC004,OP1005,1688.3,6.87,14,18.6,Fastened,No,No,Low Visibility,No,No,Earth Excavation,Cloudy,Intermediate,5,61.9,74.0
2025-06-09 22:30:00,EXC001,OP1010,1957.5,4.8,7,42.9,Fastened,Yes,Yes,Dusty,No,Yes,Trenching,Windy,Intermediate,2,41.6,56.6
2025-06-09 23:00:00,LOD001,OP1004,3365.2,4.79,7,12.2,Fastened,No,No,Dry Ground,No,No,Grading,Sunny,Expert,4,29.3,31.7
2025-06-09 23:30:00,EXC001,OP1008,1959.6,6.1,10,40.3,Fastened,No,No,Dry Ground,No,No,Demolition,Sunny,Intermediate,2,93.5,98.3
2025-06-10 00:00:00,LOD001,OP1005,3367.1,6.62,13,34.8,Fastened,No,No,Low Visibility,No,No,Earth Excavation,Cloudy,Expert,4,57.1,65.8
2025-06-10 00:30:00,EXC002,OP1010,2504.6,5.42,10,11.9,Fastened,No,No,Dry Ground,No,No,Grading,Sunny,Intermediate,4,34.7,40.5
2025-06-10 01:00:00,LOD002,OP1008,3040.8,5.79,8,55.3,Fastened,No,No,Normal,No,No,Trenching,Cloudy,Expert,6,42.0,50.3
2025-06-10 01:30:00,EXC003,OP1009,2213.9,7.0,11,32.1,Fastened,No,No,Slippery,No,No,Material Loading,Rainy,Expert,3,34.5,45.4
2025-06-10 02:00:00,EXC003,OP1004,2215.4,6.17,9,39.6,Fastened,Yes,Yes,Normal,No,Yes,Trenching,Cloudy,Beginner,3,53.9,62.5
2025-06-10 02:30:00,EXC001,OP1007,1961.1,6.75,13,39.7,Fastened,No,No,Normal,No,No,Material Loading,Cloudy,Intermediate,2,30.2,38.5
2025-06-10 03:00:00,EXC002,OP1002,2505.2,5.66,10,8.2,Fastened,No,No,Normal,No,No,Trenching,Cloudy,Intermediate,4,51.2,57.5
2025-06-10 03:30:00,LOD002,OP1006,3041.1,5.67,9,39.1,Fastened,No,No,Normal,Yes,No,Trenching,Sunny,Expert,6,47.6,48.7
2025-06-10 04:00:00,LOD002,OP1008,3041.5,5.67,11,22.5,Fastened,No,No,Dry Ground,No,No,Earth Excavation,Sunny,Beginner,6,69.8,66.5
2025-06-10 04:30:00,EXC003,OP1007,2217.9,6.29,11,40.2,Fastened,No,No,Dusty,No,No,Earth Excavation,Windy,Intermediate,3,70.3,82.6
2025-06-10 05:00:00,EXC003,OP1007,2219.9,6.39,11,36.7,Fastened,Yes,Yes,Strong Wind,No,Yes,Demolition,Windy,Intermediate,3,99.8,112.2
2025-06-10 05:30:00,LOD001,OP1008,3369.4,4.27,3,44.0,Fastened,No,Yes,Reduced Visibility,No,No,Demolition,Rainy,Expert,4,99.6,115.3
2025-06-10 06:00:00,LOD002,OP1007,3042.1,6.26,8,47.0,Fastened,Yes,Yes,Dusty,No,Yes,Grading,Windy,Expert,6,38.0,45.2
2025-06-10 06:30:00,EXC005,OP1005,4562.5,5.68,10,12.6,Fastened,No,No,Dry Ground,No,No,Trenching,Sunny,Intermediate,7,48.2,56.1
2025-06-10 07:00:00,EXC003,OP1007,2220.4,6.51,11,29.6,Fastened,No,No,Dry Ground,No,No,Trenching,Sunny,Intermediate,3,46.5,47.7
2025-06-10 07:30:00,EXC003,OP1010,2221.8,4.81,9,19.2,Fastened,No,No,Normal,No,No,Grading,Sunny,Beginner,3,43.5,48.7
2025-06-10 08:00:00,EXC005,OP1003,4564.6,5.48,5,42.9,Unfastened,Yes,Yes,Normal,No,Yes,Demolition,Sunny,Intermediate,7,93.0,108.0
2025-06-10 08:30:00,EXC001,OP1005,1962.1,4.09,6,31.1,Fastened,No,No,Wet Ground,No,No,Trenching,Rainy,Intermediate,2,49.4,58.3
2025-06-10 09:00:00,EXC005,OP1007,4565.8,4.97,6,37.3,Fastened,No,No,Normal,No,No,Grading,Windy,Intermediate,7,46.7,62.6
2025-06-10 09:30:00,EXC003,OP1009,2222.3,6.48,12,35.1,Fastened,No,No,Wet Ground,No,No,Demolition,Rainy,Expert,3,99.4,116.5
2025-06-10 10:00:00,LOD001,OP1002,3369.9,4.09,6,23.8,Fastened,Yes,Yes,Low Visibility,No,Yes,Demolition,Cloudy,Intermediate,4,99.4,108.7
2025-06-10 10:30:00,EXC001,OP1004,1963.7,6.47,13,10.0,Fastened,No,No,Dry Ground,No,No,Earth Excavation,Sunny,Expert,2,54.6,44.0
2025-06-10 11:00:00,EXC004,OP1007,1690.0,7.76,13,34.2,Fastened,No,No,Dry Ground,No,No,Earth Excavation,Sunny,Intermediate,5,58.1,59.4
2025-06-10 11:30:00,EXC004,OP1001,1692.0,8.53,18,50.1,Fastened,No,No,Dry Ground,No,No,Material Loading,Sunny,Beginner,5,34.6,44.3
2025-06-10 12:00:00,EXC005,OP1002,4567.3,6.19,13,21.6,Fastened,No,No,Low Visibility,No,No,Material Loading,Cloudy,Intermediate,7,34.3,40.8
2025-06-10 12:30:00,EXC001,OP1009,1965.4,6.2,11,41.9,Fastened,No,No,Normal,No,No,Earth Excavation,Sunny,Intermediate,2,64.7,66.8
2025-06-10 13:00:00,EXC004,OP1010,1692.2,6.29,10,40.7,Fastened,No,Yes,Strong Wind,No,No,Trenching,Windy,Intermediate,5,52.3,68.7
2025-06-10 13:30:00,EXC004,OP1007,1692.8,4.97,5,38.1,Fastened,No,No,Slippery,No,No,Grading,Rainy,Expert,5,39.4,57.9
2025-06-10 14:00:00,EXC004,OP1010,1695.3,8.03,18,11.5,Fastened,No,No,Normal,No,No,Material Loading,Sunny,Intermediate,5,31.0,34.8
2025-06-10 14:30:00,EXC005,OP1007,4567.6,6.38,12,35.8,Fastened,No,No,Dry Ground,No,No,Trenching,Sunny,Intermediate,7,50.1,56.7
2025-06-10 15:00:00,EXC005,OP1006,4569.4,8.3,15,30.3,Fastened,No,No,Normal,No,No,Material Loading,Cloudy,Expert,7,27.0,21.0
2025-06-10 15:30:00,LOD001,OP1003,3370.5,6.05,12,18.1,Fastened,No,No,Dry Ground,No,No,Material Loading,Sunny,Intermediate,4,31.6,32.3
2025-06-10 16:00:00,EXC002,OP1010,2507.1,6.81,12,26.9,Fastened,No,No,Slippery,No,No,Grading,Rainy,Intermediate,4,41.2,52.5
2025-06-10 16:30:00,LOD001,OP1003,3372.3,5.99,11,31.4,Fastened,No,No,Normal,No,No,Earth Excavation,Cloudy,Beginner,4,78.2,87.1
2025-06-10 17:00:00,EXC004,OP1002,1696.0,5.96,10,26.8,Fastened,No,No,Dry Ground,No,No,Grading,Sunny,Expert,5,24.5,30.2
2025-06-10 17:30:00,EXC001,OP1006,1966.2,7.69,15,33.1,Fastened,No,No,Low Visibility,No,No,Material Loading,Cloudy,Expert,2,27.9,29.4
2025-06-10 18:00:00,EXC001,OP1004,1967.9,5.33,10,19.7,Fastened,No,No,Dry Ground,No,No,Earth Excavation,Sunny,Beginner,2,71.1,75.6
2025-06-10 18:30:00,EXC003,OP1005,2223.4,6.45,10,43.6,Fastened,No,Yes,Reduced Visibility,No,No,Grading,Rainy,Intermediate,3,35.9,57.1
2025-06-10 19:00:00,LOD001,OP1003,3373.0,3.95,4,28.6,Fastened,No,No,Normal,No,No,Trenching,Sunny,Expert,4,44.3,49.1
2025-06-10 19:30:00,EXC005,OP1006,4571.3,3.64,2,34.6,Fastened,No,Yes,Strong Wind,No,No,Trenching,Windy,Expert,7,46.4,56.9
2025-06-10 20:00:00,LOD001,OP1003,3373.5,5.31,8,5.5,Fastened,No,No,Normal,No,No,Trenching,Cloudy,Intermediate,4,45.3,55.9
2025-06-10 20:30:00,EXC004,OP1008,1698.2,6.06,10,23.6,Fastened,No,No,Slippery,No,No,Trenching,Rainy,Expert,5,52.0,61.4
2025-06-10 21:00:00,EXC003,OP1009,2224.7,4.74,6,25.6,Fastened,No,No,Normal,No,No,Trenching,Sunny,Intermediate,3,44.1,46.5
2025-06-10 21:30:00,EXC001,OP1004,1968.4,5.16,8,16.1,Fastened,No,No,Low Visibility,No,No,Grading,Cloudy,Intermediate,2,39.2,42.4
2025-06-10 22:00:00,EXC003,OP1009,2226.5,7.33,13,38.2,Fastened,No,No,Low Visibility,No,No,Earth Excavation,Cloudy,Beginner,3,73.8,78.1
2025-06-10 22:30:00,EXC003,OP1007,2227.9,4.42,6,14.6,Fastened,No,No,Low Visibility,No,No,Demolition,Cloudy,Intermediate,3,94.3,104.8
2025-06-10 23:00:00,EXC001,OP1003,1969.3,7.89,13,54.4,Fastened,Yes,Yes,Reduced Visibility,No,Yes,Material Loading,Rainy,Intermediate,2,32.2,46.6
2025-06-10 23:30:00,EXC002,OP1007,2508.3,6.39,12,31.8,Fastened,No,No,Low Visibility,No,No,Earth Excavation,Cloudy,Expert,4,55.7,61.8
2025-06-11 00:00:00,EXC005,OP1001,4572.2,7.16,12,39.0,Fastened,No,No,Wet Ground,No,No,Earth Excavation,Rainy,Intermediate,7,76.5,86.4
2025-06-11 00:30:00,LOD001,OP1003,3374.3,5.76,11,10.6,Fastened,No,No,Normal,No,No,Material Loading,Sunny,Intermediate,4,34.7,38.0
2025-06-11 01:00:00,LOD002,OP1006,3042.7,7.74,14,39.5,Fastened,Yes,Yes,Reduced Visibility,No,Yes,Material Loading,Rainy,Beginner,6,44.1,62.4
2025-06-11 01:30:00,LOD002,OP1004,3043.7,6.4,12,23.2,Fastened,No,No,Dry Ground,No,No,Earth Excavation,Sunny,Expert,6,57.2,63.7
2025-06-11 02:00:00,EXC005,OP1007,4572.9,6.81,10,75.4,Fastened,No,Yes,Slippery,No,Yes,Earth Excavation,Rainy,Expert,7,68.5,86.9
2025-06-11 02:30:00,EXC003,OP1003,2229.7,6.63,12,20.0,Fastened,No,No,Dusty,No,No,Grading,Windy,Intermediate,3,39.9,41.6
2025-06-11 03:00:00,EXC005,OP1001,4574.7,7.39,13,3.8,Fastened,No,No,Dry Ground,No,No,Earth Excavation,Sunny,Intermediate,7,62.4,64.6
2025-06-11 03:30:00,LOD001,OP1009,3375.7,5.01,6,25.2,Fastened,No,No,Low Visibility,No,No,Demolition,Cloudy,Beginner,4,108.1,107.5
2025-06-11 04:00:00,EXC001,OP1006,1971.3,7.73,15,27.4,Fastened,No,No,Low Visibility,No,No,Material Loading,Cloudy,Intermediate,2,30.6,26.6
2025-06-11 04:30:00,EXC003,OP1008,2231.8,5.51,7,47.0,Fastened,Yes,Yes,Dry Ground,No,Yes,Trenching,Sunny,Beginner,3,51.4,57.1
2025-06-11 05:00:00,LOD001,OP1003,3377.2,4.73,7,18.5,Fastened,Yes,Yes,Normal,No,Yes,Trenching,Cloudy,Intermediate,4,48.6,59.5
2025-06-11 05:30:00,EXC003,OP1008,2233.5,6.18,11,27.3,Fastened,No,No,Normal,No,No,Earth Excavation,Sunny,Expert,3,60.4,65.0
2025-06-11 06:00:00,EXC004,OP1002,1699.0,4.56,5,33.9,Fastened,No,No,Slippery,No,No,Grading,Rainy,Intermediate,5,43.1,56.7
2025-06-11 06:30:00,EXC004,OP1004,1701.3,6.52,12,30.2,Fastened,No,No,Wet Ground,No,No,Earth Excavation,Rainy,Intermediate,5,76.9,91.6
2025-06-11 07:00:00,EXC002,OP1003,2508.5,4.87,8,32.2,Fastened,No,No,Slippery,No,No,Trenching,Rainy,Intermediate,4,53.8,75.9
2025-06-11 07:30:00,EXC003,OP1010,2234.5,9.4,21,24.1,Fastened,No,No,Normal,No,No,Material Loading,Cloudy,Intermediate,3,31.3,29.9
2025-06-11 08:00:00,EXC003,OP1001,2236.3,6.91,13,33.5,Fastened,Yes,Yes,Reduced Visibility,No,Yes,Earth Excavation,Rainy,Intermediate,3,66.5,69.8
2025-06-11 08:30:00,EXC001,OP1007,1971.6,6.96,13,18.3,Unfastened,No,Yes,Dry Ground,No,Yes,Material Loading,Sunny,Beginner,2,37.1,44.0
2025-06-11 09:00:00,EXC001,OP1010,1972.3,3.95,5,6.0,Fastened,No,No,Dry Ground,No,No,Grading,Sunny,Expert,2,30.2,33.8
2025-06-11 09:30:00,LOD001,OP1002,3378.8,5.78,12,23.0,Fastened,No,No,Normal,No,No,Material Loading,Cloudy,Intermediate,4,29.6,31.3
2025-06-11 10:00:00,EXC002,OP1004,2510.0,5.31,5,41.4,Fastened,No,No,Normal,Yes,No,Demolition,Windy,Intermediate,4,98.0,111.1
2025-06-11 10:30:00,EXC004,OP1009,1703.2,5.62,8,43.8,Fastened,No,No,Wet Ground,No,No,Grading,Rainy,Beginner,5,49.7,66.7
2025-06-11 11:00:00,EXC002,OP1006,2512.1,4.75,7,22.3,Fastened,No,No,Low Visibility,No,No,Trenching,Cloudy,Expert,4,41.6,45.9
2025-06-11 11:30:00,LOD002,OP1008,3044.2,4.68,6,44.9,Fastened,No,No,Slippery,No,No,Trenching,Rainy,Intermediate,6,59.8,73.4
2025-06-11 12:00:00,EXC002,OP1002,2512.3,5.29,7,35.1,Fastened,No,No,Dry Ground,No,No,Trenching,Sunny,Expert,4,45.5,44.3
2025-06-11 12:30:00,EXC003,OP1007,2238.1,7.27,13,38.1,Fastened,No,No,Wet Ground,No,No,Material Loading,Rainy,Intermediate,3,33.9,46.9
2025-06-11 13:00:00,LOD002,OP1006,3045.1,6.06,8,27.4,Fastened,No,No,Dry Ground,No,No,Trenching,Sunny,Intermediate,6,40.6,47.8
2025-06-11 13:30:00,LOD001,OP1009,3380.4,4.62,4,38.5,Fastened,No,No,Dry Ground,No,No,Demolition,Sunny,Expert,4,84.6,92.2
2025-06-11 14:00:00,EXC002,OP1007,2512.9,6.49,11,42.6,Unfastened,No,Yes,Normal,No,Yes,Material Loading,Cloudy,Beginner,4,36.0,42.3
2025-06-11 14:30:00,LOD001,OP1001,3381.7,4.43,7,29.1,Fastened,No,No,Normal,No,No,Trenching,Cloudy,Intermediate,4,50.9,58.0
2025-06-11 15:00:00,EXC004,OP1008,1704.6,7.42,16,14.1,Fastened,No,No,Normal,No,No,Material Loading,Cloudy,Intermediate,5,32.5,32.1
2025-06-11 15:30:00,EXC004,OP1010,1706.1,5.08,5,38.5,Fastened,No,No,Low Visibility,No,No,Trenching,Cloudy,Expert,5,47.3,56.3
2025-06-11 16:00:00,EXC001,OP1003,1973.6,4.67,8,12.3,Fastened,No,No,Normal,No,No,Grading,Cloudy,Intermediate,2,38.3,43.0
2025-06-11 16:30:00,EXC001,OP1002,1975.0,6.56,14,20.8,Fastened,No,No,Wet Ground,No,No,Material Loading,Rainy,Intermediate,2,31.4,43.1
2025-06-11 17:00:00,LOD001,OP1003,3382.7,6.58,11,36.8,Fastened,No,Yes,Strong Wind,No,No,Earth Excavation,Windy,Intermediate,4,65.2,74.6
2025-06-11 17:30:00,EXC004,OP1006,1706.5,6.63,13,17.6,Fastened,No,No,Normal,No,No,Earth Excavation,Sunny,Intermediate,5,61.6,67.4
2025-06-11 18:00:00,EXC003,OP1003,2238.5,5.55,9,32.8,Fastened,No,No,Normal,No,No,Demolition,Windy,Intermediate,3,99.6,109.8
2025-06-11 18:30:00,LOD001,OP1010,3383.9,7.09,15,19.0,Fastened,No,No,Normal,No,No,Material Loading,Cloudy,Intermediate,4,31.3,32.3
2025-06-11 19:00:00,LOD001,OP1005,3384.9,6.38,10,42.5,Fastened,No,No,Wet Ground,No,No,Demolition,Rainy,Intermediate,4,109.8,127.8
2025-06-11 19:30:00,EXC001,OP1006,1976.4,6.46,11,25.7,Fastened,No,No,Normal,No,No,Earth Excavation,Cloudy,Intermediate,2,64.5,67.9
2025-06-11 20:00:00,EXC005,OP1008,4575.6,6.45,10,31.4,Fastened,No,No,Normal,No,No,Trenching,Sunny,Intermediate,7,46.9,48.0
2025-06-11 20:30:00,EXC001,OP1007,1978.1,5.19,10,29.1,Fastened,No,No,Dry Ground,No,No,Earth Excavation,Sunny,Intermediate,2,63.2,63.5
2025-06-11 21:00:00,LOD001,OP1008,3387.1,8.24,15,32.7,Fastened,No,Yes,Reduced Visibility,No,No,Material Loading,Rainy,Intermediate,4,32.4,48.2
2025-06-11 21:30:00,EXC005,OP1003,4576.5,6.14,9,28.4,Fastened,No,No,Low Visibility,No,No,Trenching,Cloudy,Expert,7,46.7,55.4
2025-06-11 22:00:00,LOD002,OP1004,3045.8,7.31,12,45.8,Fastened,No,Yes,Reduced Visibility,No,No,Earth Excavation,Rainy,Expert,6,68.4,83.9
2025-06-11 22:30:00,EXC001,OP1006,1978.6,6.64,12,28.4,Fastened,No,No,Normal,No,No,Material Loading,Cloudy,Intermediate,2,32.3,36.1
2025-06-11 23:00:00,EXC001,OP1007,1980.2,5.69,10,13.9,Fastened,No,No,Normal,No,No,Material Loading,Sunny,Expert,2,29.1,32.6
2025-06-11 23:30:00,EXC002,OP1009,2514.1,7.28,13,36.2,Fastened,No,No,Dry Ground,No,No,Earth Excavation,Sunny,Expert,4,58.1,64.8
2025-06-12 00:00:00,EXC002,OP1001,2514.7,7.39,14,46.5,Fastened,No,No,Wet Ground,No,No,Material Loading,Rainy,Intermediate,4,39.0,55.2
2025-06-12 00:30:00,EXC002,OP1008,2516.4,6.06,9,37.0,Fastened,No,No,Normal,Yes,No,Grading,Sunny,Intermediate,4,38.6,44.7
2025-06-12 01:00:00,LOD002,OP1008,3046.3,8.48,15,56.2,Fastened,No,Yes,Reduced Visibility,No,No,Earth Excavation,Rainy,Beginner,6,87.7,105.9
2025-06-12 01:30:00,EXC002,OP1006,2517.9,4.55,5,29.1,Fastened,No,No,Normal,No,No,Trenching,Sunny,Expert,4,37.4,37.2
2025-06-12 02:00:00,EXC002,OP1004,2519.3,5.93,9,47.9,Unfastened,Yes,Yes,Wet Ground,No,Yes,Trenching,Rainy,Intermediate,4,54.2,77.8
2025-06-12 02:30:00,LOD001,OP1003,3389.0,5.55,8,21.1,Fastened,No,No,Dry Ground,No,No,Grading,Sunny,Beginner,4,41.7,39.9
2025-06-12 03:00:00,EXC003,OP1003,2238.8,5.4,9,28.3,Fastened,No,No,Normal,No,No,Grading,Sunny,Intermediate,3,36.5,42.9
2025-06-12 03:30:00,LOD001,OP1006,3391.2,4.71,5,41.9,Fastened,No,No,Low Visibility,No,No,Trenching,Cloudy,Expert,4,46.1,50.9
2025-06-12 04:00:00,EXC001,OP1008,1982.0,4.28,6,23.8,Fastened,No,No,Low Visibility,No,No,Trenching,Cloudy,Intermediate,2,47.7,52.6
2025-06-12 04:30:00,EXC004,OP1007,1707.2,5.35,8,39.6,Fastened,No,No,Normal,No,No,Demolition,Sunny,Expert,5,85.3,86.8
2025-06-12 05:00:00,EXC001,OP1001,1982.7,6.33,10,37.5,Fastened,No,Yes,Strong Wind,No,No,Demolition,Windy,Expert,2,90.6,112.3
2025-06-12 05:30:00,EXC001,OP1006,1983.9,7.55,16,26.6,Fastened,Yes,Yes,Dry Ground,No,Yes,Material Loading,Sunny,Intermediate,2,26.1,31.2
2025-06-12 06:00:00,LOD002,OP1007,3048.4,4.71,7,8.0,Fastened,No,No,Dry Ground,No,No,Demolition,Sunny,Intermediate,6,100.1,99.7
2025-06-12 06:30:00,EXC001,OP1007,1986.0,8.85,21,26.9,Fastened,No,No,Dry Ground,No,No,Material Loading,Sunny,Intermediate,2,30.3,30.2
2025-06-12 07:00:00,EXC004,OP1009,1708.6,5.77,11,29.3,Fastened,No,No,Dry Ground,No,No,Grading,Sunny,Expert,5,37.5,37.4
2025-06-12 07:30:00,EXC003,OP1010,2241.0,4.83,5,24.5,Fastened,Yes,Yes,Normal,No,Yes,Trenching,Cloudy,Expert,3,40.4,54.1
2025-06-12 08:00:00,EXC003,OP1005,2241.2,4.28,3,30.2,Fastened,No,No,Dry Ground,No,No,Trenching,Sunny,Expert,3,39.0,48.5
2025-06-12 08:30:00,LOD002,OP1001,3048.7,6.88,12,41.1,Fastened,No,No,Wet Ground,No,No,Earth Excavation,Rainy,Intermediate,6,72.5,93.0
2025-06-12 09:00:00,EXC001,OP1002,1988.3,5.13,6,44.6,Fastened,No,No,Dry Ground,No,No,Grading,Sunny,Intermediate,2,35.8,35.0
2025-06-12 09:30:00,EXC005,OP1004,4578.5,3.93,4,20.8,Fastened,No,No,Slippery,No,No,Demolition,Rainy,Beginner,7,125.8,139.9
2025-06-12 10:00:00,LOD002,OP1005,3049.9,8.08,15,33.2,Fastened,No,No,Normal,Yes,No,Material Loading,Sunny,Intermediate,6,29.4,33.6
2025-06-12 10:30:00,EXC004,OP1009,1710.5,5.64,10,26.9,Fastened,No,No,Dry Ground,No,No,Trenching,Sunny,Expert,5,43.6,38.8
2025-06-12 11:00:00,LOD002,OP1001,3052.3,5.65,11,12.8,Fastened,No,No,Dry Ground,No,No,Earth Excavation,Sunny,Intermediate,6,67.9,72.7
2025-06-12 11:30:00,EXC001,OP1003,1990.3,6.31,8,72.0,Fastened,No,Yes,Wet Ground,No,Yes,Earth Excavation,Rainy,Beginner,2,85.9,107.1
2025-06-12 12:00:00,EXC003,OP1005,2243.4,6.53,11,34.7,Fastened,No,No,Normal,No,No,Earth Excavation,Cloudy,Beginner,3,72.3,71.6
2025-06-12 12:30:00,EXC002,OP1003,2521.3,7.4,14,43.2,Fastened,No,Yes,Reduced Visibility,No,No,Material Loading,Rainy,Intermediate,4,32.6,52.9
2025-06-12 13:00:00,LOD001,OP1004,3391.8,4.58,7,28.7,Fastened,No,No,Normal,No,No,Demolition,Cloudy,Intermediate,4,95.6,95.5
2025-06-12 13:30:00,LOD002,OP1003,3054.4,6.32,8,43.9,Fastened,Yes,Yes,Reduced Visibility,No,Yes,Earth Excavation,Rainy,Intermediate,6,78.3,104.8
2025-06-12 14:00:00,EXC002,OP1004,2521.9,5.77,9,38.9,Fastened,No,No,Normal,No,No,Earth Excavation,Cloudy,Expert,4,60.9,69.0
2025-06-12 14:30:00,EXC005,OP1001,4580.7,8.29,17,28.6,Fastened,No,No,Normal,No,No,Material Loading,Sunny,Intermediate,7,33.3,41.9
2025-06-12 15:00:00,EXC002,OP1008,2523.2,6.52,9,45.1,Fastened,No,No,Normal,No,No,Trenching,Sunny,Intermediate,4,45.4,46.7
2025-06-12 15:30:00,EXC004,OP1004,1712.3,6.53,9,28.7,Fastened,No,No,Low Visibility,No,No,Demolition,Cloudy,Intermediate,5,100.1,110.7
2025-06-12 16:00:00,EXC004,OP1007,1713.6,3.87,3,25.8,Fastened,No,No,Normal,No,No,Trenching,Cloudy,Expert,5,50.6,48.8
2025-06-12 16:30:00,LOD002,OP1002,3054.9,5.19,5,42.6,Fastened,No,No,Dry Ground,No,No,Trenching,Sunny,Intermediate,6,47.3,51.6
2025-06-12 17:00:00,EXC005,OP1002,4581.6,6.85,14,19.1,Fastened,No,No,Slippery,No,No,Earth Excavation,Rainy,Expert,7,60.5,73.9
2025-06-12 17:30:00,EXC003,OP1006,2245.8,7.1,13,27.0,Fastened,No,No,Low Visibility,No,No,Earth Excavation,Cloudy,Intermediate,3,60.6,68.3
2025-06-12 18:00:00,EXC001,OP1002,1992.7,7.97,16,24.5,Fastened,No,No,Normal,No,No,Material Loading,Cloudy,Intermediate,2,31.7,31.3
2025-06-12 18:30:00,EXC001,OP1006,1993.6,5.7,11,23.2,Fastened,No,No,Normal,No,No,Earth Excavation,Sunny,Beginner,2,69.9,71.0
2025-06-12 19:00:00,EXC002,OP1002,2525.7,4.15,6,13.5,Unfastened,No,Yes,Low Visibility,Yes,Yes,Trenching,Cloudy,Beginner,4,59.5,60.7
2025-06-12 19:30:00,EXC002,OP1004,2527.8,8.4,15,43.6,Fastened,No,No,Normal,No,No,Material Loading,Sunny,Expert,4,26.3,33.3
2025-06-12 20:00:00,LOD001,OP1007,3393.4,5.58,10,15.9,Unfastened,No,Yes,Normal,No,Yes,Earth Excavation,Sunny,Intermediate,4,61.9,69.0
2025-06-12 20:30:00,EXC004,OP1008,1713.9,7.98,13,46.9,Fastened,No,No,Wet Ground,No,No,Earth Excavation,Rainy,Intermediate,5,70.5,76.9
2025-06-12 21:00:00,EXC004,OP1003,1716.2,7.39,15,17.2,Fastened,No,No,Normal,No,No,Material Loading,Sunny,Intermediate,5,33.8,37.8
2025-06-12 21:30:00,EXC001,OP1009,1995.1,5.24,7,42.8,Unfastened,No,Yes,Dry Ground,No,Yes,Grading,Sunny,Expert,2,29.5,47.9
2025-06-12 22:00:00,LOD002,OP1002,3057.0,5.75,8,25.1,Unfastened,No,Yes,Normal,No,Yes,Demolition,Sunny,Expert,6,85.2,95.1
2025-06-12 22:30:00,LOD001,OP1008,3395.5,8.07,15,18.8,Fastened,No,No,Dry Ground,No,No,Earth Excavation,Sunny,Intermediate,4,57.8,61.0
2025-06-12 23:00:00,EXC001,OP1008,1997.2,7.61,15,25.6,Fastened,No,No,Normal,No,No,Earth Excavation,Sunny,Intermediate,2,59.6,58.6
2025-06-12 23:30:00,EXC005,OP1004,4583.4,6.97,13,18.5,Fastened,No,No,Dry Ground,No,No,Earth Excavation,Sunny,Expert,7,62.8,61.1
2025-06-13 00:00:00,EXC004,OP1001,1717.0,5.63,9,6.1,Fastened,No,No,Low Visibility,Yes,No,Trenching,Cloudy,Expert,5,49.1,52.3
2025-06-13 00:30:00,EXC001,OP1001,1998.2,6.78,12,21.3,Fastened,No,No,Normal,No,No,Material Loading,Cloudy,Intermediate,2,33.5,34.0
2025-06-13 01:00:00,EXC004,OP1002,1717.9,5.58,8,27.2,Fastened,No,Yes,Strong Wind,No,No,Grading,Windy,Beginner,5,47.0,55.2
2025-06-13 01:30:00,EXC004,OP1009,1718.2,5.91,9,30.1,Fastened,No,No,Dry Ground,No,No,Grading,Sunny,Expert,5,31.2,38.4
2025-06-13 02:00:00,EXC002,OP1002,2529.3,7.17,13,27.3,Fastened,No,No,Dry Ground,No,No,Earth Excavation,Sunny,Intermediate,4,63.0,64.3
2025-06-13 02:30:00,LOD002,OP1002,3058.9,6.64,13,30.5,Unfastened,Yes,Yes,Normal,No,Yes,Material Loading,Cloudy,Beginner,6,38.2,47.7
2025-06-13 03:00:00,LOD001,OP1006,3397.7,3.7,6,2.6,Fastened,No,No,Normal,No,No,Demolition,Sunny,Expert,4,84.3,76.5
2025-06-13 03:30:00,EXC005,OP1007,4583.9,6.05,9,31.7,Fastened,No,Yes,Reduced Visibility,No,No,Trenching,Rainy,Intermediate,7,57.8,76.5
2025-06-13 04:00:00,EXC004,OP1007,1719.6,7.35,15,26.7,Fastened,No,No,Normal,No,No,Material Loading,Cloudy,Expert,5,26.4,31.8
2025-06-13 04:30:00,EXC003,OP1009,2246.1,4.96,7,27.9,Fastened,No,No,Dry Ground,No,No,Demolition,Sunny,Intermediate,3,100.4,99.9
2025-06-13 05:00:00,EXC005,OP1006,4584.4,6.41,8,59.5,Fastened,No,No,Wet Ground,No,No,Grading,Rainy,Expert,7,43.6,55.1
2025-06-13 05:30:00,EXC004,OP1008,1720.0,5.0,9,12.6,Fastened,No,No,Normal,No,No,Grading,Sunny,Intermediate,5,34.3,28.7
2025-06-13 06:00:00,EXC001,OP1006,2000.1,6.07,10,28.7,Fastened,No,Yes,Strong Wind,No,No,Earth Excavation,Windy,Expert,2,59.8,66.3
2025-06-13 06:30:00,EXC004,OP1002,1720.3,4.72,7,40.0,Fastened,No,No,Wet Ground,No,No,Trenching,Rainy,Intermediate,5,52.5,63.8
2025-06-13 07:00:00,LOD001,OP1001,3399.5,5.8,10,25.2,Fastened,No,No,Low Visibility,No,No,Earth Excavation,Cloudy,Beginner,4,75.8,80.1
2025-06-13 07:30:00,EXC004,OP1005,1721.1,6.12,13,13.9,Fastened,No,No,Normal,No,No,Material Loading,Sunny,Intermediate,5,31.2,36.4
2025-06-13 08:00:00,EXC001,OP1009,2002.3,6.65,12,39.3,Fastened,No,No,Dry Ground,No,No,Earth Excavation,Sunny,Expert,2,49.4,50.8
2025-06-13 08:30:00,LOD001,OP1008,3401.6,7.98,15,30.6,Fastened,No,No,Dry Ground,No,No,Grading,Sunny,Intermediate,4,33.6,39.1
2025-06-13 09:00:00,EXC002,OP1004,2531.7,6.23,11,35.6,Fastened,No,No,Normal,No,No,Grading,Sunny,Intermediate,4,40.4,44.3
2025-06-13 09:30:00,EXC002,OP1005,2534.0,4.62,10,2.0,Fastened,No,No,Low Visibility,No,No,Material Loading,Cloudy,Intermediate,4,31.5,32.9
2025-06-13 10:00:00,EXC002,OP1005,2536.3,7.12,12,51.1,Fastened,Yes,Yes,Normal,No,Yes,Earth Excavation,Windy,Beginner,4,76.8,94.3
2025-06-13 10:30:00,EXC003,OP1006,2248.2,5.25,10,13.1,Fastened,No,No,Dry Ground,No,No,Earth Excavation,Sunny,Intermediate,3,63.8,61.5
2025-06-13 11:00:00,LOD001,OP1003,3403.4,5.14,7,32.9,Unfastened,No,Yes,Normal,No,Yes,Grading,Cloudy,Expert,4,36.6,45.8
2025-06-13 11:30:00,EXC004,OP1005,1721.7,7.61,16,16.9,Fastened,No,No,Normal,No,No,Material Loading,Cloudy,Intermediate,5,32.2,33.4
2025-06-13 12:00:00,EXC002,OP1002,2537.1,6.66,10,52.7,Fastened,No,Yes,Reduced Visibility,No,No,Grading,Rainy,Intermediate,4,35.4,57.1
2025-06-13 12:30:00,LOD002,OP1010,3059.5,7.84,14,29.3,Fastened,No,No,Dry Ground,No,No,Trenching,Sunny,Expert,6,40.5,38.9
2025-06-13 13:00:00,LOD002,OP1001,3061.1,7.35,14,31.2,Fastened,No,No,Dry Ground,No,No,Material Loading,Sunny,Intermediate,6,25.4,24.9
2025-06-13 13:30:00,LOD002,OP1001,3062.5,5.87,9,29.6,Fastened,No,No,Slippery,No,No,Grading,Rainy,Intermediate,6,38.5,43.0
2025-06-13 14:00:00,EXC002,OP1010,2539.3,8.51,17,44.3,Fastened,No,Yes,Reduced Visibility,Yes,No,Material Loading,Rainy,Intermediate,4,36.1,44.5
2025-06-13 14:30:00,EXC004,OP1007,1724.1,8.31,15,40.2,Fastened,No,No,Normal,No,No,Material Loading,Windy,Intermediate,5,34.2,45.5
2025-06-13 15:00:00,LOD002,OP1002,3063.6,5.78,7,50.6,Fastened,No,No,Slippery,No,No,Grading,Rainy,Intermediate,6,46.5,66.4
2025-06-13 15:30:00,LOD001,OP1004,3404.7,5.61,9,18.7,Fastened,No,No,Dry Ground,No,No,Earth Excavation,Sunny,Intermediate,4,62.3,65.4
2025-06-13 16:00:00,EXC001,OP1005,2004.7,6.53,11,32.0,Fastened,No,No,Low Visibility,No,No,Earth Excavation,Cloudy,Expert,2,54.1,58.3
2025-06-13 16:30:00,EXC001,OP1007,2005.6,6.86,16,19.3,Fastened,No,No,Normal,No,No,Material Loading,Sunny,Intermediate,2,34.2,39.6
2025-06-13 17:00:00,EXC004,OP1002,1726.1,8.2,15,39.0,Fastened,Yes,Yes,Normal,No,Yes,Earth Excavation,Cloudy,Beginner,5,79.9,91.4
2025-06-13 17:30:00,LOD002,OP1006,3064.3,6.65,12,18.3,Fastened,No,No,Normal,No,No,Grading,Cloudy,Expert,6,37.1,40.8
2025-06-13 18:00:00,EXC004,OP1001,1727.9,5.54,11,4.1,Fastened,No,No,Normal,No,No,Grading,Cloudy,Intermediate,5,37.7,33.3
2025-06-13 18:30:00,EXC004,OP1007,1728.7,6.3,9,32.8,Fastened,No,No,Dusty,No,No,Demolition,Windy,Expert,5,90.9,105.1
2025-06-13 19:00:00,EXC001,OP1009,2007.8,8.33,16,37.0,Fastened,No,No,Low Visibility,No,No,Material Loading,Cloudy,Intermediate,2,27.9,30.8
2025-06-13 19:30:00,EXC005,OP1005,4585.9,5.94,9,33.3,Unfastened,No,Yes,Normal,No,Yes,Earth Excavation,Sunny,Beginner,7,71.5,82.1
2025-06-13 20:00:00,LOD001,OP1005,3405.4,5.77,11,35.9,Fastened,No,No,Normal,No,No,Earth Excavation,Sunny,Intermediate,4,61.1,56.1
2025-06-13 20:30:00,EXC003,OP1004,2248.9,5.81,8,50.4,Fastened,No,Yes,Reduced Visibility,No,No,Grading,Rainy,Intermediate,3,37.5,60.0
2025-06-13 21:00:00,LOD001,OP1003,3406.7,6.58,15,2.0,Unfastened,Yes,Yes,Dry Ground,No,Yes,Earth Excavation,Sunny,Intermediate,4,61.4,69.7
2025-06-13 21:30:00,LOD002,OP1009,3066.8,4.27,7,23.2,Fastened,Yes,Yes,Dry Ground,Yes,Yes,Grading,Sunny,Intermediate,6,36.3,43.2
2025-06-13 22:00:00,EXC002,OP1005,2541.3,5.55,7,41.1,Fastened,Yes,Yes,Dry Ground,No,Yes,Grading,Sunny,Intermediate,4,40.2,55.1
2025-06-13 22:30:00,EXC004,OP1008,1730.0,5.53,8,11.3,Fastened,No,No,Low Visibility,No,No,Trenching,Cloudy,Intermediate,5,43.8,46.5
2025-06-13 23:00:00,EXC002,OP1009,2542.3,6.55,12,26.6,Fastened,No,No,Dry Ground,No,No,Trenching,Sunny,Intermediate,4,47.3,46.3
2025-06-13 23:30:00,LOD001,OP1005,3408.2,7.87,16,23.0,Fastened,No,No,Dusty,No,No,Material Loading,Windy,Intermediate,4,29.6,39.2
2025-06-14 00:00:00,EXC004,OP1010,1731.9,7.14,9,65.6,Fastened,No,No,Normal,No,No,Demolition,Windy,Intermediate,5,96.2,107.5
2025-06-14 00:30:00,EXC005,OP1009,4587.9,5.65,9,16.9,Fastened,No,Yes,Strong Wind,No,No,Earth Excavation,Windy,Intermediate,7,67.9,78.3
2025-06-14 01:00:00,LOD001,OP1002,3409.1,5.47,8,41.9,Fastened,No,No,Dry Ground,No,No,Demolition,Sunny,Beginner,4,107.7,116.6
2025-06-14 01:30:00,EXC003,OP1009,2250.8,6.75,12,67.4,Unfastened,No,Yes,Dusty,No,Yes,Material Loading,Windy,Beginner,3,42.2,56.9
2025-06-14 02:00:00,LOD002,OP1004,3068.5,5.44,8,15.1,Fastened,Yes,Yes,Dusty,No,Yes,Demolition,Windy,Intermediate,6,102.2,114.7
2025-06-14 02:30:00,EXC004,OP1006,1734.3,4.95,8,3.9,Fastened,No,No,Normal,No,No,Earth Excavation,Windy,Intermediate,5,66.4,73.0
2025-06-14 03:00:00,EXC001,OP1006,2010.1,6.26,11,18.9,Fastened,No,No,Normal,No,No,Earth Excavation,Cloudy,Intermediate,2,60.9,60.8
2025-06-14 03:30:00,EXC005,OP1006,4589.9,3.95,4,49.6,Unfastened,No,Yes,Reduced Visibility,Yes,Yes,Grading,Rainy,Expert,7,37.2,54.1
2025-06-14 04:00:00,LOD001,OP1002,3411.0,4.92,4,33.5,Fastened,No,No,Normal,No,No,Demolition,Sunny,Intermediate,4,83.0,86.6
2025-06-14 04:30:00,EXC003,OP1007,2251.6,3.54,4,21.2,Fastened,No,Yes,Reduced Visibility,No,No,Trenching,Rainy,Intermediate,3,50.8,56.7
2025-06-14 05:00:00,LOD001,OP1006,3413.1,6.2,11,8.8,Fastened,No,No,Dry Ground,No,No,Grading,Sunny,Expert,4,35.2,32.7
2025-06-14 05:30:00,LOD002,OP1001,3069.6,4.18,7,15.5,Fastened,No,No,Dry Ground,No,No,Demolition,Sunny,Expert,6,78.5,79.3
2025-06-14 06:00:00,EXC002,OP1002,2543.1,5.76,10,30.2,Fastened,No,No,Dusty,No,No,Earth Excavation,Windy,Expert,4,59.4,69.5
2025-06-14 06:30:00,LOD002,OP1007,3070.7,7.17,15,13.8,Fastened,No,No,Dry Ground,No,No,Material Loading,Sunny,Beginner,6,35.7,39.6
2025-06-14 07:00:00,EXC001,OP1001,2012.2,3.09,4,9.1,Fastened,No,No,Normal,No,No,Demolition,Sunny,Intermediate,2,93.9,93.9
2025-06-14 07:30:00,EXC002,OP1001,2543.7,5.51,8,46.5,Fastened,No,No,Normal,No,No,Trenching,Windy,Expert,4,45.8,55.9
2025-06-14 08:00:00,EXC002,OP1001,2544.9,5.88,7,39.9,Fastened,No,Yes,Strong Wind,No,No,Trenching,Windy,Expert,4,46.8,58.7
2025-06-14 08:30:00,LOD002,OP1008,3072.1,7.97,15,42.6,Fastened,No,No,Normal,No,No,Grading,Sunny,Intermediate,6,34.9,40.6
2025-06-14 09:00:00,EXC005,OP1004,4590.2,8.47,12,63.9,Fastened,No,No,Slippery,No,No,Trenching,Rainy,Beginner,7,58.4,75.0
2025-06-14 09:30:00,EXC001,OP1004,2012.9,7.28,14,19.5,Fastened,No,No,Dry Ground,No,No,Earth Excavation,Sunny,Expert,2,53.5,53.1
2025-06-14 10:00:00,EXC003,OP1002,2253.7,4.25,7,28.1,Fastened,No,No,Normal,No,No,Demolition,Sunny,Intermediate,3,92.3,92.9
2025-06-14 10:30:00,EXC005,OP1001,4592.3,7.73,16,17.6,Fastened,No,No,Normal,No,No,Material Loading,Sunny,Intermediate,7,35.6,36.6
2025-06-14 11:00:00,EXC001,OP1010,2013.8,6.94,13,39.2,Fastened,No,No,Dry Ground,No,No,Grading,Sunny,Intermediate,2,31.4,34.4
2025-06-14 11:30:00,LOD002,OP1009,3074.3,5.59,10,20.1,Fastened,No,No,Dry Ground,No,No,Grading,Sunny,Intermediate,6,43.4,45.3
2025-06-14 12:00:00,LOD001,OP1007,3415.1,6.85,12,20.0,Fastened,No,No,Dry Ground,No,No,Earth Excavation,Sunny,Intermediate,4,62.9,69.5
2025-06-14 12:30:00,EXC004,OP1004,1735.5,6.35,10,28.1,Unfastened,No,Yes,Dusty,No,Yes,Earth Excavation,Windy,Intermediate,5,65.8,74.5
2025-06-14 13:00:00,LOD002,OP1006,3076.2,5.47,6,23.2,Fastened,No,No,Low Visibility,No,No,Trenching,Cloudy,Expert,6,41.8,42.5
2025-06-14 13:30:00,EXC003,OP1002,2256.2,4.7,7,24.3,Fastened,No,No,Dusty,Yes,No,Trenching,Windy,Intermediate,3,49.6,57.6
2025-06-14 14:00:00,LOD002,OP1007,3077.5,6.13,8,48.0,Fastened,No,No,Slippery,No,No,Material Loading,Rainy,Intermediate,6,36.4,59.0
2025-06-14 14:30:00,EXC005,OP1002,4593.0,7.51,14,34.4,Fastened,No,No,Dry Ground,No,No,Material Loading,Sunny,Expert,7,28.9,43.8
2025-06-14 15:00:00,EXC005,OP1010,4595.4,6.7,14,2.8,Fastened,No,No,Normal,No,No,Material Loading,Windy,Intermediate,7,36.6,34.8
2025-06-14 15:30:00,EXC002,OP1008,2546.5,7.75,14,36.3,Fastened,No,No,Normal,No,No,Earth Excavation,Windy,Intermediate,4,65.4,74.2
2025-06-14 16:00:00,LOD002,OP1008,3077.9,7.77,11,50.2,Fastened,No,No,Normal,No,No,Trenching,Sunny,Intermediate,6,48.0,55.6
2025-06-14 16:30:00,EXC003,OP1001,2257.7,9.87,21,31.8,Fastened,Yes,Yes,Normal,No,Yes,Material Loading,Sunny,Beginner,3,34.5,47.5
2025-06-14 17:00:00,EXC002,OP1008,2547.8,8.44,16,37.4,Fastened,No,No,Wet Ground,No,No,Material Loading,Rainy,Beginner,4,46.2,58.1
2025-06-14 17:30:00,EXC001,OP1002,2015.9,6.51,12,30.2,Fastened,No,Yes,Reduced Visibility,No,No,Earth Excavation,Rainy,Intermediate,2,65.0,78.9
2025-06-14 18:00:00,EXC004,OP1006,1736.9,7.6,13,39.7,Fastened,No,No,Normal,No,No,Material Loading,Windy,Expert,5,37.1,49.6
2025-06-14 18:30:00,EXC004,OP1001,1737.7,5.91,9,18.7,Fastened,No,No,Dry Ground,No,No,Earth Excavation,Sunny,Expert,5,54.0,55.7
2025-06-14 19:00:00,LOD001,OP1005,3416.9,5.58,10,24.2,Fastened,No,No,Dry Ground,No,No,Trenching,Sunny,Beginner,4,50.6,49.9
2025-06-14 19:30:00,LOD002,OP1007,3079.3,5.8,9,27.5,Fastened,No,No,Normal,No,No,Grading,Cloudy,Intermediate,6,37.3,40.9
2025-06-14 20:00:00,EXC001,OP1010,2016.7,6.68,13,27.9,Fastened,No,No,Normal,No,No,Earth Excavation,Cloudy,Beginner,2,73.1,77.9
2025-06-14 20:30:00,LOD001,OP1001,3418.4,7.2,15,21.6,Fastened,No,No,Dry Ground,No,No,Material Loading,Sunny,Intermediate,4,30.1,35.8
2025-06-14 21:00:00,EXC002,OP1002,2549.9,5.18,8,8.0,Fastened,No,No,Normal,No,No,Trenching,Sunny,Intermediate,4,48.6,53.0
2025-06-14 21:30:00,LOD001,OP1007,3418.6,6.63,12,31.8,Fastened,No,No,Low Visibility,No,No,Earth Excavation,Cloudy,Expert,4,56.5,64.5
2025-06-14 22:00:00,LOD001,OP1006,3420.3,7.07,13,26.6,Fastened,Yes,Yes,Slippery,No,Yes,Earth Excavation,Rainy,Beginner,4,80.6,97.6
2025-06-14 22:30:00,EXC004,OP1003,1738.7,5.59,9,15.7,Fastened,No,No,Dry Ground,No,No,Demolition,Sunny,Beginner,5,105.9,104.1
2025-06-14 23:00:00,LOD001,OP1010,3421.2,6.1,11,23.8,Fastened,No,No,Normal,No,No,Material Loading,Cloudy,Intermediate,4,35.9,43.6
2025-06-14 23:30:00,EXC003,OP1002,2258.8,4.6,8,21.4,Fastened,No,No,Wet Ground,No,No,Demolition,Rainy,Intermediate,3,107.8,126.5
2025-06-15 00:00:00,EXC004,OP1010,1739.7,6.96,11,56.4,Fastened,Yes,Yes,Normal,No,Yes,Material Loading,Windy,Expert,5,27.1,44.9
2025-06-15 00:30:00,LOD001,OP1004,3423.3,8.05,16,26.7,Fastened,No,No,Dry Ground,No,No,Material Loading,Sunny,Expert,4,26.7,26.7
2025-06-15 01:00:00,EXC004,OP1003,1740.5,5.8,8,39.3,Fastened,No,No,Dry Ground,No,No,Trenching,Sunny,Beginner,5,50.4,56.2
2025-06-15 01:30:00,EXC003,OP1007,2260.7,4.32,7,30.0,Fastened,No,Yes,Strong Wind,No,No,Trenching,Windy,Intermediate,3,58.2,63.0
2025-06-15 02:00:00,EXC004,OP1008,1740.9,6.6,11,25.8,Fastened,No,No,Dry Ground,No,No,Earth Excavation,Sunny,Expert,5,57.2,59.1
2025-06-15 02:30:00,LOD001,OP1002,3425.7,5.6,8,46.0,Fastened,No,No,Slippery,No,No,Trenching,Rainy,Expert,4,42.5,55.9
2025-06-15 03:00:00,EXC003,OP1010,2262.3,6.11,10,28.1,Unfastened,No,Yes,Low Visibility,No,Yes,Trenching,Cloudy,Expert,3,38.9,45.9
2025-06-15 03:30:00,EXC002,OP1007,2551.8,7.38,14,21.3,Fastened,No,No,Normal,No,No,Earth Excavation,Sunny,Intermediate,4,58.6,62.0
2025-06-15 04:00:00,LOD001,OP1008,3426.6,7.79,14,42.5,Fastened,No,No,Normal,No,No,Earth Excavation,Cloudy,Intermediate,4,65.1,76.1
2025-06-15 04:30:00,LOD001,OP1006,3427.7,5.65,8,14.0,Fastened,No,No,Low Visibility,No,No,Earth Excavation,Cloudy,Intermediate,4,59.2,64.2
2025-06-15 05:00:00,EXC001,OP1006,2017.4,5.47,9,11.9,Fastened,No,No,Low Visibility,No,No,Trenching,Cloudy,Intermediate,2,43.2,42.1
2025-06-15 05:30:00,EXC002,OP1010,2554.1,5.13,9,13.3,Fastened,No,No,Dry Ground,No,No,Material Loading,Sunny,Expert,4,27.3,31.6
2025-06-15 06:00:00,EXC001,OP1001,2018.7,2.79,1,26.3,Fastened,No,No,Normal,No,No,Demolition,Windy,Intermediate,2,98.9,103.2
2025-06-15 06:30:00,EXC003,OP1004,2263.9,5.82,10,25.3,Fastened,No,No,Dry Ground,No,No,Trenching,Sunny,Intermediate,3,44.7,44.4
2025-06-15 07:00:00,EXC004,OP1001,1742.8,4.98,8,15.7,Fastened,No,No,Normal,No,No,Earth Excavation,Cloudy,Intermediate,5,63.6,66.9
2025-06-15 07:30:00,LOD001,OP1004,3428.8,5.4,7,37.9,Fastened,No,No,Normal,No,No,Trenching,Windy,Expert,4,41.2,47.4
2025-06-15 08:00:00,EXC005,OP1002,4597.2,5.91,10,32.5,Unfastened,No,Yes,Normal,No,Yes,Demolition,Sunny,Beginner,7,112.1,114.5
2025-06-15 08:30:00,EXC005,OP1005,4599.0,8.36,13,56.9,Fastened,Yes,Yes,Wet Ground,Yes,Yes,Earth Excavation,Rainy,Intermediate,7,67.8,85.1
2025-06-15 09:00:00,EXC003,OP1010,2265.8,7.42,15,23.8,Fastened,No,No,Normal,No,No,Material Loading,Windy,Intermediate,3,32.9,40.5
2025-06-15 09:30:00,LOD001,OP1009,3430.1,8.46,14,57.1,Fastened,No,No,Normal,No,No,Material Loading,Sunny,Beginner,4,41.2,40.6
2025-06-15 10:00:00,EXC004,OP1010,1743.9,6.54,12,38.7,Fastened,No,No,Dry Ground,No,No,Earth Excavation,Sunny,Intermediate,5,61.9,73.7
2025-06-15 10:30:00,LOD002,OP1003,3080.1,4.73,6,40.2,Fastened,No,No,Dusty,No,No,Trenching,Windy,Intermediate,6,47.3,55.2
2025-06-15 11:00:00,EXC005,OP1008,4601.1,6.33,10,18.6,Fastened,No,No,Dry Ground,No,No,Earth Excavation,Sunny,Expert,7,57.4,58.9
2025-06-15 11:30:00,EXC001,OP1003,2020.3,4.21,7,10.2,Fastened,No,No,Normal,No,No,Demolition,Sunny,Intermediate,2,90.9,93.3
2025-06-15 12:00:00,EXC005,OP1006,4602.3,7.88,15,45.6,Fastened,No,No,Normal,No,No,Material Loading,Windy,Intermediate,7,35.2,46.6
2025-06-15 12:30:00,EXC003,OP1004,2268.1,7.93,14,41.5,Fastened,No,Yes,Reduced Visibility,Yes,No,Material Loading,Rainy,Expert,3,32.5,54.4
2025-06-15 13:00:00,EXC005,OP1008,4602.6,5.51,9,25.0,Fastened,No,No,Dusty,No,No,Material Loading,Windy,Expert,7,34.1,45.0
2025-06-15 13:30:00,EXC001,OP1006,2022.5,8.83,18,45.5,Fastened,Yes,Yes,Dry Ground,No,Yes,Material Loading,Sunny,Intermediate,2,29.1,34.8
2025-06-15 14:00:00,EXC002,OP1008,2556.6,7.87,17,21.6,Fastened,No,No,Dry Ground,No,No,Material Loading,Sunny,Intermediate,4,28.7,31.0
2025-06-15 14:30:00,LOD001,OP1001,3432.3,6.91,11,41.8,Fastened,No,No,Dry Ground,No,No,Earth Excavation,Sunny,Intermediate,4,60.0,63.7
2025-06-15 15:00:00,EXC002,OP1006,2558.7,6.18,10,33.0,Fastened,No,No,Normal,No,No,Trenching,Cloudy,Intermediate,4,46.2,49.5
2025-06-15 15:30:00,LOD001,OP1001,3433.4,6.69,11,30.9,Fastened,No,No,Low Visibility,No,No,Earth Excavation,Cloudy,Expert,4,58.7,68.4
2025-06-15 16:00:00,EXC002,OP1001,2559.4,5.53,10,26.7,Fastened,No,No,Dry Ground,No,No,Grading,Sunny,Expert,4,28.6,33.1
2025-06-15 16:30:00,EXC005,OP1008,4604.5,5.46,7,33.7,Fastened,No,No,Normal,No,No,Earth Excavation,Sunny,Intermediate,7,61.4,68.9
2025-06-15 17:00:00,EXC005,OP1007,4605.4,7.82,15,27.9,Fastened,No,No,Normal,No,No,Material Loading,Cloudy,Beginner,7,38.2,44.3
2025-06-15 17:30:00,EXC004,OP1003,1744.5,6.59,11,47.4,Fastened,No,No,Normal,No,No,Earth Excavation,Cloudy,Beginner,5,78.2,86.3
2025-06-15 18:00:00,EXC002,OP1006,2561.4,4.55,7,23.6,Fastened,Yes,Yes,Normal,No,Yes,Demolition,Sunny,Intermediate,4,90.9,102.2
2025-06-15 18:30:00,EXC002,OP1009,2562.3,6.58,12,27.5,Fastened,No,No,Dusty,No,No,Trenching,Windy,Intermediate,4,51.6,64.5
2025-06-15 19:00:00,EXC001,OP1007,2024.8,4.76,7,27.2,Fastened,No,No,Dry Ground,No,No,Trenching,Sunny,Intermediate,2,45.3,43.3
2025-06-15 19:30:00,EXC002,OP1003,2564.5,5.37,5,51.0,Fastened,No,No,Slippery,No,No,Demolition,Rainy,Intermediate,4,109.2,126.9
2025-06-15 20:00:00,EXC005,OP1006,4607.6,4.95,6,18.0,Fastened,No,No,Dusty,No,No,Trenching,Windy,Intermediate,7,52.2,51.7
2025-06-15 20:30:00,LOD002,OP1004,3082.0,2.99,3,2.0,Fastened,No,No,Normal,No,No,Demolition,Cloudy,Intermediate,6,98.3,99.5
2025-06-15 21:00:00,LOD002,OP1003,3084.3,7.13,13,33.6,Fastened,No,No,Dry Ground,No,No,Earth Excavation,Sunny,Intermediate,6,71.3,77.3
2025-06-15 21:30:00,LOD001,OP1009,3435.4,5.64,9,19.5,Fastened,No,No,Normal,No,No,Trenching,Sunny,Intermediate,4,55.6,62.8
2025-06-15 22:00:00,LOD001,OP1010,3437.0,8.06,15,37.9,Fastened,No,Yes,Strong Wind,No,No,Material Loading,Windy,Expert,4,29.5,41.0
2025-06-15 22:30:00,EXC005,OP1002,4608.4,6.69,9,44.2,Fastened,Yes,Yes,Normal,No,Yes,Demolition,Sunny,Intermediate,7,93.5,97.7
2025-06-15 23:00:00,EXC002,OP1001,2566.7,7.48,14,37.8,Unfastened,No,Yes,Wet Ground,No,Yes,Earth Excavation,Rainy,Intermediate,4,72.5,95.1
2025-06-15 23:30:00,LOD002,OP1002,3086.4,4.88,7,14.4,Fastened,Yes,Yes,Strong Wind,Yes,Yes,Demolition,Windy,Intermediate,6,104.8,114.8
2025-06-16 00:00:00,EXC005,OP1007,4609.7,7.7,16,36.7,Fastened,No,No,Normal,No,No,Material Loading,Windy,Intermediate,7,38.6,53.1
2025-06-16 00:30:00,EXC004,OP1010,1744.8,7.06,15,19.8,Fastened,No,No,Normal,No,No,Grading,Cloudy,Intermediate,5,31.1,30.1
2025-06-16 01:00:00,EXC001,OP1001,2026.4,5.57,5,68.6,Fastened,No,No,Wet Ground,No,No,Trenching,Rainy,Intermediate,2,51.6,67.7
2025-06-16 01:30:00,EXC003,OP1006,2268.4,6.65,13,34.5,Fastened,No,Yes,Strong Wind,No,No,Earth Excavation,Windy,Intermediate,3,65.2,76.5
2025-06-16 02:00:00,EXC004,OP1007,1747.1,4.38,7,23.0,Fastened,No,No,Dry Ground,No,No,Demolition,Sunny,Intermediate,5,92.1,89.4
2025-06-16 02:30:00,LOD002,OP1009,3088.8,5.71,9,13.5,Fastened,Yes,Yes,Normal,Yes,Yes,Demolition,Sunny,Intermediate,6,90.9,102.2
2025-06-16 03:00:00,EXC004,OP1008,1747.8,6.66,13,19.6,Fastened,No,No,Dry Ground,No,No,Material Loading,Sunny,Intermediate,5,30.8,28.4
2025-06-16 03:30:00,EXC003,OP1006,2270.2,6.12,12,22.1,Fastened,No,No,Normal,No,No,Earth Excavation,Sunny,Expert,3,57.7,67.3
2025-06-16 04:00:00,LOD002,OP1003,3089.2,5.91,10,40.3,Fastened,No,No,Slippery,Yes,No,Earth Excavation,Rainy,Intermediate,6,69.4,79.1
2025-06-16 04:30:00,EXC001,OP1008,2028.3,4.87,10,10.0,Fastened,No,No,Normal,No,No,Material Loading,Cloudy,Intermediate,2,31.8,29.6
2025-06-16 05:00:00,EXC003,OP1007,2271.2,7.81,15,46.4,Fastened,No,No,Slippery,No,No,Earth Excavation,Rainy,Intermediate,3,72.3,89.3
2025-06-16 05:30:00,EXC001,OP1003,2030.1,4.48,6,26.8,Fastened,No,No,Slippery,No,No,Trenching,Rainy,Intermediate,2,57.7,59.6
2025-06-16 06:00:00,LOD001,OP1009,3438.1,4.94,5,33.0,Fastened,No,No,Low Visibility,No,No,Trenching,Cloudy,Beginner,4,57.3,57.9
2025-06-16 06:30:00,LOD002,OP1002,3089.7,5.61,8,35.2,Fastened,No,No,Normal,No,No,Grading,Cloudy,Intermediate,6,38.0,50.9
2025-06-16 07:00:00,EXC002,OP1003,2567.8,7.44,16,13.9,Unfastened,No,Yes,Normal,No,Yes,Earth Excavation,Sunny,Expert,4,57.1,65.7
2025-06-16 07:30:00,LOD001,OP1002,3438.5,8.85,18,44.6,Fastened,No,Yes,Reduced Visibility,No,No,Material Loading,Rainy,Intermediate,4,38.2,52.7
2025-06-16 08:00:00,EXC002,OP1001,2569.4,6.01,14,9.4,Fastened,No,No,Normal,No,No,Material Loading,Sunny,Intermediate,4,31.6,32.2
2025-06-16 08:30:00,LOD002,OP1004,3090.0,7.81,17,12.9,Fastened,No,No,Low Visibility,No,No,Material Loading,Cloudy,Intermediate,6,35.1,39.0
2025-06-16 09:00:00,LOD001,OP1005,3440.0,4.7,5,31.8,Fastened,No,No,Dry Ground,No,No,Trenching,Sunny,Intermediate,4,45.8,50.6
2025-06-16 09:30:00,LOD001,OP1006,3442.2,6.56,9,62.6,Fastened,No,No,Dusty,No,No,Trenching,Windy,Beginner,4,61.7,75.2
2025-06-16 10:00:00,EXC001,OP1005,2032.2,5.37,8,24.0,Fastened,No,No,Normal,No,No,Grading,Windy,Expert,2,33.2,38.7
2025-06-16 10:30:00,LOD002,OP1001,3092.3,7.43,11,52.5,Fastened,No,No,Normal,No,No,Grading,Cloudy,Intermediate,6,36.2,45.6
2025-06-16 11:00:00,LOD001,OP1003,3444.5,4.08,6,26.3,Fastened,No,No,Normal,No,No,Grading,Cloudy,Expert,4,32.3,41.0
2025-06-16 11:30:00,EXC002,OP1001,2569.8,4.54,5,43.5,Unfastened,No,Yes,Reduced Visibility,No,Yes,Demolition,Rainy,Beginner,4,120.9,125.5
2025-06-16 12:00:00,LOD001,OP1005,3445.0,6.27,10,25.4,Fastened,No,No,Dry Ground,No,No,Grading,Sunny,Expert,4,35.0,35.0
2025-06-16 12:30:00,EXC002,OP1005,2571.3,6.17,10,34.2,Fastened,No,No,Dry Ground,No,No,Grading,Sunny,Expert,4,28.0,33.2
2025-06-16 13:00:00,LOD002,OP1006,3094.5,5.69,8,38.3,Fastened,Yes,Yes,Low Visibility,No,Yes,Earth Excavation,Cloudy,Expert,6,57.7,73.5
2025-06-16 13:30:00,EXC001,OP1008,2034.7,4.33,5,17.0,Fastened,Yes,Yes,Normal,Yes,Yes,Trenching,Sunny,Expert,2,42.3,47.3
2025-06-16 14:00:00,EXC005,OP1010,4610.0,7.47,16,13.4,Fastened,No,No,Low Visibility,No,No,Material Loading,Cloudy,Intermediate,7,33.1,30.3
2025-06-16 14:30:00,EXC004,OP1001,1748.8,5.99,12,10.1,Fastened,No,No,Low Visibility,No,No,Earth Excavation,Cloudy,Intermediate,5,64.8,63.2
2025-06-16 15:00:00,EXC001,OP1004,2035.3,7.3,16,20.9,Fastened,No,No,Dry Ground,No,No,Material Loading,Sunny,Intermediate,2,30.2,36.4
2025-06-16 15:30:00,EXC002,OP1010,2573.2,4.88,8,28.1,Fastened,No,No,Dry Ground,No,No,Trenching,Sunny,Intermediate,4,47.3,51.4
2025-06-16 16:00:00,EXC001,OP1001,2037.0,4.58,7,19.3,Fastened,No,No,Dry Ground,No,No,Grading,Sunny,Expert,2,29.1,37.6
2025-06-16 16:30:00,EXC004,OP1009,1749.3,7.53,14,33.4,Unfastened,No,Yes,Dry Ground,No,Yes,Material Loading,Sunny,Intermediate,5,30.1,40.1
2025-06-16 17:00:00,EXC002,OP1007,2574.5,5.2,9,24.2,Fastened,No,No,Normal,No,No,Trenching,Cloudy,Intermediate,4,47.4,50.1
2025-06-16 17:30:00,EXC005,OP1007,4611.8,4.34,4,32.3,Unfastened,No,Yes,Low Visibility,No,Yes,Demolition,Cloudy,Intermediate,7,100.6,103.8
2025-06-16 18:00:00,EXC002,OP1005,2576.5,4.38,5,36.2,Fastened,No,Yes,Strong Wind,No,No,Trenching,Windy,Expert,4,48.3,59.5
2025-06-16 18:30:00,EXC002,OP1007,2576.8,4.41,7,4.8,Fastened,No,No,Normal,No,No,Trenching,Sunny,Expert,4,41.7,49.0
2025-06-16 19:00:00,LOD001,OP1002,3447.3,6.39,8,49.9,Fastened,Yes,Yes,Reduced Visibility,No,Yes,Trenching,Rainy,Intermediate,4,56.0,64.1
2025-06-16 19:30:00,EXC001,OP1004,2038.5,2.96,2,13.9,Fastened,No,No,Dry Ground,No,No,Demolition,Sunny,Intermediate,2,92.1,92.9
2025-06-16 20:00:00,LOD002,OP1007,3096.6,7.4,14,26.5,Fastened,No,No,Low Visibility,No,No,Material Loading,Cloudy,Intermediate,6,32.5,33.0
2025-06-16 20:30:00,LOD001,OP1003,3449.3,8.24,16,13.2,Fastened,No,No,Normal,No,No,Material Loading,Cloudy,Intermediate,4,34.5,40.6
2025-06-16 21:00:00,EXC005,OP1002,4612.4,7.12,13,34.0,Fastened,No,No,Low Visibility,No,No,Earth Excavation,Cloudy,Intermediate,7,61.8,61.0
2025-06-16 21:30:00,EXC005,OP1010,4612.9,7.04,12,28.0,Fastened,No,No,Slippery,No,No,Material Loading,Rainy,Intermediate,7,38.2,57.0
2025-06-16 22:00:00,LOD002,OP1002,3098.5,6.53,12,26.1,Fastened,No,No,Dry Ground,No,No,Earth Excavation,Sunny,Intermediate,6,61.5,61.2
2025-06-16 22:30:00,EXC002,OP1001,2577.3,7.27,12,42.8,Fastened,No,No,Normal,No,No,Grading,Sunny,Intermediate,4,39.5,44.5
2025-06-16 23:00:00,EXC001,OP1005,2040.7,5.83,11,27.4,Fastened,No,No,Slippery,No,No,Grading,Rainy,Beginner,2,45.2,56.9
2025-06-16 23:30:00,EXC002,OP1006,2579.2,4.99,8,18.6,Fastened,No,No,Dry Ground,Yes,No,Grading,Sunny,Expert,4,31.8,33.7
2025-06-17 00:00:00,LOD001,OP1006,3451.4,3.66,4,19.9,Fastened,No,No,Normal,No,No,Grading,Sunny,Expert,4,28.1,38.3
2025-06-17 00:30:00,EXC001,OP1009,2041.6,7.52,15,45.7,Fastened,No,No,Normal,No,No,Material Loading,Sunny,Intermediate,2,31.7,40.8
2025-06-17 01:00:00,EXC004,OP1004,1750.2,6.14,13,22.8,Fastened,No,No,Dry Ground,No,No,Grading,Sunny,Expert,5,31.8,35.9
2025-06-17 01:30:00,LOD002,OP1001,3100.2,5.92,10,14.1,Fastened,Yes,Yes,Low Visibility,No,Yes,Trenching,Cloudy,Intermediate,6,47.5,59.5
2025-06-17 02:00:00,LOD001,OP1006,3451.7,7.55,16,23.1,Fastened,No,No,Normal,No,No,Material Loading,Cloudy,Intermediate,4,32.2,37.9
2025-06-17 02:30:00,EXC004,OP1005,1752.1,6.42,12,21.1,Fastened,No,No,Normal,No,No,Earth Excavation,Sunny,Intermediate,5,58.0,62.4
2025-06-17 03:00:00,EXC001,OP1010,2043.7,7.28,14,36.1,Fastened,No,No,Normal,No,No,Earth Excavation,Sunny,Expert,2,53.0,62.3
2025-06-17 03:30:00,LOD001,OP1006,3452.9,5.08,8,38.1,Fastened,No,No,Slippery,No,No,Trenching,Rainy,Intermediate,4,53.3,54.8
2025-06-17 04:00:00,EXC005,OP1003,4614.9,6.25,10,35.9,Fastened,No,No,Slippery,No,No,Material Loading,Rainy,Intermediate,7,41.3,55.3
2025-06-17 04:30:00,EXC001,OP1002,2044.3,6.5,14,28.1,Unfastened,No,Yes,Normal,No,Yes,Earth Excavation,Windy,Intermediate,2,66.6,76.2
2025-06-17 05:00:00,EXC001,OP1006,2045.2,4.59,7,23.0,Fastened,No,No,Dusty,No,No,Grading,Windy,Expert,2,35.9,36.0
2025-06-17 05:30:00,LOD002,OP1001,3102.6,7.13,12,21.8,Fastened,No,Yes,Strong Wind,Yes,No,Earth Excavation,Windy,Expert,6,62.0,74.4
2025-06-17 06:00:00,EXC005,OP1007,4617.3,7.45,13,47.5,Fastened,No,No,Wet Ground,No,No,Earth Excavation,Rainy,Intermediate,7,84.1,99.0
2025-06-17 06:30:00,LOD001,OP1007,3454.3,4.93,8,27.8,Fastened,No,No,Normal,No,No,Grading,Cloudy,Expert,4,36.4,38.0
2025-06-17 07:00:00,LOD002,OP1010,3105.0,4.1,5,18.1,Fastened,No,No,Normal,No,No,Trenching,Sunny,Intermediate,6,41.6,51.5
2025-06-17 07:30:00,EXC004,OP1007,1753.5,6.88,11,26.4,Fastened,No,No,Normal,No,No,Grading,Cloudy,Expert,5,34.7,32.9
2025-06-17 08:00:00,EXC004,OP1010,1754.3,6.28,12,17.9,Fastened,No,No,Normal,No,No,Material Loading,Sunny,Expert,5,31.6,39.7
2025-06-17 08:30:00,EXC003,OP1001,2272.0,4.56,6,46.8,Fastened,No,No,Normal,No,No,Demolition,Windy,Intermediate,3,95.8,113.1
2025-06-17 09:00:00,EXC003,OP1004,2274.4,7.49,17,27.2,Fastened,No,No,Normal,No,No,Material Loading,Cloudy,Expert,3,29.0,34.1
2025-06-17 09:30:00,EXC003,OP1007,2275.0,7.71,16,29.0,Fastened,No,No,Normal,No,No,Earth Excavation,Cloudy,Intermediate,3,62.0,67.4
2025-06-17 10:00:00,LOD001,OP1009,3455.8,4.42,3,44.0,Fastened,No,No,Dry Ground,No,No,Trenching,Sunny,Expert,4,39.6,52.2
2025-06-17 10:30:00,EXC005,OP1005,4618.8,6.58,11,24.8,Fastened,No,No,Low Visibility,No,No,Earth Excavation,Cloudy,Expert,7,63.5,62.0
2025-06-17 11:00:00,LOD002,OP1002,3106.9,6.39,10,23.5,Fastened,No,No,Dry Ground,No,No,Demolition,Sunny,Beginner,6,107.7,114.3
2025-06-17 11:30:00,EXC003,OP1007,2276.3,6.14,11,15.8,Fastened,No,No,Normal,No,No,Earth Excavation,Sunny,Intermediate,3,59.8,61.5
2025-06-17 12:00:00,EXC005,OP1010,4619.6,6.14,9,38.6,Fastened,No,No,Dry Ground,No,No,Trenching,Sunny,Intermediate,7,45.4,55.4
2025-06-17 12:30:00,EXC005,OP1001,4620.2,6.63,14,31.4,Fastened,No,No,Normal,No,No,Earth Excavation,Sunny,Expert,7,54.5,63.0
2025-06-17 13:00:00,EXC005,OP1007,4621.9,6.0,8,26.7,Fastened,No,No,Normal,No,No,Grading,Cloudy,Expert,7,33.1,35.6
2025-06-17 13:30:00,EXC005,OP1006,4623.7,5.39,9,29.0,Fastened,No,No,Normal,No,No,Trenching,Cloudy,Intermediate,7,47.8,46.5
2025-06-17 14:00:00,EXC002,OP1007,2580.7,6.71,8,50.3,Fastened,No,Yes,Reduced Visibility,No,No,Demolition,Rainy,Intermediate,4,104.1,122.9
2025-06-17 14:30:00,EXC004,OP1010,1756.2,7.08,14,28.6,Fastened,No,No,Dry Ground,No,No,Earth Excavation,Sunny,Intermediate,5,62.9,61.9
2025-06-17 15:00:00,EXC001,OP1003,2045.8,4.41,7,19.3,Unfastened,No,Yes,Dry Ground,No,Yes,Earth Excavation,Sunny,Beginner,2,62.8,73.9
2025-06-17 15:30:00,EXC003,OP1003,2278.5,7.45,15,33.2,Fastened,No,Yes,Strong Wind,No,No,Earth Excavation,Windy,Intermediate,3,67.0,83.3
2025-06-17 16:00:00,EXC004,OP1007,1757.8,6.24,11,22.8,Fastened,No,No,Low Visibility,No,No,Grading,Cloudy,Intermediate,5,40.8,41.5
2025-06-17 16:30:00,EXC005,OP1002,4624.2,3.94,4,34.0,Fastened,Yes,Yes,Low Visibility,No,Yes,Demolition,Cloudy,Intermediate,7,97.6,105.4
2025-06-17 17:00:00,LOD002,OP1001,3108.2,5.98,11,22.1,Fastened,No,No,Normal,No,No,Earth Excavation,Cloudy,Intermediate,6,66.6,61.7
2025-06-17 17:30:00,EXC005,OP1009,4626.3,8.01,14,36.7,Fastened,No,No,Slippery,No,No,Earth Excavation,Rainy,Beginner,7,84.1,100.4
2025-06-17 18:00:00,LOD001,OP1009,3458.1,5.36,7,23.0,Fastened,No,No,Dry Ground,No,No,Grading,Sunny,Expert,4,39.8,38.1
2025-06-17 18:30:00,EXC004,OP1007,1758.6,5.58,9,37.3,Fastened,No,No,Normal,No,No,Earth Excavation,Sunny,Intermediate,5,65.9,68.2
2025-06-17 19:00:00,EXC005,OP1007,4628.2,6.84,12,23.7,Fastened,No,No,Slippery,No,No,Earth Excavation,Rainy,Intermediate,7,71.2,84.1
2025-06-17 19:30:00,EXC001,OP1003,2046.2,5.66,10,28.2,Fastened,No,No,Dry Ground,No,No,Earth Excavation,Sunny,Intermediate,2,65.1,70.1
2025-06-17 20:00:00,EXC002,OP1010,2581.0,7.04,12,37.9,Fastened,No,Yes,Reduced Visibility,No,No,Earth Excavation,Rainy,Intermediate,4,79.0,98.9
2025-06-17 20:30:00,EXC003,OP1002,2280.0,6.94,14,30.4,Fastened,No,No,Dry Ground,No,No,Earth Excavation,Sunny,Intermediate,3,61.2,65.1
2025-06-17 21:00:00,EXC004,OP1007,1760.4,6.74,12,19.9,Fastened,No,No,Low Visibility,No,No,Earth Excavation,Cloudy,Intermediate,5,66.4,64.0
2025-06-17 21:30:00,EXC001,OP1009,2048.2,5.36,7,49.1,Fastened,No,Yes,Reduced Visibility,No,No,Trenching,Rainy,Intermediate,2,55.8,81.8
2025-06-17 22:00:00,EXC001,OP1001,2049.2,6.36,12,30.2,Fastened,No,No,Normal,No,No,Grading,Sunny,Expert,2,28.8,28.9
2025-06-17 22:30:00,EXC002,OP1004,2581.2,4.78,7,18.8,Fastened,No,Yes,Strong Wind,No,No,Trenching,Windy,Intermediate,4,45.0,50.0
2025-06-17 23:00:00,LOD002,OP1006,3109.5,6.56,8,51.1,Unfastened,No,Yes,Normal,No,Yes,Grading,Windy,Intermediate,6,40.5,65.6
2025-06-17 23:30:00,EXC003,OP1007,2280.3,7.43,14,38.9,Fastened,No,No,Normal,No,No,Earth Excavation,Cloudy,Intermediate,3,61.2,68.5
2025-06-18 00:00:00,EXC004,OP1010,1760.8,5.6,8,31.6,Fastened,No,No,Normal,No,No,Material Loading,Windy,Intermediate,5,33.4,49.1
2025-06-18 00:30:00,EXC002,OP1007,2582.2,5.55,8,35.3,Fastened,No,No,Dry Ground,No,No,Trenching,Sunny,Expert,4,45.2,43.9
2025-06-18 01:00:00,EXC005,OP1010,4629.4,5.69,9,19.3,Fastened,No,No,Dusty,No,No,Grading,Windy,Expert,7,38.1,38.2
2025-06-18 01:30:00,EXC002,OP1002,2583.0,6.15,9,30.6,Fastened,No,No,Normal,No,No,Earth Excavation,Sunny,Intermediate,4,64.1,64.4
2025-06-18 02:00:00,EXC002,OP1004,2584.5,5.6,7,39.4,Fastened,No,No,Normal,No,No,Demolition,Sunny,Intermediate,4,93.2,98.0
2025-06-18 02:30:00,EXC004,OP1005,1761.1,6.49,13,26.2,Fastened,No,No,Dry Ground,No,No,Earth Excavation,Sunny,Expert,5,54.8,64.6
2025-06-18 03:00:00,EXC001,OP1001,2049.7,4.76,5,41.2,Unfastened,No,Yes,Normal,Yes,Yes,Trenching,Sunny,Intermediate,2,43.8,50.9
2025-06-18 03:30:00,EXC001,OP1001,2051.5,3.73,3,10.8,Fastened,No,No,Normal,No,No,Demolition,Sunny,Intermediate,2,97.0,105.7
2025-06-18 04:00:00,EXC002,OP1010,2585.1,6.45,11,37.4,Fastened,No,No,Normal,No,No,Material Loading,Windy,Intermediate,4,40.5,49.1
2025-06-18 04:30:00,EXC001,OP1003,2053.2,6.9,12,33.0,Fastened,No,No,Dusty,No,No,Trenching,Windy,Intermediate,2,52.8,57.5
2025-06-18 05:00:00,EXC001,OP1010,2053.5,4.78,11,11.7,Fastened,Yes,Yes,Dry Ground,No,Yes,Demolition,Sunny,Expert,2,81.8,85.4
2025-06-18 05:30:00,EXC003,OP1003,2281.4,5.06,8,33.0,Fastened,No,No,Normal,No,No,Trenching,Sunny,Intermediate,3,43.0,45.8
2025-06-18 06:00:00,LOD001,OP1008,3458.7,6.32,8,33.7,Fastened,No,No,Wet Ground,No,No,Earth Excavation,Rainy,Intermediate,4,79.9,84.2
2025-06-18 06:30:00,EXC004,OP1009,1761.6,5.02,6,27.5,Fastened,No,No,Dry Ground,No,No,Demolition,Sunny,Intermediate,5,95.9,101.6
2025-06-18 07:00:00,EXC004,OP1001,1763.1,4.42,6,11.0,Fastened,No,No,Dry Ground,No,No,Earth Excavation,Sunny,Expert,5,58.0,56.1
2025-06-18 07:30:00,EXC002,OP1002,2587.4,5.85,7,35.6,Fastened,No,No,Normal,No,No,Demolition,Cloudy,Intermediate,4,94.6,103.9
2025-06-18 08:00:00,LOD002,OP1010,3109.8,5.42,9,28.4,Fastened,No,No,Normal,No,No,Earth Excavation,Sunny,Expert,6,59.3,62.7
2025-06-18 08:30:00,EXC003,OP1002,2282.6,5.13,6,30.3,Fastened,No,No,Normal,No,No,Grading,Sunny,Intermediate,3,35.4,37.1
2025-06-18 09:00:00,EXC001,OP1004,2055.4,8.27,17,47.5,Fastened,No,No,Slippery,No,No,Material Loading,Rainy,Expert,2,28.5,38.2
2025-06-18 09:30:00,EXC005,OP1002,4630.6,4.93,6,27.4,Fastened,No,No,Normal,No,No,Demolition,Cloudy,Intermediate,7,98.2,100.8
2025-06-18 10:00:00,EXC001,OP1007,2057.4,7.38,17,22.9,Fastened,No,No,Dry Ground,No,No,Material Loading,Sunny,Intermediate,2,31.8,37.8
2025-06-18 10:30:00,EXC003,OP1009,2283.2,7.37,15,27.7,Fastened,No,Yes,Strong Wind,No,No,Earth Excavation,Windy,Intermediate,3,71.3,86.6
2025-06-18 11:00:00,EXC004,OP1007,1765.5,7.44,14,13.7,Fastened,No,No,Normal,No,No,Material Loading,Cloudy,Expert,5,24.5,28.0
2025-06-18 11:30:00,LOD002,OP1006,3110.9,5.73,11,6.9,Fastened,No,No,Normal,No,No,Earth Excavation,Sunny,Intermediate,6,59.9,58.2
2025-06-18 12:00:00,EXC004,OP1010,1766.5,6.62,12,18.2,Fastened,No,No,Dry Ground,No,No,Grading,Sunny,Intermediate,5,35.5,34.6
2025-06-18 12:30:00,EXC005,OP1001,4632.9,4.51,5,31.5,Unfastened,No,Yes,Dry Ground,No,Yes,Demolition,Sunny,Intermediate,7,93.5,101.3
2025-06-18 13:00:00,LOD002,OP1010,3112.4,8.42,17,24.2,Fastened,No,No,Normal,No,No,Material Loading,Sunny,Intermediate,6,31.8,34.3
2025-06-18 13:30:00,EXC001,OP1009,2058.8,4.64,4,46.4,Fastened,No,No,Normal,No,No,Grading,Sunny,Expert,2,30.7,39.9
2025-06-18 14:00:00,EXC002,OP1005,2589.3,5.97,11,24.2,Fastened,No,No,Normal,No,No,Earth Excavation,Sunny,Intermediate,4,62.8,70.2
2025-06-18 14:30:00,EXC003,OP1005,2284.7,7.19,15,27.3,Fastened,Yes,Yes,Dry Ground,No,Yes,Material Loading,Sunny,Expert,3,28.3,28.3
2025-06-18 15:00:00,EXC003,OP1006,2285.3,3.78,4,25.2,Fastened,No,No,Normal,No,No,Trenching,Cloudy,Intermediate,3,43.7,54.9
2025-06-18 15:30:00,EXC003,OP1009,2287.0,7.2,15,21.7,Fastened,No,No,Wet Ground,No,No,Material Loading,Rainy,Expert,3,31.4,45.8
2025-06-18 16:00:00,LOD002,OP1008,3112.9,5.45,12,3.9,Fastened,No,No,Low Visibility,No,No,Earth Excavation,Cloudy,Intermediate,6,63.1,59.9
2025-06-18 16:30:00,LOD001,OP1008,3460.7,5.52,8,30.7,Fastened,No,No,Low Visibility,No,No,Grading,Cloudy,Beginner,4,46.5,56.3
2025-06-18 17:00:00,EXC005,OP1008,4635.3,6.64,10,40.7,Fastened,No,Yes,Strong Wind,No,No,Earth Excavation,Windy,Beginner,7,77.7,94.9
2025-06-18 17:30:00,EXC002,OP1001,2590.3,5.96,12,26.8,Unfastened,No,Yes,Low Visibility,No,Yes,Material Loading,Cloudy,Expert,4,27.4,36.9
2025-06-18 18:00:00,LOD001,OP1001,3461.9,5.62,8,27.6,Fastened,No,No,Dry Ground,No,No,Earth Excavation,Sunny,Intermediate,4,59.7,59.2
2025-06-18 18:30:00,LOD002,OP1008,3113.2,6.98,14,16.7,Fastened,No,No,Dry Ground,No,No,Grading,Sunny,Beginner,6,42.6,38.6
2025-06-18 19:00:00,LOD001,OP1005,3462.2,6.88,11,46.5,Fastened,No,No,Slippery,No,No,Earth Excavation,Rainy,Expert,4,64.1,77.8
2025-06-18 19:30:00,EXC001,OP1009,2061.1,6.28,11,36.3,Fastened,No,No,Dry Ground,No,No,Material Loading,Sunny,Expert,2,32.0,35.8
2025-06-18 20:00:00,EXC005,OP1002,4635.8,6.61,11,27.3,Fastened,No,No,Normal,No,No,Earth Excavation,Sunny,Expert,7,57.7,66.7
2025-06-18 20:30:00,EXC001,OP1009,2062.3,5.79,10,24.3,Fastened,No,No,Normal,No,No,Grading,Cloudy,Intermediate,2,40.8,48.2
2025-06-18 21:00:00,EXC002,OP1008,2592.4,4.78,5,31.8,Fastened,No,No,Low Visibility,No,No,Trenching,Cloudy,Intermediate,4,52.8,55.0
2025-06-18 21:30:00,EXC001,OP1009,2064.6,6.15,9,53.1,Fastened,No,Yes,Reduced Visibility,No,No,Grading,Rainy,Expert,2,35.9,55.3
2025-06-18 22:00:00,EXC005,OP1004,4637.2,6.62,11,22.0,Fastened,No,No,Normal,No,No,Trenching,Sunny,Intermediate,7,47.6,48.3
2025-06-18 22:30:00,EXC005,OP1001,4638.7,5.08,7,2.0,Fastened,No,No,Normal,No,No,Grading,Sunny,Intermediate,7,35.7,41.4
2025-06-18 23:00:00,EXC001,OP1001,2066.3,5.65,10,21.7,Fastened,Yes,Yes,Strong Wind,No,Yes,Earth Excavation,Windy,Intermediate,2,62.4,72.9
2025-06-18 23:30:00,EXC003,OP1005,2289.4,3.49,2,37.1,Fastened,No,No,Normal,No,No,Trenching,Sunny,Expert,3,48.8,52.8
2025-06-19 00:00:00,EXC004,OP1002,1768.1,8.57,19,5.7,Fastened,No,No,Dry Ground,No,No,Material Loading,Sunny,Intermediate,5,29.8,27.4
2025-06-19 00:30:00,EXC003,OP1008,2290.9,5.98,13,21.3,Fastened,No,No,Low Visibility,No,No,Earth Excavation,Cloudy,Expert,3,54.6,54.7
2025-06-19 01:00:00,EXC001,OP1010,2066.6,6.5,11,54.0,Fastened,No,Yes,Reduced Visibility,No,No,Earth Excavation,Rainy,Intermediate,2,67.2,88.1
2025-06-19 01:30:00,EXC003,OP1005,2291.3,4.1,5,32.2,Fastened,Yes,Yes,Reduced Visibility,No,Yes,Demolition,Rainy,Expert,3,94.1,107.6
2025-06-19 02:00:00,LOD001,OP1005,3463.7,4.38,5,20.1,Fastened,No,Yes,Strong Wind,No,No,Demolition,Windy,Intermediate,4,100.2,110.6
2025-06-19 02:30:00,EXC001,OP1002,2068.9,5.14,9,10.5,Fastened,No,No,Dry Ground,No,No,Grading,Sunny,Intermediate,2,39.4,43.7
2025-06-19 03:00:00,EXC001,OP1007,2071.1,7.34,13,32.0,Fastened,No,No,Dry Ground,No,No,Earth Excavation,Sunny,Intermediate,2,66.6,69.5
2025-06-19 03:30:00,EXC003,OP1008,2293.8,5.65,9,13.5,Fastened,No,No,Dry Ground,No,No,Earth Excavation,Sunny,Expert,3,49.4,50.4
2025-06-19 04:00:00,LOD002,OP1010,3114.6,6.24,13,21.7,Fastened,No,Yes,Reduced Visibility,No,No,Material Loading,Rainy,Intermediate,6,41.3,55.7
2025-06-19 04:30:00,EXC005,OP1001,4640.7,6.45,14,10.7,Fastened,No,No,Low Visibility,No,No,Earth Excavation,Cloudy,Expert,7,64.5,68.2
2025-06-19 05:00:00,EXC005,OP1002,4642.9,6.9,11,43.2,Fastened,Yes,Yes,Normal,No,Yes,Demolition,Sunny,Intermediate,7,94.4,105.7
2025-06-19 05:30:00,EXC003,OP1010,2295.5,6.63,13,39.9,Fastened,No,Yes,Reduced Visibility,No,No,Earth Excavation,Rainy,Intermediate,3,68.3,82.7
2025-06-19 06:00:00,EXC005,OP1004,4643.8,3.97,5,30.8,Fastened,No,No,Normal,No,No,Demolition,Sunny,Intermediate,7,97.9,107.0
2025-06-19 06:30:00,EXC001,OP1005,2072.4,7.15,14,39.5,Fastened,No,No,Normal,No,No,Material Loading,Cloudy,Intermediate,2,29.6,32.0
2025-06-19 07:00:00,EXC005,OP1002,4646.0,6.11,11,41.0,Fastened,No,No,Dusty,No,No,Grading,Windy,Expert,7,40.9,57.9
2025-06-19 07:30:00,LOD002,OP1001,3115.5,5.95,11,22.7,Fastened,No,No,Normal,No,No,Earth Excavation,Sunny,Beginner,6,74.6,80.7
2025-06-19 08:00:00,EXC005,OP1009,4648.3,5.93,8,33.1,Fastened,No,No,Dry Ground,No,No,Demolition,Sunny,Expert,7,84.4,83.3
2025-06-19 08:30:00,LOD002,OP1001,3116.2,6.21,10,38.3,Fastened,No,No,Normal,No,No,Earth Excavation,Sunny,Expert,6,58.1,65.9
2025-06-19 09:00:00,LOD001,OP1004,3465.6,9.64,19,38.2,Fastened,No,No,Normal,No,No,Material Loading,Sunny,Beginner,4,36.1,36.9
2025-06-19 09:30:00,EXC001,OP1002,2074.0,5.66,9,41.5,Unfastened,No,Yes,Dry Ground,No,Yes,Grading,Sunny,Beginner,2,35.3,45.4
2025-06-19 10:00:00,LOD002,OP1004,3118.1,6.17,10,22.2,Fastened,No,No,Low Visibility,No,No,Earth Excavation,Cloudy,Intermediate,6,62.5,57.1
2025-06-19 10:30:00,EXC001,OP1008,2075.2,5.05,9,16.6,Fastened,No,No,Normal,No,No,Trenching,Sunny,Expert,2,39.3,43.8
2025-06-19 11:00:00,EXC004,OP1008,1770.4,7.0,12,43.3,Fastened,No,Yes,Strong Wind,No,No,Material Loading,Windy,Intermediate,5,35.2,46.2
2025-06-19 11:30:00,EXC001,OP1009,2076.9,5.04,8,27.2,Fastened,No,No,Dry Ground,No,No,Trenching,Sunny,Intermediate,2,47.6,52.6
2025-06-19 12:00:00,EXC001,OP1005,2077.8,8.19,18,11.9,Fastened,No,No,Dry Ground,No,No,Material Loading,Sunny,Expert,2,31.2,25.5
2025-06-19 12:30:00,EXC003,OP1007,2297.1,4.29,4,29.8,Fastened,No,No,Normal,No,No,Trenching,Sunny,Intermediate,3,44.2,49.8
2025-06-19 13:00:00,EXC002,OP1003,2593.3,7.19,10,47.6,Fastened,Yes,Yes,Wet Ground,Yes,Yes,Trenching,Rainy,Intermediate,4,49.4,65.1
2025-06-19 13:30:00,EXC004,OP1010,1771.3,6.26,11,23.2,Fastened,No,No,Dry Ground,No,No,Material Loading,Sunny,Intermediate,5,29.0,40.1
2025-06-19 14:00:00,EXC004,OP1004,1772.4,8.23,17,18.0,Fastened,Yes,Yes,Wet Ground,No,Yes,Material Loading,Rainy,Intermediate,5,34.1,56.2
2025-06-19 14:30:00,EXC001,OP1010,2079.9,5.42,9,38.5,Fastened,No,No,Wet Ground,No,No,Earth Excavation,Rainy,Intermediate,2,68.0,95.9
2025-06-19 15:00:00,EXC001,OP1009,2081.3,5.65,9,23.7,Fastened,Yes,Yes,Normal,No,Yes,Demolition,Windy,Intermediate,2,99.1,113.9
2025-06-19 15:30:00,EXC004,OP1010,1774.2,4.49,5,29.1,Fastened,Yes,Yes,Slippery,No,Yes,Demolition,Rainy,Expert,5,99.9,108.6
2025-06-19 16:00:00,EXC003,OP1010,2298.2,6.36,14,32.1,Fastened,No,No,Dry Ground,No,No,Material Loading,Sunny,Intermediate,3,29.7,35.4
2025-06-19 16:30:00,LOD001,OP1001,3466.4,4.18,5,32.3,Fastened,No,No,Wet Ground,No,No,Trenching,Rainy,Intermediate,4,55.3,69.2
2025-06-19 17:00:00,EXC005,OP1002,4650.7,2.81,1,37.0,Unfastened,No,Yes,Dusty,No,Yes,Trenching,Windy,Beginner,7,62.7,72.9
2025-06-19 17:30:00,LOD001,OP1005,3468.0,4.64,7,23.1,Fastened,No,No,Dusty,No,No,Grading,Windy,Intermediate,4,39.3,44.6
2025-06-19 18:00:00,EXC005,OP1003,4653.1,6.13,10,21.3,Fastened,No,No,Dry Ground,No,No,Material Loading,Sunny,Beginner,7,33.5,37.1
2025-06-19 18:30:00,EXC003,OP1002,2298.9,4.24,6,16.4,Fastened,No,No,Normal,Yes,No,Earth Excavation,Cloudy,Intermediate,3,62.8,66.4
2025-06-19 19:00:00,EXC005,OP1001,4653.6,8.11,15,32.3,Fastened,No,No,Normal,No,No,Material Loading,Sunny,Intermediate,7,35.2,35.0
2025-06-19 19:30:00,EXC002,OP1010,2595.4,6.35,15,11.7,Fastened,No,No,Normal,Yes,No,Earth Excavation,Sunny,Intermediate,4,64.3,71.5
2025-06-19 20:00:00,EXC002,OP1003,2597.2,8.32,16,31.4,Fastened,No,No,Slippery,No,No,Earth Excavation,Rainy,Beginner,4,79.3,94.3
2025-06-19 20:30:00,LOD001,OP1001,3468.6,4.94,7,21.5,Fastened,No,No,Dusty,No,No,Grading,Windy,Intermediate,4,42.8,51.2
2025-06-19 21:00:00,EXC003,OP1001,2299.7,6.48,14,17.3,Fastened,No,No,Normal,No,No,Material Loading,Cloudy,Intermediate,3,30.8,32.4
2025-06-19 21:30:00,LOD001,OP1001,3470.7,5.89,10,24.8,Fastened,No,Yes,Reduced Visibility,No,No,Trenching,Rainy,Intermediate,4,50.6,62.1
2025-06-19 22:00:00,LOD001,OP1008,3471.9,7.36,11,39.6,Fastened,No,No,Dry Ground,No,No,Material Loading,Sunny,Beginner,4,35.8,49.6
2025-06-19 22:30:00,LOD001,OP1003,3473.7,6.38,10,23.4,Fastened,No,No,Normal,No,No,Demolition,Sunny,Intermediate,4,89.0,93.5
2025-06-19 23:00:00,LOD002,OP1001,3119.1,9.43,18,34.7,Fastened,No,No,Low Visibility,No,No,Material Loading,Cloudy,Intermediate,6,34.7,39.9
2025-06-19 23:30:00,EXC003,OP1007,2300.8,6.1,10,38.5,Fastened,No,No,Normal,No,No,Material Loading,Sunny,Intermediate,3,34.3,36.3
2025-06-20 00:00:00,EXC003,OP1010,2303.3,4.97,6,25.5,Fastened,No,Yes,Strong Wind,No,No,Earth Excavation,Windy,Expert,3,57.1,72.3
2025-06-20 00:30:00,EXC004,OP1003,1774.9,6.59,10,31.3,Fastened,No,No,Normal,No,No,Earth Excavation,Sunny,Intermediate,5,62.5,68.2
2025-06-20 01:00:00,EXC003,OP1008,2304.6,5.36,10,20.8,Fastened,No,No,Normal,No,No,Trenching,Sunny,Intermediate,3,49.0,44.2
2025-06-20 01:30:00,EXC005,OP1004,4655.8,6.73,11,18.9,Fastened,No,No,Low Visibility,Yes,No,Material Loading,Cloudy,Intermediate,7,29.1,31.0
2025-06-20 02:00:00,EXC005,OP1004,4656.5,4.3,4,14.3,Fastened,No,No,Normal,No,No,Grading,Sunny,Expert,7,30.0,26.9
2025-06-20 02:30:00,EXC005,OP1005,4657.7,5.29,8,27.1,Fastened,No,No,Dusty,No,No,Trenching,Windy,Intermediate,7,51.3,60.7
2025-06-20 03:00:00,EXC003,OP1006,2306.3,5.3,9,15.2,Unfastened,No,Yes,Normal,No,Yes,Trenching,Cloudy,Expert,3,42.1,42.2
2025-06-20 03:30:00,EXC002,OP1007,2598.5,6.23,10,19.1,Unfastened,No,Yes,Dry Ground,No,Yes,Earth Excavation,Sunny,Expert,4,56.3,62.6
2025-06-20 04:00:00,EXC003,OP1004,2307.5,6.17,10,39.3,Unfastened,No,Yes,Reduced Visibility,Yes,Yes,Earth Excavation,Rainy,Intermediate,3,70.8,87.5
2025-06-20 04:30:00,EXC001,OP1008,2082.3,5.61,8,32.0,Fastened,No,No,Normal,No,No,Demolition,Sunny,Intermediate,2,87.8,88.2
2025-06-20 05:00:00,LOD002,OP1006,3120.6,7.35,12,58.4,Fastened,No,Yes,Reduced Visibility,No,No,Material Loading,Rainy,Intermediate,6,31.7,49.1
2025-06-20 05:30:00,EXC003,OP1001,2309.2,5.22,10,15.8,Fastened,Yes,Yes,Normal,No,Yes,Earth Excavation,Sunny,Intermediate,3,57.8,59.9
2025-06-20 06:00:00,EXC001,OP1001,2084.0,5.49,10,30.6,Fastened,No,No,Normal,No,No,Grading,Sunny,Intermediate,2,37.2,32.7
2025-06-20 06:30:00,EXC001,OP1009,2084.4,5.91,10,34.7,Fastened,No,No,Normal,No,No,Grading,Windy,Expert,2,37.6,52.9
2025-06-20 07:00:00,EXC005,OP1010,4659.3,7.64,14,28.5,Fastened,No,No,Slippery,No,No,Material Loading,Rainy,Intermediate,7,36.6,51.1
2025-06-20 07:30:00,EXC005,OP1006,4661.7,6.95,15,19.0,Fastened,No,No,Dry Ground,No,No,Earth Excavation,Sunny,Beginner,7,76.0,73.9
2025-06-20 08:00:00,EXC003,OP1010,2310.6,6.32,9,30.3,Fastened,No,No,Normal,No,No,Trenching,Cloudy,Expert,3,41.1,44.5
2025-06-20 08:30:00,EXC001,OP1008,2086.2,6.34,11,20.4,Fastened,Yes,Yes,Strong Wind,No,Yes,Earth Excavation,Windy,Intermediate,2,65.0,68.1
2025-06-20 09:00:00,EXC003,OP1007,2312.1,4.76,6,25.9,Fastened,No,No,Normal,No,No,Grading,Sunny,Expert,3,35.2,35.8
2025-06-20 09:30:00,EXC003,OP1006,2314.2,8.11,17,14.9,Fastened,No,No,Normal,No,No,Material Loading,Sunny,Intermediate,3,32.3,34.7
2025-06-20 10:00:00,EXC005,OP1004,4664.1,8.48,17,38.9,Fastened,No,No,Normal,No,No,Material Loading,Cloudy,Beginner,7,38.6,41.5
2025-06-20 10:30:00,EXC005,OP1007,4664.7,4.83,7,32.5,Fastened,No,No,Dry Ground,No,No,Trenching,Sunny,Beginner,7,54.9,56.8
2025-06-20 11:00:00,EXC003,OP1009,2315.4,6.59,12,23.8,Fastened,No,No,Normal,No,No,Earth Excavation,Sunny,Expert,3,52.1,53.8
2025-06-20 11:30:00,EXC002,OP1010,2599.6,7.78,13,47.1,Fastened,No,No,Normal,No,No,Earth Excavation,Windy,Beginner,4,77.8,94.3
2025-06-20 12:00:00,LOD002,OP1010,3121.7,6.37,11,32.3,Fastened,No,No,Normal,No,No,Demolition,Sunny,Expert,6,86.8,96.0
2025-06-20 12:30:00,EXC004,OP1007,1775.4,7.95,14,66.2,Fastened,No,No,Slippery,No,No,Earth Excavation,Rainy,Intermediate,5,79.1,93.4
2025-06-20 13:00:00,EXC005,OP1001,4666.8,6.6,13,13.7,Fastened,No,No,Low Visibility,No,No,Earth Excavation,Cloudy,Expert,7,59.3,62.3
2025-06-20 13:30:00,EXC001,OP1010,2086.5,5.77,9,31.3,Fastened,Yes,Yes,Low Visibility,No,Yes,Demolition,Cloudy,Expert,2,84.0,85.4
2025-06-20 14:00:00,EXC004,OP1009,1776.8,8.75,17,37.8,Fastened,No,No,Normal,No,No,Material Loading,Cloudy,Expert,5,30.0,34.4
2025-06-20 14:30:00,EXC001,OP1004,2088.2,6.13,10,14.3,Fastened,No,No,Normal,No,No,Grading,Sunny,Intermediate,2,40.0,41.5
2025-06-20 15:00:00,EXC004,OP1003,1777.5,7.27,14,19.5,Fastened,No,No,Dry Ground,No,No,Earth Excavation,Sunny,Intermediate,5,64.1,68.1
2025-06-20 15:30:00,LOD002,OP1004,3124.0,6.61,13,20.7,Fastened,No,No,Dry Ground,No,No,Material Loading,Sunny,Beginner,6,36.0,42.3
2025-06-20 16:00:00,EXC003,OP1004,2317.6,5.79,10,27.4,Fastened,No,Yes,Reduced Visibility,No,No,Trenching,Rainy,Intermediate,3,50.9,57.1
2025-06-20 16:30:00,EXC001,OP1010,2089.5,4.77,8,25.4,Fastened,No,No,Normal,No,No,Grading,Sunny,Intermediate,2,33.2,34.9
2025-06-20 17:00:00,EXC001,OP1002,2090.7,5.98,9,30.8,Fastened,No,No,Dry Ground,No,No,Earth Excavation,Sunny,Expert,2,57.4,61.8
2025-06-20 17:30:00,EXC003,OP1001,2318.3,4.54,7,27.2,Unfastened,No,Yes,Dusty,No,Yes,Trenching,Windy,Beginner,3,56.7,72.7
2025-06-20 18:00:00,EXC002,OP1010,2601.5,4.45,6,26.0,Fastened,No,No,Dusty,No,No,Grading,Windy,Expert,4,41.4,49.3
2025-06-20 18:30:00,EXC001,OP1001,2091.2,7.59,13,52.8,Fastened,Yes,Yes,Normal,No,Yes,Material Loading,Sunny,Beginner,2,35.4,47.1
2025-06-20 19:00:00,LOD001,OP1008,3475.4,7.67,15,9.1,Fastened,No,No,Normal,No,No,Material Loading,Sunny,Intermediate,4,32.7,31.0
2025-06-20 19:30:00,EXC004,OP1002,1779.6,8.08,12,43.6,Fastened,No,No,Slippery,Yes,No,Earth Excavation,Rainy,Beginner,5,81.7,93.1
2025-06-20 20:00:00,EXC002,OP1010,2602.2,6.5,13,29.2,Fastened,No,No,Slippery,No,No,Earth Excavation,Rainy,Expert,4,62.1,66.0
2025-06-20 20:30:00,LOD002,OP1005,3126.2,8.78,16,48.7,Fastened,No,No,Normal,No,No,Material Loading,Sunny,Beginner,6,38.9,46.8
2025-06-20 21:00:00,EXC001,OP1004,2091.4,7.71,15,39.1,Fastened,Yes,Yes,Dry Ground,No,Yes,Material Loading,Sunny,Expert,2,31.1,35.9
2025-06-20 21:30:00,LOD002,OP1008,3128.5,4.24,4,33.1,Fastened,No,Yes,Reduced Visibility,No,No,Demolition,Rainy,Intermediate,6,106.7,120.7
2025-06-20 22:00:00,EXC003,OP1002,2318.8,6.5,12,29.8,Fastened,No,Yes,Strong Wind,No,No,Grading,Windy,Expert,3,32.8,42.9
2025-06-20 22:30:00,LOD002,OP1010,3130.2,7.7,14,57.3,Fastened,No,No,Slippery,No,No,Material Loading,Rainy,Intermediate,6,34.6,50.2
2025-06-20 23:00:00,EXC005,OP1009,4667.5,6.26,7,45.8,Unfastened,No,Yes,Normal,No,Yes,Demolition,Sunny,Intermediate,7,98.3,99.5
2025-06-20 23:30:00,LOD001,OP1007,3477.6,6.01,12,32.9,Fastened,No,No,Normal,No,No,Earth Excavation,Sunny,Intermediate,4,63.5,68.9
2025-06-21 00:00:00,LOD002,OP1007,3131.6,6.28,11,23.6,Fastened,No,No,Normal,No,No,Trenching,Cloudy,Expert,6,43.9,43.8
2025-06-21 00:30:00,EXC002,OP1001,2602.7,4.68,5,19.0,Fastened,No,No,Normal,No,No,Trenching,Sunny,Intermediate,4,44.5,51.5
2025-06-21 01:00:00,LOD002,OP1002,3133.1,5.92,11,4.2,Fastened,No,No,Normal,No,No,Earth Excavation,Sunny,Expert,6,62.1,61.9
2025-06-21 01:30:00,EXC003,OP1004,2319.9,5.59,11,11.7,Fastened,No,No,Normal,No,No,Grading,Sunny,Beginner,3,44.4,42.7
2025-06-21 02:00:00,EXC003,OP1004,2321.7,7.47,15,35.4,Fastened,No,No,Low Visibility,No,No,Material Loading,Cloudy,Expert,3,22.7,31.7
2025-06-21 02:30:00,EXC003,OP1003,2323.9,6.8,13,12.7,Unfastened,No,Yes,Normal,No,Yes,Material Loading,Cloudy,Intermediate,3,34.4,33.9
2025-06-21 03:00:00,EXC004,OP1007,1780.8,4.18,3,47.0,Fastened,No,Yes,Reduced Visibility,No,No,Trenching,Rainy,Beginner,5,61.6,74.9
2025-06-21 03:30:00,EXC001,OP1008,2092.3,7.97,14,62.3,Fastened,No,No,Wet Ground,No,No,Material Loading,Rainy,Intermediate,2,33.4,49.5
2025-06-21 04:00:00,EXC004,OP1002,1781.0,7.49,12,51.4,Fastened,No,No,Normal,No,No,Earth Excavation,Windy,Expert,5,63.5,77.5
2025-06-21 04:30:00,EXC004,OP1004,1782.5,8.24,16,25.9,Unfastened,No,Yes,Wet Ground,No,Yes,Material Loading,Rainy,Expert,5,33.7,49.8
2025-06-21 05:00:00,LOD001,OP1003,3478.7,4.9,7,31.0,Fastened,No,No,Dry Ground,No,No,Trenching,Sunny,Intermediate,4,47.1,50.6
2025-06-21 05:30:00,LOD001,OP1002,3479.7,5.24,10,17.7,Fastened,No,No,Normal,No,No,Grading,Sunny,Expert,4,30.1,28.4
2025-06-21 06:00:00,EXC003,OP1006,2324.5,4.64,9,4.1,Fastened,No,No,Normal,No,No,Earth Excavation,Cloudy,Intermediate,3,66.7,65.2
2025-06-21 06:30:00,EXC002,OP1004,2603.9,6.68,12,11.1,Fastened,No,No,Dry Ground,No,No,Earth Excavation,Sunny,Expert,4,52.5,55.4
2025-06-21 07:00:00,EXC002,OP1006,2606.4,7.64,15,29.4,Fastened,Yes,Yes,Normal,No,Yes,Material Loading,Windy,Beginner,4,41.1,50.9
2025-06-21 07:30:00,EXC002,OP1002,2607.3,5.48,10,25.3,Fastened,No,No,Dry Ground,No,No,Grading,Sunny,Intermediate,4,36.7,37.3
2025-06-21 08:00:00,EXC001,OP1004,2093.9,6.82,14,28.9,Unfastened,No,Yes,Dry Ground,Yes,Yes,Material Loading,Sunny,Beginner,2,35.1,34.6
2025-06-21 08:30:00,EXC003,OP1006,2326.5,5.98,10,14.4,Fastened,No,No,Normal,No,No,Grading,Cloudy,Intermediate,3,35.5,44.6
2025-06-21 09:00:00,EXC002,OP1005,2609.2,5.34,8,26.8,Fastened,No,No,Low Visibility,No,No,Demolition,Cloudy,Intermediate,4,96.9,102.2
2025-06-21 09:30:00,LOD002,OP1003,3134.1,4.07,7,8.0,Fastened,Yes,Yes,Low Visibility,No,Yes,Demolition,Cloudy,Expert,6,84.3,84.5
2025-06-21 10:00:00,EXC004,OP1008,1784.1,3.74,5,15.0,Fastened,No,No,Normal,No,No,Grading,Cloudy,Intermediate,5,41.6,41.3
2025-06-21 10:30:00,EXC003,OP1007,2328.7,6.48,10,34.6,Fastened,No,No,Normal,No,No,Grading,Sunny,Expert,3,31.2,38.4
2025-06-21 11:00:00,EXC004,OP1003,1784.4,5.73,11,10.3,Fastened,No,No,Dry Ground,No,No,Earth Excavation,Sunny,Expert,5,54.6,46.3
2025-06-21 11:30:00,EXC001,OP1006,2095.1,6.38,8,46.0,Fastened,No,No,Dusty,No,No,Grading,Windy,Intermediate,2,38.0,48.6
2025-06-21 12:00:00,EXC003,OP1004,2329.4,7.14,11,37.5,Fastened,No,No,Normal,No,No,Trenching,Sunny,Intermediate,3,45.2,51.7
2025-06-21 12:30:00,EXC005,OP1005,4668.6,5.2,4,44.5,Fastened,No,No,Normal,No,No,Demolition,Sunny,Intermediate,7,100.0,98.0
2025-06-21 13:00:00,EXC004,OP1005,1785.5,5.53,9,12.9,Fastened,No,No,Normal,No,No,Earth Excavation,Sunny,Expert,5,51.5,51.4
2025-06-21 13:30:00,EXC003,OP1007,2331.3,3.91,2,36.0,Fastened,No,No,Normal,No,No,Trenching,Sunny,Expert,3,41.5,50.8
2025-06-21 14:00:00,LOD002,OP1005,3134.5,9.08,18,44.6,Fastened,No,No,Normal,No,No,Material Loading,Cloudy,Expert,6,34.2,33.0
2025-06-21 14:30:00,LOD002,OP1003,3135.8,6.25,10,33.6,Fastened,No,No,Low Visibility,No,No,Trenching,Cloudy,Intermediate,6,49.3,52.7
2025-06-21 15:00:00,EXC005,OP1010,4670.1,6.43,11,41.6,Unfastened,Yes,Yes,Slippery,No,Yes,Earth Excavation,Rainy,Expert,7,67.0,88.1
2025-06-21 15:30:00,EXC004,OP1005,1786.9,8.31,16,42.4,Fastened,No,No,Slippery,No,No,Material Loading,Rainy,Intermediate,5,36.1,52.2
2025-06-21 16:00:00,EXC005,OP1007,4672.0,3.51,4,15.2,Fastened,No,No,Normal,No,No,Grading,Sunny,Intermediate,7,35.5,45.8
2025-06-21 16:30:00,EXC002,OP1005,2610.3,7.73,16,21.2,Fastened,Yes,Yes,Low Visibility,No,Yes,Material Loading,Cloudy,Intermediate,4,33.8,35.2
2025-06-21 17:00:00,EXC003,OP1005,2333.7,4.87,9,16.2,Fastened,No,No,Dry Ground,No,No,Earth Excavation,Sunny,Expert,3,55.0,57.7
2025-06-21 17:30:00,EXC001,OP1009,2096.4,6.34,14,8.8,Fastened,No,No,Dry Ground,No,No,Grading,Sunny,Expert,2,32.6,36.1
2025-06-21 18:00:00,EXC004,OP1003,1788.4,5.73,12,25.5,Fastened,No,No,Normal,No,No,Earth Excavation,Sunny,Intermediate,5,64.6,70.8
2025-06-21 18:30:00,EXC004,OP1006,1790.5,6.43,12,28.6,Fastened,No,No,Normal,No,No,Earth Excavation,Sunny,Expert,5,58.0,63.7
2025-06-21 19:00:00,EXC002,OP1001,2611.1,4.89,7,32.9,Fastened,No,No,Normal,No,No,Grading,Cloudy,Expert,4,34.0,34.7
2025-06-21 19:30:00,LOD002,OP1010,3136.2,4.4,7,2.0,Fastened,No,Yes,Reduced Visibility,No,No,Grading,Rainy,Intermediate,6,45.4,62.5
2025-06-21 20:00:00,LOD002,OP1005,3138.0,8.48,16,28.8,Fastened,No,No,Dusty,No,No,Material Loading,Windy,Intermediate,6,37.4,46.7
2025-06-21 20:30:00,LOD001,OP1008,3481.1,6.92,12,40.6,Fastened,No,No,Slippery,No,No,Material Loading,Rainy,Intermediate,4,38.2,51.6
2025-06-21 21:00:00,EXC004,OP1005,1792.7,4.71,5,25.5,Fastened,No,No,Dry Ground,No,No,Trenching,Sunny,Intermediate,5,50.4,55.0
2025-06-21 21:30:00,LOD002,OP1009,3140.5,8.83,18,20.5,Fastened,No,No,Dry Ground,No,No,Material Loading,Sunny,Intermediate,6,35.9,31.3
2025-06-21 22:00:00,EXC001,OP1006,2097.5,6.95,12,27.2,Fastened,No,No,Dry Ground,No,No,Earth Excavation,Sunny,Intermediate,2,57.6,58.6
2025-06-21 22:30:00,LOD001,OP1008,3482.2,3.78,4,29.4,Fastened,No,No,Dry Ground,No,No,Demolition,Sunny,Expert,4,92.5,93.4
2025-06-21 23:00:00,EXC001,OP1010,2098.6,5.1,11,2.0,Fastened,Yes,Yes,Dry Ground,No,Yes,Grading,Sunny,Intermediate,2,36.2,42.9
2025-06-21 23:30:00,LOD001,OP1008,3483.2,6.57,14,2.0,Fastened,No,No,Dry Ground,No,No,Material Loading,Sunny,Intermediate,4,30.5,28.2
2025-06-22 00:00:00,EXC002,OP1003,2613.1,5.29,10,14.8,Fastened,No,No,Normal,No,No,Material Loading,Cloudy,Intermediate,4,32.6,27.2
2025-06-22 00:30:00,LOD002,OP1007,3142.5,5.79,8,43.6,Fastened,No,No,Slippery,No,No,Grading,Rainy,Intermediate,6,38.2,49.3
2025-06-22 01:00:00,LOD002,OP1007,3143.8,7.37,12,65.5,Fastened,Yes,Yes,Reduced Visibility,No,Yes,Material Loading,Rainy,Expert,6,33.6,43.7
2025-06-22 01:30:00,EXC001,OP1010,2098.9,4.54,8,18.5,Fastened,No,No,Low Visibility,No,No,Trenching,Cloudy,Intermediate,2,44.9,48.5
2025-06-22 02:00:00,EXC004,OP1006,1793.7,6.37,10,35.8,Fastened,Yes,Yes,Low Visibility,No,Yes,Earth Excavation,Cloudy,Intermediate,5,65.1,71.7
2025-06-22 02:30:00,LOD002,OP1007,3144.6,7.82,15,6.0,Fastened,No,No,Normal,No,No,Material Loading,Cloudy,Expert,6,29.9,34.8
2025-06-22 03:00:00,EXC004,OP1002,1795.7,5.09,8,18.7,Fastened,No,No,Normal,No,No,Demolition,Cloudy,Beginner,5,110.2,115.9
2025-06-22 03:30:00,LOD002,OP1009,3145.0,8.23,17,18.9,Unfastened,No,Yes,Dry Ground,No,Yes,Earth Excavation,Sunny,Expert,6,51.8,58.8
2025-06-22 04:00:00,EXC004,OP1010,1797.8,8.38,16,43.4,Fastened,No,No,Wet Ground,No,No,Earth Excavation,Rainy,Intermediate,5,73.3,91.8
2025-06-22 04:30:00,EXC003,OP1010,2335.4,5.26,8,28.2,Fastened,Yes,Yes,Normal,No,Yes,Trenching,Cloudy,Beginner,3,54.9,64.6
2025-06-22 05:00:00,EXC002,OP1001,2615.0,5.68,9,8.9,Fastened,No,No,Normal,No,No,Grading,Sunny,Expert,4,33.3,41.6
2025-06-22 05:30:00,EXC002,OP1001,2616.2,4.78,6,34.9,Unfastened,No,Yes,Normal,No,Yes,Trenching,Sunny,Beginner,4,52.6,53.8
2025-06-22 06:00:00,LOD001,OP1003,3484.9,3.45,7,10.7,Fastened,No,No,Dry Ground,No,No,Earth Excavation,Sunny,Intermediate,4,60.4,55.0
2025-06-22 06:30:00,EXC003,OP1003,2337.0,5.65,9,42.6,Fastened,No,No,Normal,No,No,Material Loading,Cloudy,Beginner,3,36.0,42.6
2025-06-22 07:00:00,EXC004,OP1001,1799.7,6.88,12,34.2,Unfastened,No,Yes,Wet Ground,No,Yes,Material Loading,Rainy,Beginner,5,42.1,52.3
2025-06-22 07:30:00,EXC004,OP1007,1801.0,8.02,16,31.6,Fastened,No,No,Dry Ground,No,No,Earth Excavation,Sunny,Expert,5,58.7,53.6
2025-06-22 08:00:00,EXC004,OP1004,1802.3,7.76,16,23.0,Fastened,No,No,Normal,No,No,Earth Excavation,Sunny,Expert,5,54.3,50.6
2025-06-22 08:30:00,LOD002,OP1010,3146.7,7.35,15,20.3,Fastened,No,Yes,Strong Wind,No,No,Material Loading,Windy,Intermediate,6,36.7,53.3
2025-06-22 09:00:00,LOD002,OP1002,3147.2,7.56,16,7.6,Fastened,No,No,Normal,No,No,Material Loading,Sunny,Intermediate,6,33.8,29.2
2025-06-22 09:30:00,EXC003,OP1010,2338.2,5.3,5,38.9,Fastened,No,No,Dry Ground,No,No,Demolition,Sunny,Expert,3,85.0,93.1
2025-06-22 10:00:00,LOD001,OP1005,3487.4,7.01,14,22.6,Fastened,No,No,Normal,No,No,Material Loading,Sunny,Expert,4,33.6,38.2
2025-06-22 10:30:00,LOD001,OP1006,3487.6,6.89,10,34.1,Fastened,No,No,Wet Ground,No,No,Earth Excavation,Rainy,Intermediate,4,66.5,86.0
2025-06-22 11:00:00,EXC004,OP1009,1803.2,6.67,13,7.9,Fastened,No,No,Normal,No,No,Material Loading,Cloudy,Expert,5,35.1,34.5
2025-06-22 11:30:00,LOD002,OP1004,3148.1,5.6,9,29.2,Fastened,No,No,Normal,No,No,Trenching,Sunny,Intermediate,6,45.7,44.9
2025-06-22 12:00:00,EXC002,OP1002,2617.8,6.21,10,25.2,Fastened,No,No,Normal,No,No,Earth Excavation,Windy,Intermediate,4,68.1,71.8
2025-06-22 12:30:00,EXC001,OP1005,2099.4,4.23,8,23.3,Fastened,No,No,Wet Ground,No,No,Demolition,Rainy,Expert,2,95.1,103.6
2025-06-22 13:00:00,LOD001,OP1003,3489.3,5.34,9,15.4,Fastened,No,No,Dry Ground,No,No,Grading,Sunny,Intermediate,4,32.4,26.6
2025-06-22 13:30:00,EXC003,OP1002,2338.7,7.9,15,36.4,Fastened,No,No,Wet Ground,No,No,Earth Excavation,Rainy,Intermediate,3,72.7,89.4
2025-06-22 14:00:00,LOD001,OP1001,3489.7,7.51,13,43.5,Fastened,No,No,Dry Ground,No,No,Earth Excavation,Sunny,Intermediate,4,65.0,70.1
2025-06-22 14:30:00,LOD002,OP1010,3150.0,6.6,12,12.6,Unfastened,No,Yes,Low Visibility,Yes,Yes,Earth Excavation,Cloudy,Intermediate,6,66.8,72.4
2025-06-22 15:00:00,EXC001,OP1002,2100.3,3.94,4,18.6,Unfastened,No,Yes,Dry Ground,No,Yes,Trenching,Sunny,Intermediate,2,41.5,43.0
2025-06-22 15:30:00,LOD002,OP1006,3152.4,7.23,13,29.7,Fastened,No,No,Low Visibility,No,No,Material Loading,Cloudy,Expert,6,25.8,31.3
2025-06-22 16:00:00,EXC003,OP1008,2338.9,5.31,7,32.4,Fastened,No,No,Normal,No,No,Trenching,Sunny,Intermediate,3,44.3,50.3
2025-06-22 16:30:00,EXC004,OP1003,1804.4,4.93,7,29.6,Fastened,Yes,Yes,Reduced Visibility,No,Yes,Demolition,Rainy,Intermediate,5,112.5,129.9
2025-06-22 17:00:00,EXC005,OP1009,4672.5,7.26,13,15.9,Fastened,No,No,Normal,No,No,Earth Excavation,Sunny,Intermediate,7,64.5,61.4
2025-06-22 17:30:00,LOD002,OP1009,3153.4,6.91,15,2.0,Unfastened,No,Yes,Normal,No,Yes,Material Loading,Cloudy,Intermediate,6,26.8,33.1
2025-06-22 18:00:00,EXC001,OP1002,2102.8,4.07,4,17.7,Fastened,No,No,Normal,No,No,Demolition,Sunny,Intermediate,2,98.0,100.1
2025-06-22 18:30:00,EXC004,OP1008,1806.7,7.64,16,15.0,Fastened,No,Yes,Strong Wind,No,No,Material Loading,Windy,Intermediate,5,38.5,58.0
2025-06-22 19:00:00,EXC005,OP1010,4672.8,6.75,10,47.5,Fastened,No,Yes,Reduced Visibility,No,No,Earth Excavation,Rainy,Beginner,7,81.6,92.3
2025-06-22 19:30:00,LOD001,OP1005,3491.2,6.15,10,22.4,Fastened,No,No,Normal,No,No,Earth Excavation,Sunny,Expert,4,54.9,57.2
2025-06-22 20:00:00,EXC005,OP1004,4674.5,5.12,5,28.2,Fastened,No,No,Dusty,No,No,Trenching,Windy,Intermediate,7,51.1,59.5
2025-06-22 20:30:00,EXC001,OP1010,2103.5,4.66,6,31.6,Fastened,No,No,Normal,No,No,Demolition,Sunny,Expert,2,84.2,81.5
2025-06-22 21:00:00,EXC002,OP1005,2618.4,4.88,5,45.0,Fastened,No,No,Low Visibility,No,No,Demolition,Cloudy,Beginner,4,111.5,117.9
2025-06-22 21:30:00,EXC003,OP1004,2341.2,5.08,9,43.8,Fastened,Yes,Yes,Reduced Visibility,No,Yes,Demolition,Rainy,Expert,3,93.9,105.9
2025-06-22 22:00:00,LOD001,OP1008,3493.6,5.43,9,30.9,Fastened,No,No,Normal,No,No,Grading,Sunny,Intermediate,4,40.3,43.4
2025-06-22 22:30:00,EXC002,OP1004,2620.9,4.89,9,18.4,Fastened,No,No,Dusty,No,No,Trenching,Windy,Expert,4,50.7,70.4
2025-06-22 23:00:00,EXC002,OP1010,2622.9,3.23,2,26.2,Fastened,Yes,Yes,Normal,No,Yes,Demolition,Sunny,Intermediate,4,93.5,100.7
2025-06-22 23:30:00,LOD002,OP1006,3155.1,5.01,8,18.6,Unfastened,No,Yes,Normal,No,Yes,Demolition,Sunny,Expert,6,84.1,88.3
2025-06-23 00:00:00,EXC001,OP1002,2104.5,4.96,9,16.7,Fastened,No,No,Wet Ground,No,No,Trenching,Rainy,Intermediate,2,57.6,61.6
2025-06-23 00:30:00,LOD002,OP1005,3155.7,4.86,8,17.8,Fastened,No,No,Wet Ground,No,No,Earth Excavation,Rainy,Expert,6,59.2,71.1
2025-06-23 01:00:00,EXC005,OP1006,4674.8,6.91,12,23.7,Fastened,No,No,Normal,No,No,Material Loading,Sunny,Expert,7,26.2,29.6
2025-06-23 01:30:00,LOD001,OP1005,3495.4,4.88,10,8.9,Fastened,No,No,Normal,No,No,Earth Excavation,Sunny,Expert,4,59.1,56.2
2025-06-23 02:00:00,EXC002,OP1002,2624.9,6.28,11,42.3,Fastened,No,No,Slippery,Yes,No,Earth Excavation,Rainy,Intermediate,4,75.9,80.0
2025-06-23 02:30:00,EXC001,OP1007,2106.6,4.06,5,20.5,Fastened,No,No,Dry Ground,Yes,No,Demolition,Sunny,Intermediate,2,90.8,89.8
2025-06-23 03:00:00,LOD001,OP1004,3497.7,5.04,6,28.2,Fastened,No,No,Dusty,No,No,Demolition,Windy,Expert,4,97.8,101.1
2025-06-23 03:30:00,LOD001,OP1008,3500.0,7.12,13,48.4,Fastened,No,Yes,Reduced Visibility,No,No,Earth Excavation,Rainy,Intermediate,4,64.4,84.5
2025-06-23 04:00:00,LOD001,OP1007,3502.5,5.02,6,26.0,Fastened,No,No,Normal,No,No,Trenching,Sunny,Intermediate,4,50.1,53.3
2025-06-23 04:30:00,EXC001,OP1007,2107.4,4.32,10,5.6,Fastened,No,No,Dry Ground,No,No,Grading,Sunny,Beginner,2,41.3,41.2
2025-06-23 05:00:00,LOD001,OP1009,3504.4,7.22,15,13.6,Fastened,No,No,Low Visibility,No,No,Material Loading,Cloudy,Intermediate,4,30.7,33.7
2025-06-23 05:30:00,LOD001,OP1001,3506.0,3.69,1,47.5,Fastened,No,No,Normal,No,No,Trenching,Sunny,Intermediate,4,49.4,52.4
2025-06-23 06:00:00,EXC005,OP1010,4675.6,5.38,7,47.8,Fastened,No,No,Slippery,No,No,Grading,Rainy,Intermediate,7,41.9,51.6
2025-06-23 06:30:00,LOD001,OP1006,3508.4,5.88,9,55.1,Fastened,No,Yes,Strong Wind,No,No,Demolition,Windy,Intermediate,4,97.8,117.3
2025-06-23 07:00:00,LOD001,OP1006,3510.7,4.13,4,28.9,Unfastened,No,Yes,Normal,No,Yes,Demolition,Cloudy,Intermediate,4,96.8,96.7
2025-06-23 07:30:00,EXC005,OP1006,4676.1,4.41,5,21.4,Fastened,No,No,Dry Ground,No,No,Trenching,Sunny,Intermediate,7,48.0,53.5
2025-06-23 08:00:00,EXC001,OP1006,2107.6,6.86,14,29.1,Fastened,No,No,Dry Ground,No,No,Earth Excavation,Sunny,Expert,2,52.7,54.5
2025-06-23 08:30:00,EXC004,OP1010,1808.4,5.18,7,35.7,Fastened,No,No,Normal,No,No,Demolition,Cloudy,Intermediate,5,95.6,90.4
2025-06-23 09:00:00,EXC001,OP1007,2109.2,7.33,15,32.2,Fastened,No,No,Low Visibility,No,No,Earth Excavation,Cloudy,Intermediate,2,61.8,68.4
2025-06-23 09:30:00,EXC003,OP1010,2343.6,5.64,8,25.1,Fastened,No,No,Low Visibility,No,No,Grading,Cloudy,Intermediate,3,32.3,32.8
2025-06-23 10:00:00,EXC003,OP1006,2344.3,7.69,15,25.8,Fastened,No,No,Normal,No,No,Earth Excavation,Sunny,Expert,3,50.5,53.2
2025-06-23 10:30:00,EXC001,OP1001,2109.6,4.69,5,43.2,Fastened,No,No,Dusty,No,No,Trenching,Windy,Beginner,2,59.8,75.2
2025-06-23 11:00:00,EXC003,OP1003,2345.1,3.79,1,31.8,Fastened,No,No,Dry Ground,No,No,Trenching,Sunny,Beginner,3,49.0,52.5
2025-06-23 11:30:00,EXC001,OP1002,2109.9,7.38,13,36.7,Unfastened,No,Yes,Reduced Visibility,No,Yes,Earth Excavation,Rainy,Intermediate,2,70.3,80.3
2025-06-23 12:00:00,LOD001,OP1006,3511.0,6.06,8,39.5,Fastened,No,Yes,Reduced Visibility,No,No,Demolition,Rainy,Intermediate,4,102.0,114.0
2025-06-23 12:30:00,LOD002,OP1008,3158.0,8.0,13,42.5,Fastened,No,No,Normal,No,No,Earth Excavation,Cloudy,Beginner,6,79.9,86.0
2025-06-23 13:00:00,EXC001,OP1003,2110.9,4.75,6,37.9,Fastened,No,No,Dry Ground,No,No,Demolition,Sunny,Expert,2,81.8,88.0
2025-06-23 13:30:00,LOD002,OP1010,3159.2,5.38,10,15.5,Fastened,No,No,Low Visibility,No,No,Demolition,Cloudy,Intermediate,6,101.6,104.3
2025-06-23 14:00:00,EXC004,OP1008,1808.7,4.9,10,7.0,Fastened,No,No,Dry Ground,No,No,Trenching,Sunny,Intermediate,5,53.6,51.7
2025-06-23 14:30:00,EXC002,OP1008,2625.7,7.11,12,37.1,Fastened,No,Yes,Reduced Visibility,No,No,Grading,Rainy,Intermediate,4,38.0,52.6
2025-06-23 15:00:00,EXC001,OP1005,2112.9,6.33,12,35.7,Fastened,No,No,Dry Ground,No,No,Earth Excavation,Sunny,Expert,2,53.0,52.8
2025-06-23 15:30:00,EXC004,OP1008,1810.3,5.28,6,2.0,Fastened,Yes,Yes,Normal,No,Yes,Grading,Sunny,Intermediate,5,39.4,45.7
2025-06-23 16:00:00,LOD001,OP1006,3512.9,7.11,15,20.9,Fastened,No,No,Dry Ground,No,No,Material Loading,Sunny,Intermediate,4,29.3,33.1
2025-06-23 16:30:00,EXC005,OP1005,4677.4,5.13,8,25.3,Fastened,No,No,Wet Ground,No,No,Trenching,Rainy,Intermediate,7,56.2,77.5
2025-06-23 17:00:00,EXC001,OP1009,2113.8,6.95,13,23.1,Fastened,No,No,Low Visibility,No,No,Trenching,Cloudy,Intermediate,2,47.6,51.0
2025-06-23 17:30:00,EXC001,OP1007,2115.1,6.07,10,25.9,Fastened,Yes,Yes,Low Visibility,No,Yes,Grading,Cloudy,Expert,2,26.1,33.9
2025-06-23 18:00:00,EXC003,OP1008,2346.1,4.41,4,19.7,Fastened,No,No,Normal,No,No,Demolition,Cloudy,Intermediate,3,98.3,104.2
2025-06-23 18:30:00,EXC002,OP1001,2627.8,7.04,13,35.3,Unfastened,No,Yes,Slippery,No,Yes,Earth Excavation,Rainy,Intermediate,4,71.3,88.9
2025-06-23 19:00:00,EXC002,OP1002,2628.7,9.0,18,30.1,Fastened,No,No,Normal,No,No,Material Loading,Sunny,Intermediate,4,27.6,34.6
2025-06-23 19:30:00,EXC002,OP1008,2630.4,7.48,16,13.5,Fastened,No,No,Low Visibility,No,No,Earth Excavation,Cloudy,Intermediate,4,68.9,75.5
2025-06-23 20:00:00,LOD001,OP1009,3513.4,5.86,9,28.4,Fastened,No,No,Normal,No,No,Grading,Cloudy,Intermediate,4,35.4,39.1
2025-06-23 20:30:00,LOD002,OP1004,3161.0,6.25,11,23.5,Fastened,No,No,Dry Ground,No,No,Earth Excavation,Sunny,Expert,6,55.0,57.3
2025-06-23 21:00:00,EXC003,OP1010,2348.4,5.06,6,18.5,Unfastened,No,Yes,Dry Ground,No,Yes,Grading,Sunny,Beginner,3,36.1,43.7
2025-06-23 21:30:00,LOD002,OP1010,3162.6,7.29,10,43.1,Fastened,No,No,Dry Ground,No,No,Earth Excavation,Sunny,Beginner,6,74.9,79.9
2025-06-23 22:00:00,EXC003,OP1009,2349.8,8.03,16,52.6,Fastened,No,No,Normal,No,No,Material Loading,Sunny,Beginner,3,35.7,46.5
2025-06-23 22:30:00,EXC004,OP1004,1812.7,4.71,6,7.9,Fastened,No,No,Dry Ground,No,No,Grading,Sunny,Expert,5,27.9,24.2
2025-06-23 23:00:00,EXC002,OP1010,2632.1,6.96,15,16.3,Fastened,No,No,Dry Ground,No,No,Grading,Sunny,Intermediate,4,37.1,30.8
2025-06-23 23:30:00,EXC005,OP1010,4678.2,6.39,9,32.4,Fastened,No,No,Normal,No,No,Grading,Cloudy,Expert,7,37.2,42.8
2025-06-24 00:00:00,LOD002,OP1010,3163.4,8.02,15,17.0,Fastened,No,No,Normal,Yes,No,Material Loading,Sunny,Intermediate,6,33.2,39.5
2025-06-24 00:30:00,EXC005,OP1009,4680.0,5.03,7,33.6,Fastened,Yes,Yes,Dry Ground,Yes,Yes,Demolition,Sunny,Intermediate,7,100.3,106.0
2025-06-24 01:00:00,EXC003,OP1007,2351.7,7.89,17,34.9,Fastened,No,Yes,Strong Wind,No,No,Material Loading,Windy,Intermediate,3,31.6,47.4
2025-06-24 01:30:00,EXC005,OP1002,4680.9,4.7,7,13.8,Fastened,No,No,Normal,No,No,Demolition,Cloudy,Intermediate,7,104.5,110.7
2025-06-24 02:00:00,EXC001,OP1009,2116.1,6.71,12,20.9,Fastened,No,No,Dry Ground,No,No,Material Loading,Sunny,Intermediate,2,30.6,36.1
2025-06-24 02:30:00,LOD002,OP1004,3165.9,8.11,16,24.0,Fastened,No,No,Normal,No,No,Material Loading,Cloudy,Intermediate,6,35.2,34.9
2025-06-24 03:00:00,EXC004,OP1008,1813.1,7.94,14,55.9,Unfastened,Yes,Yes,Dry Ground,Yes,Yes,Earth Excavation,Sunny,Beginner,5,76.3,88.4
2025-06-24 03:30:00,EXC003,OP1007,2352.9,7.04,12,37.5,Unfastened,No,Yes,Normal,No,Yes,Material Loading,Sunny,Beginner,3,43.5,48.9
2025-06-24 04:00:00,EXC004,OP1007,1813.5,7.21,14,27.2,Fastened,No,No,Normal,No,No,Earth Excavation,Sunny,Intermediate,5,59.8,62.4
2025-06-24 04:30:00,EXC005,OP1008,4683.0,5.11,7,21.3,Fastened,No,No,Normal,No,No,Demolition,Windy,Intermediate,7,101.8,101.6
2025-06-24 05:00:00,EXC001,OP1001,2116.5,7.9,15,38.7,Fastened,No,No,Slippery,No,No,Material Loading,Rainy,Expert,2,32.2,42.7
2025-06-24 05:30:00,EXC005,OP1005,4684.7,5.18,5,44.8,Fastened,Yes,Yes,Slippery,No,Yes,Demolition,Rainy,Intermediate,7,109.6,116.5
2025-06-24 06:00:00,EXC002,OP1002,2632.4,7.03,11,33.5,Fastened,No,Yes,Strong Wind,No,No,Earth Excavation,Windy,Expert,4,58.2,69.1
2025-06-24 06:30:00,LOD001,OP1002,3515.2,6.09,13,10.7,Fastened,No,No,Normal,No,No,Earth Excavation,Windy,Intermediate,4,62.8,72.9
2025-06-24 07:00:00,LOD001,OP1001,3517.3,4.55,5,21.5,Fastened,No,No,Slippery,No,No,Demolition,Rainy,Beginner,4,124.2,134.7
2025-06-24 07:30:00,LOD001,OP1005,3518.4,3.82,5,18.8,Fastened,No,No,Low Visibility,No,No,Trenching,Cloudy,Expert,4,45.8,57.5
2025-06-24 08:00:00,EXC004,OP1002,1814.9,6.46,12,24.5,Fastened,No,No,Dry Ground,No,No,Material Loading,Sunny,Intermediate,5,32.6,39.3
2025-06-24 08:30:00,EXC004,OP1004,1816.0,4.83,7,19.8,Fastened,No,No,Normal,No,No,Demolition,Sunny,Intermediate,5,89.6,92.0
2025-06-24 09:00:00,EXC001,OP1003,2117.4,6.96,16,2.0,Fastened,No,No,Low Visibility,No,No,Material Loading,Cloudy,Intermediate,2,26.7,28.4
2025-06-24 09:30:00,LOD001,OP1003,3520.5,5.94,11,32.5,Fastened,No,No,Low Visibility,No,No,Earth Excavation,Cloudy,Intermediate,4,64.5,59.0
2025-06-24 10:00:00,EXC002,OP1002,2633.2,6.6,11,46.5,Fastened,Yes,Yes,Dusty,No,Yes,Demolition,Windy,Expert,4,90.3,108.5
2025-06-24 10:30:00,EXC004,OP1006,1817.9,5.46,7,38.8,Fastened,No,No,Dry Ground,No,No,Earth Excavation,Sunny,Expert,5,55.7,62.4
2025-06-24 11:00:00,EXC002,OP1002,2633.9,5.83,7,62.4,Fastened,No,No,Normal,No,No,Demolition,Cloudy,Intermediate,4,95.6,102.8
2025-06-24 11:30:00,EXC001,OP1008,2118.2,5.54,7,33.7,Fastened,No,No,Low Visibility,No,No,Earth Excavation,Cloudy,Intermediate,2,61.5,67.8
2025-06-24 12:00:00,EXC005,OP1008,4685.7,7.17,14,17.5,Fastened,No,No,Dry Ground,No,No,Material Loading,Sunny,Expert,7,29.3,34.2
2025-06-24 12:30:00,EXC001,OP1005,2119.8,5.99,12,8.3,Fastened,Yes,Yes,Low Visibility,No,Yes,Earth Excavation,Cloudy,Intermediate,2,66.3,71.7
2025-06-24 13:00:00,LOD001,OP1010,3521.7,5.77,9,29.9,Fastened,No,No,Normal,No,No,Grading,Cloudy,Intermediate,4,34.7,32.6
2025-06-24 13:30:00,EXC003,OP1007,2354.8,4.38,7,6.9,Fastened,No,No,Low Visibility,No,No,Earth Excavation,Cloudy,Beginner,3,74.6,78.6
2025-06-24 14:00:00,EXC001,OP1004,2120.5,5.34,9,14.0,Fastened,No,No,Normal,No,No,Grading,Cloudy,Intermediate,2,37.0,32.4
2025-06-24 14:30:00,EXC004,OP1001,1818.1,8.03,15,50.4,Fastened,No,No,Dry Ground,No,No,Material Loading,Sunny,Expert,5,23.0,30.6
2025-06-24 15:00:00,EXC001,OP1002,2122.4,6.84,14,33.3,Fastened,No,No,Low Visibility,No,No,Earth Excavation,Cloudy,Intermediate,2,61.1,69.6
2025-06-24 15:30:00,EXC002,OP1010,2636.0,4.59,6,24.7,Fastened,No,No,Normal,No,No,Grading,Cloudy,Intermediate,4,37.5,43.4
2025-06-24 16:00:00,EXC005,OP1010,4686.0,8.5,18,12.7,Fastened,No,No,Low Visibility,No,No,Material Loading,Cloudy,Intermediate,7,39.6,39.2
2025-06-24 16:30:00,EXC001,OP1004,2124.0,4.49,5,35.7,Fastened,No,No,Low Visibility,No,No,Earth Excavation,Cloudy,Expert,2,54.6,61.9
2025-06-24 17:00:00,LOD001,OP1001,3522.8,4.38,8,2.0,Fastened,No,No,Normal,No,No,Earth Excavation,Sunny,Intermediate,4,60.6,60.9
2025-06-24 17:30:00,EXC001,OP1008,2126.1,5.3,8,29.6,Fastened,No,No,Dry Ground,No,No,Trenching,Sunny,Expert,2,42.5,44.2
2025-06-24 18:00:00,EXC002,OP1009,2638.2,6.94,12,31.1,Unfastened,No,Yes,Dry Ground,Yes,Yes,Earth Excavation,Sunny,Expert,4,55.8,64.2
2025-06-24 18:30:00,LOD001,OP1004,3524.9,7.84,15,35.4,Fastened,No,No,Dry Ground,No,No,Earth Excavation,Sunny,Beginner,4,68.0,66.8
2025-06-24 19:00:00,EXC003,OP1010,2356.8,6.09,12,19.7,Fastened,No,No,Normal,No,No,Earth Excavation,Cloudy,Intermediate,3,58.4,58.0
2025-06-24 19:30:00,EXC001,OP1003,2126.9,7.63,14,47.4,Fastened,No,No,Wet Ground,No,No,Material Loading,Rainy,Intermediate,2,29.6,45.6
2025-06-24 20:00:00,EXC003,OP1002,2358.8,8.1,16,15.0,Fastened,No,No,Dry Ground,No,No,Material Loading,Sunny,Expert,3,30.4,32.9
2025-06-24 20:30:00,EXC002,OP1005,2639.6,3.95,6,12.6,Fastened,No,No,Dry Ground,No,No,Earth Excavation,Sunny,Expert,4,53.1,56.5
2025-06-24 21:00:00,LOD001,OP1003,3525.3,4.29,4,22.0,Fastened,Yes,Yes,Normal,No,Yes,Demolition,Sunny,Intermediate,4,100.7,105.5
2025-06-24 21:30:00,EXC003,OP1010,2360.1,3.46,4,38.3,Fastened,No,No,Dry Ground,No,No,Demolition,Sunny,Intermediate,3,91.1,100.5
2025-06-24 22:00:00,LOD001,OP1007,3527.6,7.51,14,45.6,Fastened,No,No,Low Visibility,No,No,Earth Excavation,Cloudy,Intermediate,4,66.6,65.4
2025-06-24 22:30:00,LOD002,OP1006,3168.2,7.61,15,29.8,Fastened,No,No,Wet Ground,No,No,Earth Excavation,Rainy,Expert,6,62.3,78.2
2025-06-24 23:00:00,EXC003,OP1001,2360.5,6.45,11,21.5,Fastened,Yes,Yes,Reduced Visibility,No,Yes,Demolition,Rainy,Intermediate,3,107.2,121.3
2025-06-24 23:30:00,LOD002,OP1008,3170.1,8.47,16,20.4,Fastened,No,No,Normal,No,No,Material Loading,Sunny,Intermediate,6,36.0,42.0
2025-06-25 00:00:00,EXC003,OP1002,2362.6,6.59,10,39.6,Fastened,No,No,Dusty,No,No,Trenching,Windy,Intermediate,3,49.0,59.1
2025-06-25 00:30:00,LOD002,OP1005,3170.9,7.97,15,30.9,Fastened,No,No,Dry Ground,No,No,Material Loading,Sunny,Beginner,6,33.3,39.4
2025-06-25 01:00:00,EXC001,OP1009,2128.2,5.52,8,26.1,Fastened,No,No,Normal,No,No,Grading,Cloudy,Intermediate,2,35.7,30.7
2025-06-25 01:30:00,EXC005,OP1008,4687.9,5.32,9,25.0,Fastened,No,No,Low Visibility,No,No,Earth Excavation,Cloudy,Intermediate,7,65.5,65.2
2025-06-25 02:00:00,EXC004,OP1002,1819.3,5.49,7,31.5,Fastened,No,No,Low Visibility,No,No,Grading,Cloudy,Intermediate,5,34.9,40.8
2025-06-25 02:30:00,EXC003,OP1009,2363.0,4.18,6,25.3,Fastened,No,No,Dry Ground,No,No,Grading,Sunny,Intermediate,3,41.0,37.6
2025-06-25 03:00:00,EXC005,OP1005,4689.7,8.22,16,42.7,Fastened,No,No,Dry Ground,No,No,Material Loading,Sunny,Expert,7,28.9,36.2
2025-06-25 03:30:00,EXC005,OP1010,4692.0,4.96,5,37.1,Fastened,Yes,Yes,Normal,No,Yes,Demolition,Cloudy,Intermediate,7,103.0,107.4
2025-06-25 04:00:00,EXC001,OP1006,2129.9,5.16,10,18.3,Fastened,No,No,Dry Ground,No,No,Earth Excavation,Sunny,Intermediate,2,64.4,67.9
2025-06-25 04:30:00,EXC002,OP1003,2641.6,6.04,9,26.0,Fastened,No,No,Normal,No,No,Material Loading,Sunny,Intermediate,4,36.3,33.5
2025-06-25 05:00:00,LOD001,OP1003,3528.6,4.13,5,18.0,Fastened,No,No,Low Visibility,No,No,Trenching,Cloudy,Intermediate,4,44.4,49.7
2025-06-25 05:30:00,EXC005,OP1010,4692.6,5.5,7,57.1,Fastened,No,No,Normal,No,No,Trenching,Cloudy,Beginner,7,59.0,69.5
2025-06-25 06:00:00,LOD002,OP1008,3172.6,5.83,8,21.0,Fastened,No,No,Normal,No,No,Earth Excavation,Cloudy,Expert,6,57.4,57.0
2025-06-25 06:30:00,LOD001,OP1010,3529.6,7.51,14,41.5,Fastened,No,No,Dry Ground,No,No,Trenching,Sunny,Intermediate,4,46.4,46.8
2025-06-25 07:00:00,LOD002,OP1010,3174.7,6.11,8,55.6,Fastened,No,No,Wet Ground,No,No,Earth Excavation,Rainy,Beginner,6,80.9,102.2
2025-06-25 07:30:00,EXC005,OP1002,4693.1,7.52,14,32.9,Fastened,No,No,Dry Ground,No,No,Earth Excavation,Sunny,Intermediate,7,71.2,79.2
2025-06-25 08:00:00,EXC002,OP1002,2642.8,5.34,11,30.3,Fastened,No,No,Normal,No,No,Earth Excavation,Windy,Intermediate,4,65.2,70.2
2025-06-25 08:30:00,EXC001,OP1005,2131.0,5.38,8,17.4,Fastened,No,No,Normal,No,No,Grading,Sunny,Beginner,2,43.0,49.8
2025-06-25 09:00:00,LOD001,OP1006,3532.0,6.44,11,33.4,Fastened,No,No,Normal,No,No,Earth Excavation,Cloudy,Expert,4,54.0,51.7
2025-06-25 09:30:00,EXC005,OP1002,4693.6,7.76,15,24.6,Fastened,No,Yes,Strong Wind,Yes,No,Material Loading,Windy,Beginner,7,39.1,45.4
2025-06-25 10:00:00,EXC001,OP1005,2131.2,6.57,12,22.0,Fastened,No,No,Dry Ground,No,No,Earth Excavation,Sunny,Intermediate,2,64.4,66.9
2025-06-25 10:30:00,EXC003,OP1007,2363.8,5.87,9,43.5,Fastened,No,No,Dry Ground,No,No,Earth Excavation,Sunny,Expert,3,56.7,60.5
2025-06-25 11:00:00,LOD002,OP1010,3176.8,5.43,9,28.8,Fastened,No,No,Normal,No,No,Trenching,Sunny,Intermediate,6,44.9,47.5
2025-06-25 11:30:00,EXC004,OP1010,1820.0,5.94,11,23.8,Fastened,No,No,Normal,No,No,Earth Excavation,Sunny,Intermediate,5,60.9,62.1
2025-06-25 12:00:00,EXC003,OP1008,2364.5,7.07,11,49.5,Fastened,No,No,Normal,No,No,Material Loading,Cloudy,Beginner,3,37.1,37.9
2025-06-25 12:30:00,EXC004,OP1007,1820.5,4.93,6,34.4,Fastened,No,No,Dry Ground,No,No,Trenching,Sunny,Beginner,5,54.3,58.3
2025-06-25 13:00:00,EXC002,OP1008,2644.7,6.92,10,51.6,Fastened,No,Yes,Reduced Visibility,No,No,Demolition,Rainy,Beginner,4,119.8,138.8
2025-06-25 13:30:00,EXC003,OP1009,2364.9,5.58,7,36.7,Fastened,No,No,Low Visibility,No,No,Demolition,Cloudy,Expert,3,84.8,90.5
2025-06-25 14:00:00,EXC003,OP1005,2365.9,5.26,8,15.0,Fastened,No,No,Dry Ground,No,No,Trenching,Sunny,Expert,3,41.3,46.0
2025-06-25 14:30:00,EXC001,OP1005,2132.1,6.33,9,43.0,Fastened,No,Yes,Reduced Visibility,Yes,No,Grading,Rainy,Expert,2,38.7,52.2
2025-06-25 15:00:00,LOD001,OP1010,3533.4,5.74,11,15.6,Unfastened,No,Yes,Dry Ground,No,Yes,Earth Excavation,Sunny,Intermediate,4,65.4,78.1
2025-06-25 15:30:00,EXC003,OP1004,2367.7,7.29,15,10.7,Fastened,No,No,Dry Ground,No,No,Material Loading,Sunny,Expert,3,29.8,35.7
2025-06-25 16:00:00,LOD001,OP1009,3534.9,5.53,9,29.5,Fastened,No,No,Dry Ground,No,No,Grading,Sunny,Intermediate,4,37.4,38.3
2025-06-25 16:30:00,LOD001,OP1005,3537.2,6.42,13,22.6,Fastened,No,No,Normal,No,No,Earth Excavation,Cloudy,Intermediate,4,65.4,72.0
2025-06-25 17:00:00,EXC002,OP1002,2647.0,6.65,12,22.7,Fastened,No,No,Normal,No,No,Earth Excavation,Sunny,Intermediate,4,63.8,65.6
2025-06-25 17:30:00,EXC005,OP1010,4694.7,5.83,9,16.0,Unfastened,No,Yes,Low Visibility,No,Yes,Earth Excavation,Cloudy,Beginner,7,78.9,81.7
2025-06-25 18:00:00,EXC004,OP1008,1822.5,5.42,9,20.6,Fastened,No,No,Normal,No,No,Trenching,Sunny,Expert,5,47.6,46.0
2025-06-25 18:30:00,LOD002,OP1007,3178.7,7.08,12,40.3,Fastened,No,Yes,Strong Wind,No,No,Material Loading,Windy,Intermediate,6,31.4,52.0
2025-06-25 19:00:00,EXC002,OP1008,2649.3,4.98,5,42.3,Fastened,No,No,Slippery,Yes,No,Trenching,Rainy,Expert,4,47.1,52.2
2025-06-25 19:30:00,EXC005,OP1003,4695.9,4.99,7,27.1,Fastened,No,No,Normal,No,No,Trenching,Sunny,Intermediate,7,51.2,50.2
2025-06-25 20:00:00,EXC005,OP1004,4697.3,8.64,15,50.8,Unfastened,No,Yes,Wet Ground,No,Yes,Material Loading,Rainy,Intermediate,7,33.9,47.7
2025-06-25 20:30:00,EXC002,OP1005,2650.5,6.01,11,29.1,Fastened,No,No,Low Visibility,No,No,Grading,Cloudy,Beginner,4,39.2,42.4
2025-06-25 21:00:00,EXC001,OP1006,2134.2,4.33,6,13.1,Fastened,No,No,Normal,No,No,Earth Excavation,Sunny,Intermediate,2,59.3,64.8
2025-06-25 21:30:00,EXC005,OP1001,4698.1,6.21,11,32.8,Fastened,No,No,Dry Ground,No,No,Grading,Sunny,Expert,7,33.9,39.3
2025-06-25 22:00:00,LOD001,OP1004,3538.0,7.54,11,58.6,Unfastened,No,Yes,Normal,No,Yes,Grading,Sunny,Beginner,4,40.4,53.7
2025-06-25 22:30:00,EXC003,OP1010,2368.8,5.39,8,23.4,Fastened,No,No,Wet Ground,No,No,Grading,Rainy,Expert,3,38.4,48.7
2025-06-25 23:00:00,EXC005,OP1005,4698.8,6.49,9,24.6,Fastened,No,No,Normal,No,No,Grading,Cloudy,Intermediate,7,37.7,38.8
2025-06-25 23:30:00,EXC003,OP1007,2370.3,7.73,15,49.9,Fastened,No,No,Normal,No,No,Material Loading,Sunny,Intermediate,3,29.9,34.8
2025-06-26 00:00:00,LOD001,OP1005,3538.5,3.32,3,2.0,Fastened,No,No,Dry Ground,No,No,Earth Excavation,Sunny,Intermediate,4,57.4,55.4
2025-06-26 00:30:00,EXC002,OP1001,2651.4,6.55,11,38.3,Fastened,No,No,Low Visibility,No,No,Material Loading,Cloudy,Expert,4,30.7,30.0
2025-06-26 01:00:00,LOD002,OP1007,3181.0,5.5,9,36.7,Fastened,No,No,Low Visibility,No,No,Demolition,Cloudy,Intermediate,6,100.1,98.7
2025-06-26 01:30:00,EXC002,OP1008,2652.5,7.64,13,54.3,Unfastened,No,Yes,Slippery,No,Yes,Material Loading,Rainy,Intermediate,4,35.3,48.1
2025-06-26 02:00:00,EXC003,OP1007,2372.2,6.63,11,36.1,Fastened,No,No,Normal,No,No,Earth Excavation,Windy,Intermediate,3,67.2,75.6
2025-06-26 02:30:00,EXC001,OP1004,2134.7,6.2,11,2.0,Fastened,No,No,Normal,No,No,Earth Excavation,Sunny,Intermediate,2,61.6,59.3
2025-06-26 03:00:00,EXC001,OP1008,2135.5,5.12,8,32.0,Fastened,No,No,Dry Ground,No,No,Demolition,Sunny,Beginner,2,108.7,118.6
2025-06-26 03:30:00,EXC004,OP1005,1824.5,6.21,10,27.6,Unfastened,Yes,Yes,Dry Ground,Yes,Yes,Earth Excavation,Sunny,Beginner,5,73.1,75.5
2025-06-26 04:00:00,EXC002,OP1010,2654.5,6.83,11,44.8,Fastened,No,Yes,Reduced Visibility,No,No,Earth Excavation,Rainy,Beginner,4,78.5,99.7
2025-06-26 04:30:00,LOD001,OP1009,3539.6,5.44,8,34.3,Fastened,No,No,Dry Ground,No,No,Trenching,Sunny,Intermediate,4,52.5,51.0
2025-06-26 05:00:00,EXC001,OP1010,2137.8,5.0,9,8.8,Fastened,Yes,Yes,Normal,No,Yes,Demolition,Sunny,Intermediate,2,95.7,99.0
2025-06-26 05:30:00,EXC003,OP1005,2374.5,6.69,10,48.9,Fastened,No,No,Wet Ground,No,No,Trenching,Rainy,Intermediate,3,53.5,68.8
2025-06-26 06:00:00,EXC003,OP1001,2376.9,4.49,7,10.9,Unfastened,No,Yes,Normal,No,Yes,Trenching,Sunny,Intermediate,3,46.8,60.0
2025-06-26 06:30:00,EXC001,OP1009,2139.0,6.44,13,16.9,Unfastened,No,Yes,Normal,No,Yes,Material Loading,Sunny,Beginner,2,36.1,42.8
2025-06-26 07:00:00,EXC001,OP1005,2139.7,5.82,11,21.4,Fastened,No,No,Normal,No,No,Earth Excavation,Cloudy,Beginner,2,70.2,70.0
2025-06-26 07:30:00,EXC003,OP1006,2378.6,5.3,10,24.8,Fastened,No,No,Normal,No,No,Demolition,Sunny,Beginner,3,109.9,123.4
2025-06-26 08:00:00,EXC004,OP1004,1826.3,8.43,16,33.3,Fastened,No,No,Normal,No,No,Material Loading,Sunny,Intermediate,5,34.5,34.7
2025-06-26 08:30:00,EXC003,OP1006,2379.0,6.61,13,24.9,Fastened,Yes,Yes,Low Visibility,No,Yes,Material Loading,Cloudy,Beginner,3,36.3,45.7
2025-06-26 09:00:00,EXC004,OP1008,1828.3,3.76,2,21.6,Fastened,No,No,Dry Ground,No,No,Demolition,Sunny,Intermediate,5,96.5,95.5
2025-06-26 09:30:00,EXC005,OP1003,4699.0,6.84,9,49.0,Fastened,No,No,Normal,No,No,Demolition,Sunny,Intermediate,7,99.4,103.3
2025-06-26 10:00:00,EXC001,OP1005,2141.0,7.55,11,49.9,Fastened,No,No,Dusty,No,No,Trenching,Windy,Intermediate,2,50.3,67.9
2025-06-26 10:30:00,EXC004,OP1002,1829.3,5.46,9,10.9,Fastened,No,No,Normal,No,No,Earth Excavation,Sunny,Expert,5,53.6,56.6
2025-06-26 11:00:00,LOD002,OP1002,3182.9,6.08,8,44.1,Fastened,No,No,Slippery,No,No,Grading,Rainy,Intermediate,6,44.7,63.6
2025-06-26 11:30:00,EXC004,OP1007,1830.2,6.15,10,23.3,Fastened,No,No,Dry Ground,No,No,Trenching,Sunny,Intermediate,5,47.4,47.5
2025-06-26 12:00:00,EXC005,OP1010,4701.1,5.2,7,23.0,Fastened,No,No,Low Visibility,No,No,Demolition,Cloudy,Intermediate,7,95.9,104.2
2025-06-26 12:30:00,EXC003,OP1010,2380.6,3.9,2,33.6,Fastened,No,No,Dry Ground,No,No,Demolition,Sunny,Beginner,3,109.7,108.0
2025-06-26 13:00:00,LOD001,OP1010,3541.6,6.11,9,47.3,Fastened,No,No,Dry Ground,No,No,Earth Excavation,Sunny,Beginner,4,72.5,76.4
2025-06-26 13:30:00,LOD001,OP1006,3544.1,5.23,8,15.9,Fastened,No,No,Dry Ground,No,No,Demolition,Sunny,Expert,4,83.6,88.1
2025-06-26 14:00:00,EXC004,OP1004,1832.0,5.12,8,18.1,Unfastened,No,Yes,Low Visibility,No,Yes,Trenching,Cloudy,Intermediate,5,54.9,67.5
2025-06-26 14:30:00,LOD002,OP1005,3185.4,7.34,16,18.3,Fastened,No,No,Normal,No,No,Material Loading,Cloudy,Expert,6,27.8,29.6
2025-06-26 15:00:00,EXC001,OP1001,2141.3,7.21,13,34.1,Fastened,No,No,Normal,No,No,Earth Excavation,Sunny,Intermediate,2,58.4,66.6
2025-06-26 15:30:00,EXC001,OP1007,2142.2,4.6,7,55.1,Fastened,No,No,Normal,No,No,Demolition,Windy,Expert,2,89.7,103.0
2025-06-26 16:00:00,LOD001,OP1008,3544.5,8.26,16,34.6,Fastened,No,No,Dry Ground,No,No,Material Loading,Sunny,Expert,4,27.6,35.0
2025-06-26 16:30:00,LOD001,OP1009,3545.3,7.18,13,22.4,Fastened,No,No,Normal,No,No,Material Loading,Cloudy,Intermediate,4,30.5,39.4
2025-06-26 17:00:00,EXC001,OP1008,2144.4,4.98,7,23.8,Fastened,Yes,Yes,Normal,No,Yes,Demolition,Sunny,Intermediate,2,96.0,96.5
2025-06-26 17:30:00,EXC002,OP1005,2654.8,7.27,15,26.6,Fastened,No,No,Low Visibility,No,No,Material Loading,Cloudy,Intermediate,4,28.8,27.6
2025-06-26 18:00:00,EXC001,OP1003,2145.8,7.72,12,55.8,Fastened,No,Yes,Reduced Visibility,No,No,Trenching,Rainy,Expert,2,48.4,60.4
2025-06-26 18:30:00,EXC002,OP1010,2656.3,4.05,4,2.0,Fastened,No,No,Normal,No,No,Demolition,Cloudy,Intermediate,4,96.7,97.1
2025-06-26 19:00:00,LOD001,OP1009,3546.8,6.82,11,39.6,Unfastened,No,Yes,Dry Ground,No,Yes,Grading,Sunny,Beginner,4,41.8,52.3
2025-06-26 19:30:00,EXC004,OP1006,1833.3,5.35,6,25.4,Fastened,Yes,Yes,Dry Ground,No,Yes,Demolition,Sunny,Intermediate,5,98.0,101.4
2025-06-26 20:00:00,EXC003,OP1005,2382.6,6.15,8,33.4,Fastened,No,No,Wet Ground,No,No,Demolition,Rainy,Intermediate,3,112.8,126.6
2025-06-26 20:30:00,EXC003,OP1003,2383.1,4.43,7,16.0,Fastened,No,No,Dry Ground,No,No,Trenching,Sunny,Expert,3,41.7,43.5
2025-06-26 21:00:00,EXC001,OP1006,2146.7,5.39,10,22.9,Fastened,No,No,Dry Ground,No,No,Trenching,Sunny,Intermediate,2,48.6,55.1
2025-06-26 21:30:00,EXC002,OP1003,2657.9,6.15,10,24.3,Fastened,No,No,Normal,No,No,Earth Excavation,Sunny,Beginner,4,71.9,74.2
2025-06-26 22:00:00,EXC005,OP1010,4702.9,6.52,15,21.2,Fastened,No,No,Dry Ground,No,No,Material Loading,Sunny,Intermediate,7,32.3,29.8
2025-06-26 22:30:00,LOD002,OP1006,3186.5,5.89,9,34.7,Fastened,Yes,Yes,Normal,No,Yes,Trenching,Sunny,Beginner,6,56.2,69.9
2025-06-26 23:00:00,LOD001,OP1004,3549.0,4.71,8,12.1,Fastened,No,No,Dusty,No,No,Grading,Windy,Expert,4,35.9,47.8
2025-06-26 23:30:00,EXC001,OP1002,2147.8,6.67,12,38.1,Fastened,No,No,Slippery,No,No,Earth Excavation,Rainy,Expert,2,60.6,64.4
2025-06-27 00:00:00,LOD002,OP1008,3187.7,7.39,14,44.6,Fastened,No,No,Normal,No,No,Earth Excavation,Cloudy,Beginner,6,79.3,82.9
2025-06-27 00:30:00,LOD001,OP1004,3549.3,6.06,11,20.7,Fastened,No,No,Dry Ground,No,No,Earth Excavation,Sunny,Intermediate,4,63.7,66.1
2025-06-27 01:00:00,LOD001,OP1009,3550.8,7.12,13,26.6,Fastened,No,No,Low Visibility,No,No,Earth Excavation,Cloudy,Expert,4,57.7,58.1
2025-06-27 01:30:00,EXC004,OP1007,1835.1,8.03,13,44.6,Unfastened,Yes,Yes,Normal,Yes,Yes,Material Loading,Cloudy,Beginner,5,35.4,41.0
2025-06-27 02:00:00,EXC003,OP1002,2383.6,5.81,9,30.1,Fastened,No,No,Low Visibility,No,No,Earth Excavation,Cloudy,Intermediate,3,64.5,66.5
2025-06-27 02:30:00,EXC002,OP1004,2658.8,6.11,13,19.8,Fastened,No,No,Dry Ground,No,No,Earth Excavation,Sunny,Intermediate,4,61.7,64.9
2025-06-27 03:00:00,EXC001,OP1005,2149.8,6.08,10,36.7,Unfastened,Yes,Yes,Strong Wind,Yes,Yes,Earth Excavation,Windy,Beginner,2,76.6,92.4
2025-06-27 03:30:00,EXC002,OP1003,2659.8,5.46,5,51.4,Fastened,No,No,Low Visibility,No,No,Grading,Cloudy,Beginner,4,42.5,50.8
2025-06-27 04:00:00,EXC002,OP1009,2660.6,4.82,8,10.2,Fastened,No,No,Dusty,No,No,Grading,Windy,Expert,4,32.9,37.5
2025-06-27 04:30:00,EXC004,OP1005,1836.8,7.99,15,32.0,Fastened,No,No,Dry Ground,No,No,Earth Excavation,Sunny,Intermediate,5,67.8,77.2
2025-06-27 05:00:00,LOD001,OP1002,3551.4,7.27,12,37.0,Fastened,No,No,Dry Ground,No,No,Grading,Sunny,Intermediate,4,33.6,43.2
2025-06-27 05:30:00,EXC004,OP1003,1839.1,4.27,5,18.3,Fastened,No,No,Normal,No,No,Trenching,Sunny,Intermediate,5,44.9,48.6
2025-06-27 06:00:00,EXC001,OP1009,2150.3,5.05,8,16.9,Fastened,No,Yes,Reduced Visibility,No,No,Earth Excavation,Rainy,Expert,2,65.4,76.4
2025-06-27 06:30:00,LOD002,OP1007,3189.5,7.0,13,16.7,Fastened,No,No,Normal,No,No,Material Loading,Sunny,Intermediate,6,32.7,41.4
2025-06-27 07:00:00,LOD002,OP1002,3190.8,7.18,14,25.1,Fastened,No,Yes,Reduced Visibility,No,No,Earth Excavation,Rainy,Intermediate,6,75.1,88.1
2025-06-27 07:30:00,LOD001,OP1009,3553.6,6.22,9,53.4,Fastened,Yes,Yes,Reduced Visibility,No,Yes,Grading,Rainy,Beginner,4,49.6,60.0
2025-06-27 08:00:00,LOD002,OP1004,3191.3,5.88,11,17.8,Fastened,No,No,Low Visibility,No,No,Earth Excavation,Cloudy,Expert,6,56.7,54.1
2025-06-27 08:30:00,EXC004,OP1009,1840.8,3.7,5,4.6,Fastened,No,No,Normal,No,No,Demolition,Cloudy,Intermediate,5,99.3,96.8
2025-06-27 09:00:00,LOD002,OP1002,3192.8,7.11,11,43.5,Fastened,Yes,Yes,Slippery,No,Yes,Earth Excavation,Rainy,Beginner,6,82.2,104.0
2025-06-27 09:30:00,EXC001,OP1010,2151.6,8.44,17,34.7,Fastened,No,No,Low Visibility,No,No,Material Loading,Cloudy,Intermediate,2,34.7,36.9
2025-06-27 10:00:00,EXC003,OP1004,2384.9,4.77,7,36.7,Fastened,No,No,Normal,No,No,Demolition,Sunny,Beginner,3,103.6,103.6
2025-06-27 10:30:00,EXC002,OP1005,2662.4,5.73,11,18.7,Fastened,No,No,Normal,No,No,Earth Excavation,Cloudy,Expert,4,55.5,58.0
2025-06-27 11:00:00,EXC002,OP1002,2664.8,8.16,16,46.6,Fastened,No,No,Normal,No,No,Material Loading,Windy,Intermediate,4,31.4,40.4
2025-06-27 11:30:00,EXC001,OP1010,2152.0,4.78,8,31.1,Fastened,No,No,Dry Ground,No,No,Trenching,Sunny,Intermediate,2,46.8,57.2
2025-06-27 12:00:00,EXC005,OP1001,4703.2,8.14,17,12.7,Fastened,No,No,Normal,No,No,Material Loading,Windy,Intermediate,7,34.5,45.1
2025-06-27 12:30:00,LOD001,OP1007,3555.7,5.79,10,29.1,Fastened,No,No,Dry Ground,No,No,Earth Excavation,Sunny,Intermediate,4,62.7,73.4
2025-06-27 13:00:00,EXC004,OP1010,1841.3,6.8,12,25.0,Fastened,No,No,Dry Ground,No,No,Earth Excavation,Sunny,Intermediate,5,62.6,67.9
2025-06-27 13:30:00,EXC001,OP1001,2154.5,8.12,17,15.5,Fastened,No,No,Normal,No,No,Material Loading,Sunny,Expert,2,27.4,33.9
2025-06-27 14:00:00,LOD001,OP1008,3557.3,5.61,11,24.0,Fastened,No,No,Normal,No,No,Trenching,Sunny,Intermediate,4,45.4,45.8
2025-06-27 14:30:00,EXC005,OP1003,4704.9,7.0,12,43.7,Fastened,No,Yes,Reduced Visibility,Yes,No,Material Loading,Rainy,Intermediate,7,32.4,40.7
2025-06-27 15:00:00,EXC003,OP1010,2385.6,5.41,11,16.8,Fastened,No,No,Normal,No,No,Earth Excavation,Windy,Expert,3,55.9,64.3
2025-06-27 15:30:00,EXC005,OP1006,4705.6,3.6,4,26.8,Fastened,No,No,Slippery,No,No,Trenching,Rainy,Intermediate,7,53.0,61.2
2025-06-27 16:00:00,EXC002,OP1007,2666.5,6.86,12,30.0,Fastened,No,No,Normal,No,No,Material Loading,Windy,Intermediate,4,32.7,39.8
2025-06-27 16:30:00,EXC003,OP1010,2387.9,7.47,15,23.6,Fastened,Yes,Yes,Dry Ground,No,Yes,Material Loading,Sunny,Intermediate,3,35.3,44.4
2025-06-27 17:00:00,LOD002,OP1001,3195.3,3.3,2,25.4,Fastened,No,No,Dry Ground,No,No,Trenching,Sunny,Expert,6,39.9,43.8
2025-06-27 17:30:00,EXC002,OP1006,2667.2,5.25,9,24.8,Fastened,No,No,Low Visibility,No,No,Trenching,Cloudy,Intermediate,4,44.9,47.8
2025-06-27 18:00:00,EXC004,OP1007,1841.8,7.22,13,51.4,Fastened,No,No,Wet Ground,No,No,Earth Excavation,Rainy,Intermediate,5,67.0,70.1
2025-06-27 18:30:00,LOD002,OP1006,3195.6,6.27,11,18.7,Fastened,No,No,Normal,No,No,Earth Excavation,Sunny,Intermediate,6,65.1,70.9
2025-06-27 19:00:00,EXC005,OP1004,4707.8,4.62,5,32.4,Fastened,No,No,Dusty,No,No,Trenching,Windy,Intermediate,7,51.4,60.4
2025-06-27 19:30:00,EXC001,OP1001,2155.3,6.07,11,36.9,Fastened,No,No,Low Visibility,No,No,Earth Excavation,Cloudy,Intermediate,2,59.2,67.3
2025-06-27 20:00:00,EXC001,OP1009,2155.5,9.31,20,32.9,Fastened,No,Yes,Strong Wind,No,No,Material Loading,Windy,Intermediate,2,33.0,54.4
2025-06-27 20:30:00,EXC001,OP1004,2156.3,6.87,13,26.7,Fastened,No,No,Normal,No,No,Material Loading,Sunny,Intermediate,2,28.9,32.7
2025-06-27 21:00:00,EXC005,OP1007,4708.8,4.31,6,17.7,Fastened,Yes,Yes,Low Visibility,Yes,Yes,Trenching,Cloudy,Beginner,7,60.9,64.8
2025-06-27 21:30:00,EXC003,OP1007,2390.4,3.46,2,39.0,Fastened,Yes,Yes,Slippery,Yes,Yes,Trenching,Rainy,Expert,3,46.0,56.3
2025-06-27 22:00:00,EXC001,OP1002,2157.7,8.16,14,57.6,Fastened,No,Yes,Reduced Visibility,No,No,Earth Excavation,Rainy,Intermediate,2,75.5,90.0
2025-06-27 22:30:00,LOD002,OP1001,3196.3,7.15,11,46.0,Fastened,No,No,Normal,No,No,Material Loading,Sunny,Intermediate,6,32.3,37.6
2025-06-27 23:00:00,EXC004,OP1008,1842.8,5.19,7,41.1,Fastened,No,Yes,Strong Wind,Yes,No,Demolition,Windy,Intermediate,5,100.9,109.4
2025-06-27 23:30:00,EXC002,OP1008,2668.1,8.55,15,43.5,Fastened,No,No,Slippery,No,No,Grading,Rainy,Intermediate,4,41.1,60.2
2025-06-28 00:00:00,EXC004,OP1007,1843.0,5.74,10,18.2,Fastened,No,No,Normal,No,No,Grading,Sunny,Intermediate,5,37.6,39.2
2025-06-28 00:30:00,EXC005,OP1008,4709.3,6.62,10,34.3,Fastened,No,No,Dry Ground,No,No,Grading,Sunny,Beginner,7,42.3,45.1
2025-06-28 01:00:00,EXC001,OP1003,2159.5,4.25,7,17.4,Fastened,No,No,Normal,No,No,Trenching,Cloudy,Beginner,2,51.6,54.6
2025-06-28 01:30:00,EXC002,OP1002,2668.6,6.93,12,42.5,Fastened,No,No,Low Visibility,No,No,Earth Excavation,Cloudy,Intermediate,4,66.2,75.0
2025-06-28 02:00:00,LOD001,OP1007,3558.0,7.89,15,53.3,Fastened,No,Yes,Reduced Visibility,No,No,Material Loading,Rainy,Intermediate,4,38.9,60.3
2025-06-28 02:30:00,EXC004,OP1008,1844.0,6.57,13,33.5,Fastened,No,No,Dry Ground,No,No,Earth Excavation,Sunny,Beginner,5,75.5,82.9
2025-06-28 03:00:00,EXC004,OP1001,1846.0,5.08,8,15.3,Fastened,No,No,Low Visibility,No,No,Material Loading,Cloudy,Intermediate,5,32.0,34.9
2025-06-28 03:30:00,EXC003,OP1010,2391.9,5.65,10,22.1,Fastened,No,No,Low Visibility,No,No,Grading,Cloudy,Intermediate,3,40.4,44.6
2025-06-28 04:00:00,EXC001,OP1009,2161.2,6.7,11,34.4,Fastened,No,No,Normal,No,No,Grading,Sunny,Beginner,2,42.0,48.7
2025-06-28 04:30:00,EXC002,OP1004,2670.1,6.7,14,13.6,Fastened,Yes,Yes,Normal,No,Yes,Trenching,Cloudy,Expert,4,42.5,43.6
2025-06-28 05:00:00,EXC003,OP1004,2393.7,7.27,14,27.6,Unfastened,Yes,Yes,Dry Ground,No,Yes,Material Loading,Sunny,Expert,3,26.1,30.3
2025-06-28 05:30:00,EXC002,OP1003,2670.3,7.65,15,36.5,Fastened,Yes,Yes,Dry Ground,No,Yes,Material Loading,Sunny,Intermediate,4,34.0,39.4
2025-06-28 06:00:00,EXC001,OP1006,2163.6,5.29,10,19.5,Unfastened,No,Yes,Low Visibility,No,Yes,Grading,Cloudy,Intermediate,2,31.7,37.2
2025-06-28 06:30:00,LOD001,OP1001,3558.5,6.79,11,36.3,Fastened,No,No,Dusty,No,No,Grading,Windy,Intermediate,4,43.5,52.4
2025-06-28 07:00:00,LOD002,OP1006,3197.4,3.79,3,33.0,Fastened,No,No,Dry Ground,No,No,Demolition,Sunny,Intermediate,6,95.8,103.3
2025-06-28 07:30:00,LOD001,OP1002,3560.5,7.16,14,30.2,Unfastened,No,Yes,Dry Ground,No,Yes,Earth Excavation,Sunny,Expert,4,54.4,66.5
2025-06-28 08:00:00,LOD001,OP1009,3561.7,3.64,5,14.9,Fastened,No,No,Normal,No,No,Trenching,Sunny,Intermediate,4,44.7,43.5
2025-06-28 08:30:00,EXC002,OP1002,2672.7,6.95,13,52.0,Fastened,No,No,Dry Ground,No,No,Earth Excavation,Sunny,Intermediate,4,61.1,64.1
2025-06-28 09:00:00,LOD002,OP1007,3198.7,5.6,9,13.6,Fastened,No,No,Dry Ground,No,No,Earth Excavation,Sunny,Expert,6,59.4,57.4
2025-06-28 09:30:00,EXC002,OP1001,2674.9,5.04,6,43.1,Fastened,No,No,Slippery,No,No,Demolition,Rainy,Intermediate,4,108.6,123.9
2025-06-28 10:00:00,LOD002,OP1007,3200.8,4.76,5,24.6,Fastened,No,No,Dry Ground,No,No,Demolition,Sunny,Beginner,6,108.3,110.5
2025-06-28 10:30:00,LOD002,OP1005,3203.2,7.53,11,64.6,Unfastened,No,Yes,Strong Wind,No,Yes,Earth Excavation,Windy,Intermediate,6,67.1,91.8
2025-06-28 11:00:00,LOD001,OP1008,3564.0,6.14,11,39.0,Unfastened,No,Yes,Dry Ground,No,Yes,Earth Excavation,Sunny,Beginner,4,72.7,78.1
2025-06-28 11:30:00,LOD002,OP1004,3205.5,6.99,12,37.0,Fastened,No,No,Dusty,No,No,Earth Excavation,Windy,Beginner,6,87.2,94.1
2025-06-28 12:00:00,EXC004,OP1010,1847.9,6.32,9,52.1,Fastened,No,No,Dusty,No,No,Grading,Windy,Expert,5,43.9,55.0
2025-06-28 12:30:00,EXC002,OP1007,2675.9,6.02,10,15.5,Fastened,No,No,Low Visibility,No,No,Trenching,Cloudy,Intermediate,4,51.4,52.3
2025-06-28 13:00:00,EXC003,OP1006,2394.1,6.26,10,24.8,Fastened,No,No,Dry Ground,No,No,Earth Excavation,Sunny,Beginner,3,68.7,76.7
2025-06-28 13:30:00,EXC005,OP1005,4711.1,6.51,13,26.7,Fastened,No,No,Normal,No,No,Earth Excavation,Cloudy,Expert,7,61.8,62.2
2025-06-28 14:00:00,EXC001,OP1004,2166.0,5.0,5,43.0,Unfastened,No,Yes,Low Visibility,No,Yes,Trenching,Cloudy,Intermediate,2,45.0,54.7
2025-06-28 14:30:00,EXC005,OP1007,4713.0,6.76,11,24.4,Fastened,No,No,Slippery,No,No,Demolition,Rainy,Intermediate,7,110.1,118.9
2025-06-28 15:00:00,LOD002,OP1005,3207.8,5.54,9,29.1,Fastened,No,No,Normal,No,No,Trenching,Cloudy,Intermediate,6,53.2,61.1
2025-06-28 15:30:00,EXC002,OP1005,2678.0,4.59,6,24.4,Fastened,No,No,Normal,No,No,Trenching,Sunny,Intermediate,4,46.1,51.5
2025-06-28 16:00:00,LOD001,OP1001,3564.6,7.69,16,48.9,Fastened,No,Yes,Reduced Visibility,No,No,Earth Excavation,Rainy,Intermediate,4,70.9,77.7
2025-06-28 16:30:00,LOD002,OP1002,3208.6,8.1,16,31.2,Fastened,No,Yes,Strong Wind,Yes,No,Material Loading,Windy,Expert,6,29.4,45.7
2025-06-28 17:00:00,LOD002,OP1005,3209.6,5.04,8,25.2,Fastened,No,No,Low Visibility,No,No,Grading,Cloudy,Intermediate,6,35.8,33.1
2025-06-28 17:30:00,LOD002,OP1003,3210.2,7.21,11,51.5,Fastened,No,No,Wet Ground,No,No,Earth Excavation,Rainy,Intermediate,6,72.4,88.4
2025-06-28 18:00:00,EXC004,OP1002,1849.4,4.19,5,11.8,Fastened,No,No,Normal,No,No,Trenching,Cloudy,Beginner,5,58.2,70.6
2025-06-28 18:30:00,LOD002,OP1004,3212.6,5.33,7,36.3,Fastened,No,No,Low Visibility,No,No,Grading,Cloudy,Expert,6,36.4,35.1
2025-06-28 19:00:00,LOD001,OP1004,3566.5,7.23,15,11.2,Fastened,No,No,Normal,No,No,Earth Excavation,Cloudy,Intermediate,4,65.2,68.1
2025-06-28 19:30:00,EXC002,OP1004,2679.2,6.5,12,34.3,Fastened,No,No,Slippery,No,No,Material Loading,Rainy,Expert,4,35.8,40.7
2025-06-28 20:00:00,EXC004,OP1004,1849.6,3.48,4,17.8,Fastened,No,No,Normal,No,No,Trenching,Sunny,Intermediate,5,42.1,49.5
2025-06-28 20:30:00,LOD001,OP1003,3567.4,6.75,9,41.8,Fastened,No,No,Normal,No,No,Trenching,Cloudy,Expert,4,43.5,43.3
2025-06-28 21:00:00,EXC002,OP1007,2680.6,9.3,19,31.2,Fastened,No,No,Normal,No,No,Material Loading,Cloudy,Expert,4,26.8,30.5
2025-06-28 21:30:00,EXC005,OP1009,4713.9,6.98,12,32.2,Fastened,No,No,Normal,No,No,Grading,Sunny,Expert,7,39.7,45.9
2025-06-28 22:00:00,EXC005,OP1005,4714.4,8.92,20,12.2,Fastened,No,No,Normal,No,No,Material Loading,Sunny,Beginner,7,36.1,34.8
2025-06-28 22:30:00,EXC002,OP1004,2681.8,9.96,18,51.1,Fastened,No,Yes,Reduced Visibility,No,No,Earth Excavation,Rainy,Beginner,4,84.7,108.7
2025-06-28 23:00:00,EXC004,OP1002,1850.4,7.35,12,31.1,Fastened,No,No,Low Visibility,No,No,Material Loading,Cloudy,Intermediate,5,35.4,42.3
2025-06-28 23:30:00,LOD001,OP1002,3569.7,6.85,14,15.7,Fastened,No,No,Dry Ground,No,No,Material Loading,Sunny,Beginner,4,34.8,37.8
2025-06-29 00:00:00,EXC004,OP1005,1850.8,6.71,11,55.3,Fastened,No,No,Slippery,No,No,Material Loading,Rainy,Expert,5,35.4,44.3
2025-06-29 00:30:00,EXC001,OP1007,2166.3,6.49,12,27.6,Fastened,No,No,Dusty,No,No,Material Loading,Windy,Intermediate,2,36.2,45.0
2025-06-29 01:00:00,EXC001,OP1010,2166.6,6.35,14,2.6,Fastened,No,No,Normal,No,No,Earth Excavation,Cloudy,Intermediate,2,65.4,64.5
2025-06-29 01:30:00,EXC003,OP1010,2395.1,6.95,15,18.8,Fastened,No,No,Dry Ground,No,No,Material Loading,Sunny,Intermediate,3,29.3,36.0
2025-06-29 02:00:00,LOD002,OP1009,3214.3,8.56,18,4.0,Fastened,No,Yes,Strong Wind,No,No,Material Loading,Windy,Intermediate,6,30.1,38.8
2025-06-29 02:30:00,EXC002,OP1007,2683.7,4.93,5,42.5,Fastened,No,No,Normal,No,No,Trenching,Windy,Intermediate,4,57.0,64.6
2025-06-29 03:00:00,EXC005,OP1005,4715.6,6.89,13,23.2,Fastened,No,No,Normal,No,No,Material Loading,Sunny,Intermediate,7,31.2,23.5
2025-06-29 03:30:00,EXC002,OP1010,2685.5,6.61,13,20.6,Fastened,No,No,Dry Ground,No,No,Earth Excavation,Sunny,Expert,4,59.2,70.0
2025-06-29 04:00:00,EXC003,OP1010,2396.1,5.26,10,2.0,Fastened,No,No,Normal,No,No,Trenching,Sunny,Intermediate,3,45.0,46.0
2025-06-29 04:30:00,LOD001,OP1010,3571.5,3.56,2,40.6,Fastened,No,No,Normal,No,No,Demolition,Cloudy,Intermediate,4,102.7,101.8
2025-06-29 05:00:00,LOD001,OP1006,3571.7,4.82,7,28.1,Unfastened,No,Yes,Normal,No,Yes,Trenching,Sunny,Intermediate,4,45.3,57.9
2025-06-29 05:30:00,EXC001,OP1003,2167.7,5.8,8,23.3,Fastened,No,No,Normal,No,No,Trenching,Cloudy,Expert,2,42.9,46.5
2025-06-29 06:00:00,EXC003,OP1005,2398.1,7.39,16,23.3,Fastened,No,No,Dry Ground,No,No,Material Loading,Sunny,Intermediate,3,37.9,45.8
2025-06-29 06:30:00,EXC001,OP1008,2169.7,5.06,9,40.6,Fastened,No,Yes,Strong Wind,No,No,Demolition,Windy,Intermediate,2,94.3,114.3
2025-06-29 07:00:00,EXC004,OP1001,1852.7,5.34,6,41.7,Unfastened,No,Yes,Dry Ground,No,Yes,Demolition,Sunny,Beginner,5,112.3,111.0
2025-06-29 07:30:00,EXC005,OP1001,4716.3,6.69,11,19.7,Fastened,No,No,Normal,No,No,Material Loading,Cloudy,Intermediate,7,33.0,38.8
2025-06-29 08:00:00,EXC001,OP1007,2170.5,4.3,7,2.8,Fastened,No,No,Dusty,No,No,Earth Excavation,Windy,Intermediate,2,68.2,66.9
2025-06-29 08:30:00,EXC002,OP1005,2687.9,4.36,6,37.0,Fastened,No,No,Dry Ground,No,No,Demolition,Sunny,Expert,4,83.2,83.7
2025-06-29 09:00:00,EXC003,OP1005,2398.6,6.89,14,17.8,Fastened,No,No,Dry Ground,No,No,Material Loading,Sunny,Intermediate,3,35.8,39.5
2025-06-29 09:30:00,LOD002,OP1001,3215.0,5.06,6,43.8,Fastened,No,No,Wet Ground,No,No,Trenching,Rainy,Intermediate,6,52.4,63.6
2025-06-29 10:00:00,LOD002,OP1009,3215.5,6.78,12,10.1,Fastened,No,No,Normal,No,No,Grading,Sunny,Intermediate,6,37.2,41.2
2025-06-29 10:30:00,EXC001,OP1001,2171.4,4.26,5,40.6,Fastened,No,No,Slippery,No,No,Trenching,Rainy,Intermediate,2,55.6,66.1
2025-06-29 11:00:00,LOD001,OP1005,3572.4,5.58,10,8.9,Fastened,No,No,Dry Ground,No,No,Earth Excavation,Sunny,Intermediate,4,59.9,63.1
2025-06-29 11:30:00,EXC003,OP1010,2399.9,6.95,12,35.8,Fastened,No,No,Normal,No,No,Grading,Sunny,Expert,3,32.8,39.2
2025-06-29 12:00:00,EXC003,OP1009,2401.2,6.44,13,22.8,Fastened,No,No,Normal,No,No,Material Loading,Windy,Intermediate,3,30.3,33.9
2025-06-29 12:30:00,LOD001,OP1004,3574.7,4.95,8,20.8,Fastened,No,No,Normal,No,No,Trenching,Cloudy,Intermediate,4,47.0,46.2
2025-06-29 13:00:00,LOD002,OP1008,3215.7,6.61,11,28.8,Fastened,No,No,Slippery,No,No,Earth Excavation,Rainy,Intermediate,6,81.0,89.2
2025-06-29 13:30:00,LOD002,OP1006,3216.7,6.59,15,27.5,Fastened,No,No,Dry Ground,No,No,Material Loading,Sunny,Expert,6,32.6,36.7
2025-06-29 14:00:00,EXC004,OP1003,1854.2,8.22,14,44.6,Fastened,No,No,Normal,No,No,Earth Excavation,Sunny,Intermediate,5,65.0,73.2
2025-06-29 14:30:00,EXC003,OP1004,2402.8,5.03,8,32.5,Fastened,No,No,Slippery,No,No,Trenching,Rainy,Beginner,3,62.4,75.2
2025-06-29 15:00:00,LOD001,OP1002,3576.0,6.71,11,43.6,Fastened,No,No,Dry Ground,No,No,Material Loading,Sunny,Intermediate,4,26.5,29.0
2025-06-29 15:30:00,EXC002,OP1001,2690.0,3.47,3,36.0,Fastened,No,No,Normal,No,No,Demolition,Cloudy,Expert,4,86.2,91.8
2025-06-29 16:00:00,EXC004,OP1008,1854.6,7.87,15,18.3,Fastened,No,No,Dry Ground,No,No,Material Loading,Sunny,Intermediate,5,34.3,38.1
2025-06-29 16:30:00,EXC003,OP1001,2404.9,4.99,7,29.7,Fastened,No,No,Dry Ground,No,No,Grading,Sunny,Intermediate,3,34.7,37.9
2025-06-29 17:00:00,EXC005,OP1001,4717.6,7.43,12,49.1,Fastened,No,No,Wet Ground,No,No,Grading,Rainy,Expert,7,39.8,55.3
2025-06-29 17:30:00,EXC002,OP1004,2690.5,7.96,15,35.2,Fastened,No,No,Wet Ground,No,No,Material Loading,Rainy,Intermediate,4,32.9,44.1
2025-06-29 18:00:00,EXC002,OP1010,2692.8,5.36,7,26.3,Fastened,No,No,Normal,No,No,Earth Excavation,Cloudy,Intermediate,4,61.0,68.1
2025-06-29 18:30:00,LOD002,OP1010,3218.4,6.09,11,29.8,Fastened,No,No,Normal,No,No,Demolition,Cloudy,Beginner,6,119.8,124.9
2025-06-29 19:00:00,EXC001,OP1006,2172.0,5.04,7,38.3,Fastened,No,No,Low Visibility,No,No,Trenching,Cloudy,Intermediate,2,53.7,50.4
2025-06-29 19:30:00,EXC004,OP1009,1854.9,6.89,11,31.1,Unfastened,No,Yes,Low Visibility,Yes,Yes,Earth Excavation,Cloudy,Intermediate,5,64.6,72.7
2025-06-29 20:00:00,EXC002,OP1001,2693.3,6.87,13,31.3,Fastened,No,Yes,Reduced Visibility,No,No,Earth Excavation,Rainy,Expert,4,62.2,78.4
2025-06-29 20:30:00,EXC001,OP1007,2173.6,6.07,9,30.9,Fastened,No,No,Normal,No,No,Grading,Sunny,Expert,2,29.3,35.9
2025-06-29 21:00:00,EXC001,OP1010,2174.2,7.26,14,30.7,Fastened,No,No,Normal,No,No,Earth Excavation,Sunny,Expert,2,56.3,58.8
2025-06-29 21:30:00,EXC002,OP1005,2694.0,5.26,9,18.0,Fastened,No,No,Normal,No,No,Earth Excavation,Windy,Intermediate,4,73.2,82.8
2025-06-29 22:00:00,LOD002,OP1008,3218.6,7.37,12,42.7,Fastened,No,No,Dry Ground,No,No,Grading,Sunny,Beginner,6,40.6,43.7
2025-06-29 22:30:00,EXC002,OP1007,2695.9,5.26,8,26.8,Fastened,No,No,Dry Ground,No,No,Demolition,Sunny,Intermediate,4,94.2,88.6
2025-06-29 23:00:00,LOD002,OP1004,3220.7,7.21,13,21.4,Fastened,No,No,Normal,No,No,Material Loading,Cloudy,Intermediate,6,33.2,37.5
2025-06-29 23:30:00,EXC004,OP1004,1856.9,6.76,12,37.7,Fastened,No,No,Slippery,No,No,Earth Excavation,Rainy,Intermediate,5,77.4,89.7
2025-06-30 00:00:00,EXC003,OP1006,2405.4,7.69,15,23.1,Unfastened,No,Yes,Normal,No,Yes,Earth Excavation,Cloudy,Intermediate,3,64.5,74.0
2025-06-30 00:30:00,EXC004,OP1006,1859.2,7.93,16,20.2,Fastened,No,No,Dry Ground,No,No,Material Loading,Sunny,Intermediate,5,27.3,26.9
2025-06-30 01:00:00,EXC004,OP1009,1860.9,6.77,12,35.9,Fastened,No,No,Dusty,No,No,Earth Excavation,Windy,Intermediate,5,70.3,82.1
2025-06-30 01:30:00,LOD001,OP1005,3578.3,6.83,16,10.8,Fastened,No,No,Wet Ground,No,No,Material Loading,Rainy,Expert,4,32.8,39.1
2025-06-30 02:00:00,EXC002,OP1008,2697.1,7.95,13,61.9,Unfastened,No,Yes,Reduced Visibility,No,Yes,Earth Excavation,Rainy,Intermediate,4,69.2,85.0
2025-06-30 02:30:00,EXC003,OP1005,2406.6,4.85,5,34.5,Fastened,No,No,Normal,No,No,Demolition,Sunny,Intermediate,3,95.9,101.9
2025-06-30 03:00:00,LOD002,OP1002,3222.7,7.78,15,27.8,Fastened,No,No,Normal,No,No,Material Loading,Sunny,Intermediate,6,30.9,33.5
2025-06-30 03:30:00,LOD002,OP1006,3223.1,6.57,14,26.4,Fastened,No,No,Dry Ground,No,No,Earth Excavation,Sunny,Intermediate,6,64.6,75.0
2025-06-30 04:00:00,LOD002,OP1009,3224.5,5.25,7,15.5,Fastened,Yes,Yes,Normal,No,Yes,Demolition,Sunny,Intermediate,6,95.8,102.7
2025-06-30 04:30:00,EXC003,OP1003,2408.7,5.7,10,14.2,Fastened,No,No,Dry Ground,No,No,Earth Excavation,Sunny,Intermediate,3,60.9,64.2
2025-06-30 05:00:00,LOD001,OP1001,3580.4,5.54,8,27.3,Fastened,No,No,Dry Ground,No,No,Trenching,Sunny,Intermediate,4,44.4,47.0
2025-06-30 05:30:00,EXC004,OP1001,1863.3,5.52,9,20.7,Fastened,No,No,Normal,No,No,Grading,Cloudy,Beginner,5,45.2,46.3
2025-06-30 06:00:00,EXC004,OP1003,1865.1,4.59,9,9.5,Fastened,No,No,Normal,No,No,Trenching,Cloudy,Expert,5,40.1,33.2
2025-06-30 06:30:00,EXC002,OP1010,2697.8,7.0,11,47.9,Fastened,No,No,Wet Ground,No,No,Trenching,Rainy,Beginner,4,64.7,80.8
2025-06-30 07:00:00,EXC005,OP1005,4717.9,5.64,9,22.0,Fastened,No,No,Normal,No,No,Trenching,Sunny,Intermediate,7,45.6,49.0
2025-06-30 07:30:00,EXC002,OP1003,2699.1,4.82,9,4.5,Fastened,Yes,Yes,Dry Ground,No,Yes,Earth Excavation,Sunny,Intermediate,4,58.9,63.1
2025-06-30 08:00:00,EXC003,OP1009,2410.1,7.16,12,27.8,Fastened,No,No,Dry Ground,No,No,Earth Excavation,Sunny,Intermediate,3,66.0,65.5
2025-06-30 08:30:00,LOD001,OP1008,3581.1,3.97,3,29.0,Fastened,No,No,Dry Ground,No,No,Grading,Sunny,Expert,4,33.0,31.3
2025-06-30 09:00:00,EXC002,OP1003,2699.6,7.39,14,30.1,Fastened,No,No,Normal,No,No,Material Loading,Sunny,Intermediate,4,25.5,26.8
2025-06-30 09:30:00,EXC001,OP1009,2175.8,5.37,10,21.3,Fastened,No,No,Normal,No,No,Trenching,Cloudy,Intermediate,2,47.2,46.8
2025-06-30 10:00:00,EXC001,OP1006,2177.7,5.41,9,37.5,Unfastened,No,Yes,Normal,No,Yes,Trenching,Windy,Beginner,2,58.8,73.5
2025-06-30 10:30:00,LOD002,OP1007,3227.0,5.27,7,25.2,Fastened,No,Yes,Reduced Visibility,No,No,Demolition,Rainy,Expert,6,100.7,119.9
2025-06-30 11:00:00,EXC004,OP1004,1867.1,6.32,12,41.2,Fastened,No,No,Low Visibility,No,No,Demolition,Cloudy,Intermediate,5,95.0,96.7
2025-06-30 11:30:00,EXC003,OP1004,2412.1,6.24,10,33.6,Fastened,No,Yes,Strong Wind,No,No,Material Loading,Windy,Expert,3,28.1,44.3
2025-06-30 12:00:00,LOD001,OP1002,3582.8,4.92,6,28.2,Fastened,No,No,Low Visibility,No,No,Grading,Cloudy,Intermediate,4,38.0,40.0
2025-06-30 12:30:00,LOD001,OP1005,3585.2,7.07,11,39.4,Fastened,No,No,Slippery,No,No,Grading,Rainy,Expert,4,40.8,48.3
2025-06-30 13:00:00,EXC003,OP1008,2413.8,5.84,10,11.5,Fastened,No,No,Normal,No,No,Trenching,Cloudy,Expert,3,39.0,39.4
2025-06-30 13:30:00,EXC005,OP1007,4720.0,8.16,14,39.5,Fastened,No,No,Normal,No,No,Earth Excavation,Cloudy,Intermediate,7,62.4,73.5
2025-06-30 14:00:00,LOD001,OP1007,3587.6,5.89,10,32.6,Fastened,Yes,Yes,Slippery,No,Yes,Earth Excavation,Rainy,Intermediate,4,75.9,80.2
2025-06-30 14:30:00,EXC005,OP1006,4722.4,4.58,7,22.5,Fastened,No,No,Normal,No,No,Grading,Sunny,Intermediate,7,41.1,42.3
2025-06-30 15:00:00,EXC001,OP1003,2178.8,4.85,7,24.5,Fastened,No,No,Normal,No,No,Grading,Cloudy,Intermediate,2,33.9,35.1
2025-06-30 15:30:00,LOD002,OP1005,3227.4,8.34,15,46.6,Fastened,No,No,Normal,No,No,Material Loading,Windy,Intermediate,6,33.2,47.8
2025-06-30 16:00:00,EXC004,OP1001,1867.7,6.71,9,52.9,Fastened,No,No,Slippery,No,No,Earth Excavation,Rainy,Beginner,5,89.6,105.0
2025-06-30 16:30:00,EXC002,OP1007,2699.9,8.73,17,27.6,Fastened,No,No,Dry Ground,No,No,Material Loading,Sunny,Intermediate,4,33.8,36.8
2025-06-30 17:00:00,EXC003,OP1009,2414.2,5.62,9,45.7,Unfastened,No,Yes,Dry Ground,No,Yes,Grading,Sunny,Beginner,3,41.3,52.9
2025-06-30 17:30:00,EXC001,OP1001,2179.4,5.22,5,55.4,Unfastened,No,Yes,Wet Ground,No,Yes,Demolition,Rainy,Beginner,2,124.8,138.3
2025-06-30 18:00:00,EXC001,OP1002,2180.4,4.94,10,23.3,Fastened,No,No,Normal,No,No,Earth Excavation,Windy,Intermediate,2,64.6,70.7
2025-06-30 18:30:00,LOD001,OP1003,3589.0,4.82,6,28.8,Fastened,No,No,Dry Ground,No,No,Grading,Sunny,Beginner,4,42.3,45.7
2025-06-30 19:00:00,EXC001,OP1003,2182.2,6.31,10,37.0,Fastened,No,No,Slippery,No,No,Earth Excavation,Rainy,Expert,2,62.4,74.5
2025-06-30 19:30:00,EXC003,OP1008,2414.9,5.19,8,46.2,Fastened,No,No,Wet Ground,No,No,Grading,Rainy,Expert,3,39.4,52.0
2025-06-30 20:00:00,EXC004,OP1007,1869.4,8.27,16,31.4,Fastened,No,No,Dry Ground,No,No,Material Loading,Sunny,Expert,5,30.5,34.6
2025-06-30 20:30:00,EXC001,OP1006,2184.1,6.19,11,44.1,Fastened,No,Yes,Reduced Visibility,No,No,Earth Excavation,Rainy,Intermediate,2,71.0,96.2
2025-06-30 21:00:00,LOD002,OP1010,3228.9,5.2,7,35.0,Fastened,No,No,Dry Ground,No,No,Grading,Sunny,Intermediate,6,38.6,37.5
2025-06-30 21:30:00,EXC002,OP1010,2702.2,4.99,8,2.0,Fastened,No,No,Normal,No,No,Earth Excavation,Cloudy,Intermediate,4,67.7,72.3
2025-06-30 22:00:00,EXC002,OP1004,2702.6,5.53,9,27.1,Fastened,Yes,Yes,Normal,No,Yes,Grading,Cloudy,Intermediate,4,38.9,52.0
2025-06-30 22:30:00,EXC002,OP1009,2703.2,4.62,6,29.5,Fastened,No,No,Normal,No,No,Earth Excavation,Cloudy,Intermediate,4,64.9,76.3
2025-06-30 23:00:00,EXC002,OP1001,2704.4,5.74,9,26.6,Unfastened,No,Yes,Slippery,No,Yes,Grading,Rainy,Intermediate,4,43.1,46.0
2025-06-30 23:30:00,EXC001,OP1002,2184.6,5.37,9,10.7,Fastened,No,No,Dry Ground,No,No,Demolition,Sunny,Expert,2,86.3,90.2
2025-07-01 00:00:00,LOD001,OP1004,3590.6,5.13,7,32.3,Unfastened,No,Yes,Dusty,Yes,Yes,Trenching,Windy,Intermediate,4,47.8,56.7
2025-07-01 00:30:00,LOD002,OP1003,3230.0,8.56,15,39.3,Fastened,No,No,Slippery,No,No,Material Loading,Rainy,Intermediate,6,37.8,55.5
2025-07-01 01:00:00,EXC002,OP1001,2705.3,7.94,15,47.1,Fastened,No,Yes,Reduced Visibility,Yes,No,Material Loading,Rainy,Expert,4,26.6,47.6
2025-07-01 01:30:00,EXC005,OP1005,4723.0,6.21,8,37.1,Fastened,Yes,Yes,Low Visibility,No,Yes,Earth Excavation,Cloudy,Intermediate,7,65.3,69.0
2025-07-01 02:00:00,LOD001,OP1007,3591.5,9.06,19,28.4,Fastened,No,No,Dry Ground,No,No,Material Loading,Sunny,Intermediate,4,36.9,43.9
2025-07-01 02:30:00,LOD001,OP1002,3593.1,5.33,8,18.0,Fastened,No,No,Low Visibility,No,No,Grading,Cloudy,Beginner,4,40.7,45.0
2025-07-01 03:00:00,EXC003,OP1005,2416.4,4.08,6,22.2,Fastened,No,No,Dusty,No,No,Demolition,Windy,Expert,3,85.2,91.3
2025-07-01 03:30:00,EXC002,OP1006,2705.9,4.83,5,29.0,Fastened,No,No,Dry Ground,No,No,Demolition,Sunny,Intermediate,4,90.8,90.8
2025-07-01 04:00:00,EXC003,OP1007,2416.9,8.6,17,44.2,Fastened,No,No,Normal,No,No,Material Loading,Windy,Intermediate,3,35.5,52.1
2025-07-01 04:30:00,LOD001,OP1001,3593.4,5.26,6,18.0,Fastened,No,Yes,Reduced Visibility,No,No,Grading,Rainy,Intermediate,4,41.5,53.0
2025-07-01 05:00:00,LOD001,OP1007,3593.6,7.31,13,39.0,Fastened,No,No,Wet Ground,No,No,Grading,Rainy,Intermediate,4,38.8,46.7
2025-07-01 05:30:00,EXC002,OP1004,2708.1,7.25,14,27.9,Fastened,No,No,Low Visibility,No,No,Material Loading,Cloudy,Intermediate,4,35.8,35.3
2025-07-01 06:00:00,EXC003,OP1008,2417.2,5.49,10,18.5,Fastened,No,No,Low Visibility,No,No,Earth Excavation,Cloudy,Intermediate,3,64.9,64.4
2025-07-01 06:30:00,LOD002,OP1004,3231.9,5.17,6,41.2,Fastened,No,No,Wet Ground,No,No,Trenching,Rainy,Intermediate,6,51.4,69.7
2025-07-01 07:00:00,LOD001,OP1006,3595.8,7.22,14,6.8,Fastened,No,No,Dry Ground,No,No,Grading,Sunny,Intermediate,4,35.7,37.4
2025-07-01 07:30:00,LOD002,OP1009,3232.3,6.78,10,43.3,Fastened,No,No,Wet Ground,No,No,Material Loading,Rainy,Intermediate,6,43.0,53.1
2025-07-01 08:00:00,LOD001,OP1005,3597.0,5.31,8,22.7,Unfastened,No,Yes,Normal,No,Yes,Grading,Cloudy,Intermediate,4,36.6,39.8
2025-07-01 08:30:00,EXC003,OP1004,2419.6,5.98,8,44.6,Fastened,No,Yes,Reduced Visibility,No,No,Earth Excavation,Rainy,Intermediate,3,66.0,79.0
2025-07-01 09:00:00,EXC005,OP1008,4725.1,3.44,2,26.7,Unfastened,No,Yes,Wet Ground,No,Yes,Demolition,Rainy,Intermediate,7,112.2,120.7
2025-07-01 09:30:00,EXC005,OP1009,4726.4,6.07,11,17.8,Unfastened,No,Yes,Normal,No,Yes,Trenching,Sunny,Intermediate,7,49.3,47.3
2025-07-01 10:00:00,EXC001,OP1004,2186.5,6.81,14,24.5,Fastened,No,No,Dry Ground,No,No,Material Loading,Sunny,Intermediate,2,34.6,44.5
2025-07-01 10:30:00,EXC004,OP1003,1871.5,6.62,9,49.8,Fastened,No,No,Slippery,No,No,Earth Excavation,Rainy,Intermediate,5,71.3,91.2
2025-07-01 11:00:00,EXC005,OP1008,4727.4,7.52,14,14.6,Fastened,No,No,Dry Ground,No,No,Earth Excavation,Sunny,Expert,7,59.1,61.7
2025-07-01 11:30:00,EXC002,OP1005,2710.3,5.46,8,43.8,Fastened,No,No,Low Visibility,No,No,Grading,Cloudy,Expert,4,34.5,41.0
2025-07-01 12:00:00,LOD001,OP1002,3598.3,4.51,5,42.6,Fastened,No,No,Normal,No,No,Demolition,Sunny,Intermediate,4,93.6,95.7
2025-07-01 12:30:00,EXC004,OP1010,1872.9,5.28,9,12.0,Unfastened,No,Yes,Normal,No,Yes,Trenching,Sunny,Expert,5,43.5,48.4
2025-07-01 13:00:00,LOD002,OP1009,3234.8,6.22,10,46.2,Fastened,No,No,Normal,No,No,Earth Excavation,Sunny,Beginner,6,74.9,83.0
2025-07-01 13:30:00,EXC001,OP1003,2188.7,4.05,5,17.1,Fastened,No,Yes,Reduced Visibility,Yes,No,Trenching,Rainy,Expert,2,49.2,66.0
2025-07-01 14:00:00,EXC002,OP1002,2711.4,7.53,13,31.4,Fastened,No,No,Low Visibility,No,No,Earth Excavation,Cloudy,Intermediate,4,67.0,70.4
2025-07-01 14:30:00,EXC005,OP1001,4727.6,6.82,11,35.3,Fastened,No,No,Normal,No,No,Earth Excavation,Cloudy,Intermediate,7,59.3,63.9
2025-07-01 15:00:00,EXC002,OP1008,2713.0,7.14,11,47.2,Fastened,No,Yes,Strong Wind,No,No,Grading,Windy,Beginner,4,40.7,47.7
2025-07-01 15:30:00,LOD001,OP1003,3600.1,3.81,5,23.5,Fastened,Yes,Yes,Normal,No,Yes,Demolition,Sunny,Beginner,4,108.3,124.5
2025-07-01 16:00:00,LOD001,OP1007,3601.8,7.1,14,28.6,Fastened,No,No,Dry Ground,No,No,Earth Excavation,Sunny,Beginner,4,72.1,67.0
2025-07-01 16:30:00,EXC001,OP1001,2191.1,7.5,15,57.1,Fastened,No,Yes,Reduced Visibility,No,No,Material Loading,Rainy,Intermediate,2,32.1,54.6
2025-07-01 17:00:00,EXC004,OP1001,1875.1,7.25,14,25.7,Fastened,No,No,Wet Ground,No,No,Earth Excavation,Rainy,Beginner,5,82.3,104.2
2025-07-01 17:30:00,EXC004,OP1009,1876.4,7.65,14,10.1,Unfastened,No,Yes,Normal,No,Yes,Earth Excavation,Sunny,Expert,5,54.2,58.4
2025-07-01 18:00:00,EXC003,OP1008,2420.0,8.4,15,38.8,Fastened,No,No,Dusty,No,No,Earth Excavation,Windy,Intermediate,3,68.5,74.8
2025-07-01 18:30:00,LOD002,OP1003,3236.1,8.38,15,49.0,Fastened,No,Yes,Strong Wind,No,No,Material Loading,Windy,Intermediate,6,31.7,47.5
2025-07-01 19:00:00,LOD001,OP1006,3603.6,6.45,12,20.1,Fastened,No,No,Dry Ground,No,No,Earth Excavation,Sunny,Expert,4,56.8,59.7
2025-07-01 19:30:00,EXC005,OP1003,4729.2,5.04,7,13.6,Unfastened,No,Yes,Dry Ground,Yes,Yes,Trenching,Sunny,Beginner,7,58.4,62.2
2025-07-01 20:00:00,LOD001,OP1004,3605.0,5.19,9,25.9,Fastened,No,Yes,Reduced Visibility,No,No,Earth Excavation,Rainy,Expert,4,62.0,76.6
2025-07-01 20:30:00,EXC004,OP1001,1877.6,7.83,17,6.1,Fastened,No,No,Dry Ground,No,No,Earth Excavation,Sunny,Intermediate,5,59.0,64.8
2025-07-01 21:00:00,LOD002,OP1005,3236.9,5.27,10,24.2,Fastened,No,No,Dry Ground,No,No,Earth Excavation,Sunny,Intermediate,6,61.3,66.3
2025-07-01 21:30:00,EXC005,OP1001,4730.1,5.76,9,59.3,Unfastened,No,Yes,Wet Ground,No,Yes,Demolition,Rainy,Beginner,7,124.7,139.2
2025-07-01 22:00:00,LOD001,OP1001,3606.4,6.03,11,22.2,Fastened,No,No,Normal,No,No,Grading,Cloudy,Beginner,4,43.2,47.8
2025-07-01 22:30:00,LOD002,OP1010,3237.5,6.24,7,37.9,Fastened,Yes,Yes,Low Visibility,No,Yes,Demolition,Cloudy,Intermediate,6,93.2,97.9
2025-07-01 23:00:00,EXC002,OP1007,2714.0,5.39,7,19.5,Fastened,Yes,Yes,Normal,No,Yes,Trenching,Sunny,Beginner,4,58.6,62.9
2025-07-01 23:30:00,LOD001,OP1006,3607.3,5.65,7,37.2,Fastened,Yes,Yes,Low Visibility,No,Yes,Trenching,Cloudy,Intermediate,4,44.4,58.7
2025-07-02 00:00:00,EXC002,OP1002,2715.5,4.43,6,17.1,Fastened,No,No,Normal,No,No,Trenching,Cloudy,Beginner,4,51.4,52.0
2025-07-02 00:30:00,EXC003,OP1002,2420.3,7.19,12,31.9,Fastened,No,No,Dry Ground,No,No,Earth Excavation,Sunny,Intermediate,3,62.0,64.2
2025-07-02 01:00:00,EXC003,OP1007,2422.4,5.07,7,40.1,Fastened,No,No,Normal,No,No,Grading,Sunny,Beginner,3,41.1,46.1
2025-07-02 01:30:00,LOD002,OP1001,3239.0,5.32,9,25.2,Fastened,No,No,Low Visibility,No,No,Trenching,Cloudy,Expert,6,48.3,47.0
2025-07-02 02:00:00,LOD001,OP1002,3609.1,4.59,7,18.7,Fastened,No,No,Dusty,No,No,Trenching,Windy,Intermediate,4,49.7,54.9
2025-07-02 02:30:00,EXC005,OP1008,4731.9,6.32,12,30.2,Fastened,No,No,Dusty,No,No,Material Loading,Windy,Expert,7,30.3,44.6
2025-07-02 03:00:00,LOD001,OP1006,3609.9,5.25,4,44.0,Fastened,No,No,Dry Ground,No,No,Trenching,Sunny,Intermediate,4,48.7,52.2
2025-07-02 03:30:00,EXC004,OP1002,1878.9,5.06,6,32.1,Fastened,Yes,Yes,Slippery,No,Yes,Demolition,Rainy,Expert,5,100.6,117.3
2025-07-02 04:00:00,LOD002,OP1007,3241.4,4.91,7,30.1,Fastened,No,No,Wet Ground,No,No,Trenching,Rainy,Intermediate,6,49.0,51.7
2025-07-02 04:30:00,EXC004,OP1004,1880.9,7.62,13,53.5,Fastened,No,No,Wet Ground,No,No,Material Loading,Rainy,Intermediate,5,36.4,47.7
2025-07-02 05:00:00,EXC003,OP1002,2424.9,5.49,9,25.6,Fastened,No,No,Normal,No,No,Trenching,Cloudy,Beginner,3,61.4,56.4
2025-07-02 05:30:00,EXC002,OP1006,2717.5,5.64,7,32.6,Fastened,Yes,Yes,Dry Ground,No,Yes,Demolition,Sunny,Intermediate,4,91.7,99.8
2025-07-02 06:00:00,LOD001,OP1009,3610.6,6.66,8,49.5,Fastened,No,Yes,Reduced Visibility,Yes,No,Trenching,Rainy,Beginner,4,62.3,81.9
2025-07-02 06:30:00,LOD001,OP1009,3610.9,6.93,12,25.3,Fastened,Yes,Yes,Normal,No,Yes,Material Loading,Sunny,Intermediate,4,34.3,35.2
2025-07-02 07:00:00,EXC003,OP1008,2426.4,5.8,10,13.1,Fastened,No,No,Normal,No,No,Earth Excavation,Sunny,Beginner,3,72.5,73.3
2025-07-02 07:30:00,EXC001,OP1003,2192.1,4.1,6,5.3,Fastened,No,No,Normal,No,No,Grading,Cloudy,Intermediate,2,33.6,32.1
2025-07-02 08:00:00,LOD001,OP1003,3611.7,6.28,11,25.7,Fastened,No,No,Normal,No,No,Earth Excavation,Windy,Beginner,4,77.3,94.2
2025-07-02 08:30:00,EXC001,OP1002,2194.2,5.33,9,19.1,Fastened,No,No,Normal,No,No,Trenching,Sunny,Intermediate,2,42.2,39.3
2025-07-02 09:00:00,EXC005,OP1005,4732.9,3.87,3,23.1,Fastened,No,No,Low Visibility,No,No,Demolition,Cloudy,Intermediate,7,96.0,99.4
2025-07-02 09:30:00,LOD002,OP1004,3242.3,4.81,5,42.3,Fastened,Yes,Yes,Dry Ground,No,Yes,Demolition,Sunny,Expert,6,89.2,94.9
2025-07-02 10:00:00,EXC003,OP1007,2428.5,5.12,7,41.1,Fastened,No,Yes,Strong Wind,No,No,Trenching,Windy,Intermediate,3,52.6,65.2
2025-07-02 10:30:00,EXC002,OP1004,2719.6,6.22,11,39.8,Fastened,Yes,Yes,Low Visibility,No,Yes,Grading,Cloudy,Intermediate,4,42.8,55.6
2025-07-02 11:00:00,EXC005,OP1009,4734.0,5.12,8,14.0,Fastened,No,No,Normal,No,No,Earth Excavation,Sunny,Intermediate,7,67.0,70.4
2025-07-02 11:30:00,LOD001,OP1002,3613.8,7.05,15,25.1,Fastened,No,No,Normal,No,No,Grading,Sunny,Intermediate,4,36.0,38.0
2025-07-02 12:00:00,EXC004,OP1006,1883.0,8.35,16,50.9,Fastened,Yes,Yes,Normal,No,Yes,Material Loading,Sunny,Beginner,5,33.2,39.6
2025-07-02 12:30:00,LOD002,OP1007,3243.5,7.49,13,45.8,Fastened,No,No,Dry Ground,No,No,Material Loading,Sunny,Beginner,6,40.8,48.0
2025-07-02 13:00:00,EXC001,OP1004,2194.5,3.79,4,19.3,Fastened,No,No,Dry Ground,No,No,Demolition,Sunny,Expert,2,84.5,84.8
2025-07-02 13:30:00,EXC004,OP1006,1883.2,6.55,10,44.7,Fastened,No,No,Low Visibility,No,No,Grading,Cloudy,Intermediate,5,40.3,46.5
2025-07-02 14:00:00,LOD001,OP1007,3615.3,5.93,9,31.7,Fastened,No,No,Normal,No,No,Trenching,Sunny,Intermediate,4,48.5,48.5
2025-07-02 14:30:00,LOD002,OP1004,3244.5,5.74,7,45.6,Fastened,Yes,Yes,Slippery,No,Yes,Grading,Rainy,Intermediate,6,46.2,65.6
2025-07-02 15:00:00,EXC002,OP1008,2722.1,6.73,9,45.7,Fastened,No,No,Dry Ground,Yes,No,Earth Excavation,Sunny,Intermediate,4,57.8,57.4
2025-07-02 15:30:00,LOD001,OP1009,3617.2,5.62,7,28.6,Fastened,No,No,Normal,No,No,Grading,Cloudy,Intermediate,4,33.9,42.0
2025-07-02 16:00:00,EXC004,OP1001,1885.2,7.63,15,32.6,Fastened,No,No,Dry Ground,No,No,Material Loading,Sunny,Intermediate,5,28.9,39.0
2025-07-02 16:30:00,EXC003,OP1007,2430.9,6.91,12,29.6,Fastened,No,No,Dry Ground,No,No,Earth Excavation,Sunny,Beginner,3,72.2,71.0
2025-07-02 17:00:00,EXC001,OP1009,2196.8,7.55,15,34.7,Fastened,No,No,Low Visibility,No,No,Grading,Cloudy,Intermediate,2,35.4,40.9
2025-07-02 17:30:00,LOD002,OP1010,3245.4,5.3,9,31.6,Fastened,No,No,Dry Ground,No,No,Material Loading,Sunny,Intermediate,6,35.2,37.8
2025-07-02 18:00:00,EXC001,OP1005,2197.3,7.02,13,27.3,Fastened,No,No,Wet Ground,No,No,Material Loading,Rainy,Expert,2,31.6,40.4
2025-07-02 18:30:00,EXC002,OP1002,2724.0,4.9,6,43.3,Fastened,Yes,Yes,Normal,Yes,Yes,Trenching,Cloudy,Intermediate,4,55.2,66.4
2025-07-02 19:00:00,EXC002,OP1010,2725.1,6.1,13,4.0,Fastened,No,No,Normal,No,No,Earth Excavation,Cloudy,Intermediate,4,69.4,67.1
2025-07-02 19:30:00,LOD002,OP1006,3246.7,6.83,11,51.9,Fastened,No,No,Normal,No,No,Grading,Sunny,Beginner,6,43.1,47.9
